{"instance": {"c": [135.025, 154.681, 112.436, 139.696, 108.416, 98.9, 112.025, 114.1, 146.72899999999998, 126.644, 145.625, 118.4, 149.524, 122.9, 121.076, 127.6, 148.961, 112.436, 136.56400000000002, 87.956, 100.976, 84.884, 144.529, 114.944, 101.684, 126.644, 106.1, 92.5, 134.51600000000002, 96.569, 151.225, 122.9, 122.9, 125.696, 113.26400000000001, 123.361, 82.769, 145.625, 124.756, 155.849, 80.201, 90.736, 95.921, 82.996, 87.956, 114.521, 149.524, 84.4, 132.5, 102.041, 89.044, 142.361, 116.656, 88.496, 88.225, 133.50400000000002, 99.241, 100.276, 86.129, 94.336, 118.4, 124.289, 155.264, 120.176, 158.804, 135.025, 119.729, 139.16899999999998, 159.401, 96.896, 126.16900000000001, 128.08100000000002, 95.921, 93.104, 83.68900000000001, 83.456, 104.596, 104.225, 126.16900000000001, 104.596, 91.316, 84.161, 86.384, 146.72899999999998, 122.441, 101.684, 142.9, 89.044, 90.164, 95.921, 89.321, 103.489, 95.921, 115.79599999999999, 85.625, 152.94400000000002, 81.236, 131.00900000000001, 154.1, 86.9, 87.956, 111.616, 82.996, 143.441, 133.50400000000002, 133.001, 92.201, 89.6, 89.321, 156.436, 88.496, 95.6, 83.924, 100.625, 114.1, 114.521, 103.124, 155.849, 142.9, 142.9, 155.849, 123.824, 158.209, 109.20400000000001, 81.449, 102.041, 88.225, 138.121, 152.369, 123.361, 134.00900000000001, 152.94400000000002, 131.50400000000002, 92.201, 134.00900000000001, 93.71600000000001, 89.881, 123.361, 105.721, 101.684, 90.164, 153.52100000000002, 140.225, 141.824, 125.225, 94.649, 105.721, 137.6, 111.616, 86.9, 154.681, 130.51600000000002, 103.856, 154.1, 143.98399999999998, 95.281, 142.9, 115.79599999999999, 122.441, 99.929, 88.769, 108.416, 122.9, 118.4, 120.176, 121.529, 102.041, 86.9, 114.521, 106.864, 151.796, 89.881, 146.176, 110.0, 93.104, 86.641, 151.796, 138.121, 129.049, 112.025, 82.544, 150.656, 112.025, 95.921, 90.736, 152.369, 101.32900000000001, 143.98399999999998, 80.609, 116.656, 100.976, 88.225, 82.544, 116.656, 130.51600000000002, 85.625, 117.961, 111.209, 94.964, 92.5], "p": [155, 191, 106, 164, 96, 70, 105, 110, 177, 138, 175, 120, 182, 130, 126, 140, 181, 106, 158, 34, 76, 22, 173, 112, 78, 138, 90, 50, 154, 63, 185, 130, 130, 136, 108, 131, 13, 175, 134, 193, 1, 44, 61, 14, 34, 111, 182, 20, 150, 79, 38, 169, 116, 36, 35, 152, 71, 74, 27, 56, 120, 133, 192, 124, 198, 155, 123, 163, 199, 64, 137, 141, 61, 52, 17, 16, 86, 85, 137, 86, 46, 19, 28, 177, 129, 78, 170, 38, 42, 61, 39, 83, 61, 114, 25, 188, 6, 147, 190, 30, 34, 104, 14, 171, 152, 151, 49, 40, 39, 194, 36, 60, 18, 75, 110, 111, 82, 193, 170, 170, 193, 132, 197, 98, 7, 79, 35, 161, 187, 131, 153, 188, 148, 49, 153, 54, 41, 131, 89, 78, 42, 189, 165, 168, 135, 57, 89, 160, 104, 30, 191, 146, 84, 190, 172, 59, 170, 114, 129, 73, 37, 96, 130, 120, 124, 127, 79, 30, 111, 92, 186, 41, 176, 100, 52, 29, 186, 161, 143, 105, 12, 184, 105, 61, 44, 187, 77, 172, 3, 116, 76, 35, 12, 116, 146, 25, 119, 103, 58, 50], "q": [50.94603630272379, 118.37116863499256, 93.48321299094887, 122.99999999999997, 46.494922064433844, 43.382103688217164, 50.85382100797452, 53.27543153216377, 109.69474789734912, 0, 108.45525922054291, 39.44209262146357, 136.49999999999997, 0, 94.49999999999997, 104.99999999999997, 59.49182303737423, 0, 0, 11.175259576081348, 24.9799919935936, 7.231050313934989, 129.74999999999997, 98.77471561307806, 25.637360203951324, 85.52471869962812, 29.581569466097683, 37.499999999999986, 135.81523396798232, 39.04389331939545, 0, 0, 80.56676399240331, 65.86780625794795, 52.30678732248807, 0, 8.056676399240331, 57.519718406301045, 100.49999999999997, 170.21000101182202, 0.32868410517886315, 0, 0, 8.676420737643435, 0, 97.89279850938986, 59.82050714255309, 17.638342073763937, 72.64831572567788, 69.67145119136755, 28.49999999999999, 149.04399052330527, 38.127356200748125, 0, 30.867098629086893, 134.05139976060593, 62.61611436186198, 45.86108104182958, 23.811761799581316, 0, 0, 43.7149859887888, 118.99091297339567, 60.05594099989371, 148.49999999999994, 96.06037245248086, 92.24999999999997, 0, 123.32912334221739, 0, 66.35212836278579, 0, 45.74999999999999, 45.85968939178624, 0, 11.999999999999996, 64.49999999999999, 63.74999999999998, 102.74999999999999, 41.65170101605532, 34.49999999999999, 6.2449979983984, 24.693678903269515, 132.74999999999997, 0, 25.637360203951324, 127.49999999999996, 18.404239983838398, 13.804732417512252, 45.74999999999999, 24.170029197720993, 73.19911960612033, 0, 0, 18.749999999999993, 140.99999999999994, 0, 129.64181424216494, 62.449979983983994, 9.860523155365893, 11.175259576081348, 91.71937878357248, 10.499999999999998, 82.81907992727277, 134.05139976060593, 113.24999999999997, 16.105521153764293, 24.789773536124095, 0, 145.49999999999997, 26.999999999999993, 29.059326290271148, 15.874507866387544, 56.249999999999986, 68.17187722434127, 53.75975363700163, 0, 93.47416623370553, 105.3565375285274, 0, 170.21000101182202, 98.99999999999999, 0, 0, 3.3902547338649676, 38.26144628219035, 21.691051844108582, 99.77883848289949, 140.24999999999997, 81.18650833080642, 94.82088377567466, 140.99999999999994, 0, 16.105521153764293, 94.82088377567466, 47.62352359916263, 25.409517874527197, 98.24999999999997, 66.74999999999999, 68.78953408767936, 0, 117.13167995818634, 123.74999999999996, 55.21892967004901, 0, 0, 0, 99.15909414449638, 34.183146938601766, 0, 143.24999999999997, 128.75989713847676, 74.08103670980854, 62.449979983983994, 0, 0, 0, 70.65085457795368, 79.94701965400021, 23.993939678057007, 22.93054052091479, 0, 0, 105.83005244258362, 76.8482979619847, 112.003472168401, 48.95980273384509, 9.860523155365893, 83.24999999999997, 30.23893767645541, 139.49999999999997, 0, 85.24069045146204, 61.97443384031024, 32.226705596961324, 0, 115.27244694297704, 141.9886536937997, 126.11414582741214, 34.511831043780624, 5.8118652580542305, 162.2727470786282, 50.85382100797452, 20.049730415910652, 27.268750889736506, 0, 25.308676098772462, 0, 1.8592330152093073, 86.99999999999997, 36.808479967676796, 0, 7.436932060837229, 102.30238402783084, 70.71102730632647, 18.749999999999993, 57.63433047570445, 63.83366685551955, 51.15119201391542, 44.09585518440985], "B": 10812.22276524965}, "solution": [0.0, 1.0, 1.0, 1.0, 0.0, 0.0, 0.0, 0.0, 1.0, 0.0, 1.0, 0.0, 1.0, 0.0, 1.0, 1.0, 0.0, 0.0, 0.0, 0.0, 0.0, 0.0, 1.0, 1.0, 0.0, 1.0, 0.0, 0.0, 1.0, 0.0, 0.0, 0.0, 0.0, 0.0, 0.0, 0.0, 0.0, 0.0, 1.0, 1.0, 0.0, 0.0, 0.0, 0.0, 0.0, 1.0, 0.0, 0.0, 0.0, 0.0, 0.0, 1.0, 0.0, 0.0, 0.0, 1.0, 0.0, 0.0, 0.0, 0.0, 0.0, 0.0, 1.0, 0.0, 1.0, 1.0, 0.0, 0.0, 1.0, 0.0, 0.0, 0.0, 0.0, 0.0, 0.0, 0.0, 0.0, 0.0, 1.0, 0.0, 0.0, 0.0, 0.0, 1.0, 0.0, 0.0, 1.0, 0.0, 0.0, 0.0, 0.0, 0.0, 0.0, 0.0, 0.0, 1.0, 0.0, 1.0, 0.0, 0.0, 0.0, 0.0, 0.0, 1.0, 1.0, 1.0, 0.0, 0.0, 0.0, 1.0, 0.0, 0.0, 0.0, 0.0, 0.0, 0.0, 0.0, 1.0, 1.0, 0.0, 1.0, 1.0, 0.0, 0.0, 0.0, 0.0, 0.0, 0.0, 1.0, 1.0, 1.0, 1.0, 0.0, 0.0, 1.0, 0.0, 0.0, 1.0, 0.0, 0.0, 0.0, 1.0, 1.0, 0.0, 0.0, 0.0, 0.0, 1.0, 0.0, 0.0, 1.0, 1.0, 0.0, 0.0, 0.0, 0.0, 0.0, 0.0, 0.0, 0.0, 0.0, 0.0, 0.0, 1.0, 0.0, 1.0, 0.0, 0.0, 0.0, 0.0, 1.0, 0.0, 1.0, 0.0, 0.0, 0.0, 1.0, 1.0, 1.0, 0.0, 0.0, 1.0, 0.0, 0.0, 0.0, 0.0, 0.0, 0.0, 0.0, 0.0, 0.0, 0.0, 0.0, 1.0, 0.0, 0.0, 0.0, 0.0, 0.0, 0.0], "objective_value": 7502.815, "solve_time": 22.113586902618408}