{"instance": {"c": [106.1, 116.656, 102.041, 100.625, 96.896, 99.584, 118.84100000000001, 135.025, 152.369, 124.289, 88.225, 93.104, 130.51600000000002, 81.881, 139.16899999999998, 96.896, 125.696, 157.025, 135.536, 82.996, 110.40100000000001, 91.609, 108.025, 83.456, 132.001, 96.569, 102.4, 160.0, 128.08100000000002, 96.569, 128.56400000000002, 97.225, 96.569, 102.041, 126.644, 90.449, 134.00900000000001, 91.904, 96.569, 99.584, 88.496, 85.376, 116.656, 130.025, 94.964, 139.696, 86.9, 114.944, 135.536, 144.529, 89.6, 87.689, 93.409, 105.721, 149.524, 106.864, 131.00900000000001, 124.289, 86.384, 105.344, 134.00900000000001, 82.996, 103.856, 80.609, 152.369, 85.129, 84.641, 101.32900000000001, 132.001, 141.289, 141.824, 83.68900000000001, 87.424, 95.921, 119.284, 112.436, 157.616, 158.209, 102.4, 155.849, 83.456, 159.401, 113.26400000000001, 107.636, 104.225, 102.761, 93.71600000000001, 85.625, 91.904, 141.824, 94.336, 155.264, 108.809, 86.129, 128.56400000000002, 89.6, 121.529, 118.84100000000001, 80.201, 98.224, 91.025, 82.321, 80.404, 118.84100000000001, 87.689, 131.50400000000002, 108.809, 127.6, 94.025, 137.6, 122.9, 110.40100000000001, 98.9, 149.524, 139.16899999999998, 149.524, 91.904, 135.536, 126.644, 116.656, 88.225, 87.689, 157.616, 143.441, 145.625, 103.489, 155.264, 157.616, 111.209, 81.449, 136.56400000000002, 121.076, 120.625, 160.0, 145.07600000000002, 111.616, 123.824, 110.0, 154.681, 87.689, 114.1, 122.9, 118.84100000000001, 95.921, 117.089, 89.044, 124.289, 85.876, 102.041, 137.6, 90.736, 122.441, 117.961, 87.424, 87.956, 133.001, 156.436, 135.025, 106.481, 142.9, 153.52100000000002, 129.049, 84.641, 104.225, 120.176, 85.129, 130.025, 95.281, 81.664, 98.224, 103.856, 141.824, 108.809, 82.1, 123.824, 110.804, 94.964, 82.1, 95.921, 125.225, 139.16899999999998, 106.1, 114.944, 155.849, 106.481, 97.556, 140.225, 138.121, 96.896, 80.816, 131.00900000000001, 99.929, 106.864, 85.876, 152.369, 137.08100000000002, 110.40100000000001, 121.529, 95.6, 81.449], "p": [90, 116, 79, 75, 64, 72, 121, 155, 187, 133, 35, 52, 146, 9, 163, 64, 136, 195, 156, 14, 101, 47, 95, 16, 149, 63, 80, 200, 141, 63, 142, 65, 63, 79, 138, 43, 153, 48, 63, 72, 36, 24, 116, 145, 58, 164, 30, 112, 156, 173, 40, 33, 53, 89, 182, 92, 147, 133, 28, 88, 153, 14, 84, 3, 187, 23, 21, 77, 149, 167, 168, 17, 32, 61, 122, 106, 196, 197, 80, 193, 16, 199, 108, 94, 85, 81, 54, 25, 48, 168, 56, 192, 97, 27, 142, 40, 127, 121, 1, 68, 45, 11, 2, 121, 33, 148, 97, 140, 55, 160, 130, 101, 70, 182, 163, 182, 48, 156, 138, 116, 35, 33, 196, 171, 175, 83, 192, 196, 103, 7, 158, 126, 125, 200, 174, 104, 132, 100, 191, 33, 110, 130, 121, 61, 117, 38, 133, 26, 79, 160, 44, 129, 119, 32, 34, 151, 194, 155, 91, 170, 189, 143, 21, 85, 124, 23, 145, 59, 8, 68, 84, 168, 97, 10, 132, 102, 58, 10, 61, 135, 163, 90, 112, 193, 91, 66, 165, 161, 64, 4, 147, 73, 92, 26, 187, 159, 101, 127, 60, 7], "q": [29.581569466097683, 102.30238402783084, 25.966044309130186, 24.65130788841474, 47.999999999999986, 23.665255572878145, 106.71196954627182, 116.24999999999997, 140.24999999999997, 99.74999999999997, 21.691051844108582, 0, 109.49999999999997, 7.937253933193772, 53.57550914415469, 56.4426946360446, 84.28523002282192, 0, 0, 6.780509467729935, 33.197094623065176, 15.448152943406567, 31.224989991991997, 7.749153677405641, 131.40564844954133, 39.04389331939545, 49.57954707224819, 176.3834207376394, 68.28941678213721, 30.51229260478471, 46.673142935398566, 40.283381996201655, 39.04389331939545, 25.966044309130186, 45.35840651468312, 20.82585050802766, 50.28866809236606, 0, 55.560777532356404, 23.665255572878145, 0, 17.999999999999996, 102.30238402783084, 89.86292906844984, 51.15119201391542, 122.99999999999997, 26.457513110645905, 54.24407574183948, 116.99999999999997, 56.86235019594332, 0, 10.846575470902483, 32.846449935364426, 66.74999999999999, 59.82050714255309, 30.23893767645541, 0, 82.42599700761262, 17.35284147528687, 0, 94.82088377567466, 12.346839451634757, 40.68305680637961, 2.6457513110645907, 115.89219128138014, 17.249999999999996, 10.170764201594903, 25.308676098772462, 131.40564844954133, 80.88179150792136, 0, 12.749999999999996, 19.831818828899276, 53.79694332498001, 0, 93.48321299094887, 146.99999999999997, 0, 0, 0, 14.11067365901115, 96.38009886273265, 95.24704719832526, 30.896305886813135, 41.16737891121746, 60.74999999999998, 0, 8.217102629471578, 35.99999999999999, 125.99999999999997, 0, 92.98984412886769, 46.97924416927169, 13.076696830622017, 125.23222872372396, 13.147364207154526, 0, 58.602974685380154, 0.6197443384031024, 22.350519152162697, 39.68626966596886, 0, 0.6573682103577263, 58.602974685380154, 15.982629459649134, 0, 60.115200825100935, 67.80509467729935, 26.637715766081886, 77.49153677405641, 97.49999999999997, 75.74999999999999, 33.902547338649676, 0, 53.57550914415469, 160.50891287125185, 15.776837048585431, 137.5790681753587, 0, 86.99999999999997, 21.691051844108582, 29.103264421710495, 172.8557523228866, 0, 84.7563683466242, 62.249999999999986, 118.99091297339567, 146.99999999999997, 90.83746167988427, 4.338210368821717, 51.93208861826037, 111.12155506471281, 0, 0, 107.8355148821398, 0, 81.80625266920951, 74.99999999999997, 143.24999999999997, 15.982629459649134, 82.49999999999997, 114.6492234794656, 90.74999999999997, 53.79694332498001, 72.51008759316298, 23.55028485931789, 82.42599700761262, 19.499999999999993, 59.249999999999986, 52.589456828618104, 32.99999999999999, 0, 104.94813533889544, 0, 0, 113.24999999999997, 93.95848833854338, 0, 68.24999999999999, 127.49999999999996, 141.74999999999997, 0, 18.520259177452136, 63.74999999999998, 60.05594099989371, 7.559734419113853, 127.87798003478855, 28.575004185433297, 0, 59.970363050797395, 62.999999999999986, 125.99999999999997, 46.97924416927169, 6.197443384031024, 81.80625266920951, 49.40085469346096, 28.090682080595446, 8.819171036881968, 53.79694332498001, 44.37235419914652, 53.57550914415469, 79.37253933193772, 69.41136590114748, 144.74999999999994, 44.073311540244575, 21.693150941804966, 54.232877354512425, 77.97585887889426, 47.999999999999986, 0, 0, 54.749999999999986, 0, 16.113352798480662, 164.91849838969281, 98.53934980609328, 75.74999999999999, 95.24999999999999, 44.999999999999986, 4.338210368821717], "B": 7930.435263454485}, "solution": [0.0, 1.0, 0.0, 0.0, 0.0, 0.0, 1.0, 1.0, 1.0, 1.0, 0.0, 0.0, 1.0, 0.0, 0.0, 0.0, 0.0, 0.0, 0.0, 0.0, 0.0, 0.0, 0.0, 0.0, 1.0, 0.0, 0.0, 1.0, 0.0, 0.0, 0.0, 0.0, 0.0, 0.0, 0.0, 0.0, 0.0, 0.0, 0.0, 0.0, 0.0, 0.0, 1.0, 0.0, 0.0, 1.0, 0.0, 0.0, 1.0, 0.0, 0.0, 0.0, 0.0, 0.0, 0.0, 0.0, 0.0, 0.0, 0.0, 0.0, 1.0, 0.0, 0.0, 0.0, 1.0, 0.0, 0.0, 0.0, 1.0, 0.0, 0.0, 0.0, 0.0, 0.0, 0.0, 0.0, 1.0, 0.0, 0.0, 0.0, 0.0, 1.0, 0.0, 0.0, 0.0, 0.0, 0.0, 0.0, 0.0, 1.0, 0.0, 0.0, 0.0, 0.0, 1.0, 0.0, 0.0, 0.0, 0.0, 0.0, 0.0, 0.0, 0.0, 0.0, 0.0, 0.0, 0.0, 0.0, 0.0, 0.0, 1.0, 0.0, 0.0, 0.0, 0.0, 1.0, 0.0, 1.0, 0.0, 0.0, 0.0, 0.0, 1.0, 0.0, 0.0, 0.0, 1.0, 1.0, 0.0, 0.0, 0.0, 1.0, 0.0, 0.0, 1.0, 0.0, 0.0, 0.0, 1.0, 0.0, 0.0, 1.0, 0.0, 0.0, 0.0, 0.0, 0.0, 0.0, 0.0, 0.0, 0.0, 0.0, 1.0, 0.0, 0.0, 1.0, 1.0, 0.0, 0.0, 1.0, 1.0, 0.0, 0.0, 0.0, 0.0, 0.0, 1.0, 0.0, 0.0, 0.0, 0.0, 1.0, 0.0, 0.0, 0.0, 0.0, 0.0, 0.0, 0.0, 0.0, 0.0, 0.0, 0.0, 1.0, 0.0, 0.0, 0.0, 0.0, 0.0, 0.0, 0.0, 0.0, 0.0, 0.0, 1.0, 1.0, 0.0, 1.0, 0.0, 0.0], "objective_value": 5432.053999999998, "solve_time": 55.52709913253784}