{"instance": {"c": [92.201, 87.956, 110.0, 117.524, 126.16900000000001, 110.804, 87.424, 139.696, 135.025, 109.20400000000001, 129.049, 94.025, 112.025, 114.521, 107.636, 140.756, 123.824, 152.369, 106.1, 103.124, 116.225, 129.049, 97.889, 81.881, 96.896, 86.129, 121.529, 156.436, 137.08100000000002, 121.076, 110.40100000000001, 97.556, 106.1, 107.636, 151.796, 86.129, 152.94400000000002, 137.08100000000002, 93.104, 140.756, 82.769, 148.4, 135.025, 125.225, 143.441, 89.6, 152.94400000000002, 92.801, 94.025, 120.625, 118.4, 153.52100000000002, 149.524, 136.56400000000002, 115.369, 133.50400000000002, 150.089, 141.824, 144.529, 90.736, 84.884, 140.225, 123.361, 160.0, 86.129, 110.804, 130.025, 144.529, 84.641, 143.98399999999998, 80.816, 82.769, 141.289, 149.524, 147.284, 89.881, 105.344, 114.944, 87.689, 129.049, 86.129, 142.9, 94.336, 143.441, 94.025, 110.0, 95.921, 101.32900000000001, 83.456, 122.9, 133.50400000000002, 110.40100000000001, 159.401, 156.436, 149.524, 158.804, 157.616, 131.50400000000002, 96.569, 118.4, 81.449, 119.284, 158.804, 80.404, 85.129, 121.529, 124.756, 154.1, 117.961, 137.08100000000002, 121.529, 129.536, 118.84100000000001, 158.804, 90.736, 137.6, 154.681, 122.441, 109.601, 146.72899999999998, 119.729, 131.50400000000002, 100.276, 148.961, 119.729, 111.616, 141.289, 88.225, 126.644, 89.881, 134.51600000000002, 114.521, 92.5, 157.616, 133.50400000000002, 84.641, 150.656, 122.9, 83.68900000000001, 92.5, 91.316, 83.68900000000001, 137.08100000000002, 123.824, 104.596, 155.849, 152.369, 159.401, 138.644, 110.804, 113.681, 140.756, 157.025, 128.56400000000002, 82.1, 102.761, 133.001, 81.664, 138.644, 112.849, 117.524, 149.524, 84.641, 123.824, 87.689, 116.225, 130.025, 138.121, 82.321, 96.569, 160.0, 84.4, 103.489, 86.641, 83.924, 91.609, 156.436, 82.996, 86.129, 147.284, 83.225, 105.344, 102.4, 102.041, 106.1, 100.625, 147.841, 129.536, 117.961, 151.225, 154.681, 86.9, 87.424, 81.025, 80.404, 143.98399999999998, 154.1, 89.881, 132.5, 87.956], "p": [49, 34, 100, 118, 137, 102, 32, 164, 155, 98, 143, 55, 105, 111, 94, 166, 132, 187, 90, 82, 115, 143, 67, 9, 64, 27, 127, 194, 159, 126, 101, 66, 90, 94, 186, 27, 188, 159, 52, 166, 13, 180, 155, 135, 171, 40, 188, 51, 55, 125, 120, 189, 182, 158, 113, 152, 183, 168, 173, 44, 22, 165, 131, 200, 27, 102, 145, 173, 21, 172, 4, 13, 167, 182, 178, 41, 88, 112, 33, 143, 27, 170, 56, 171, 55, 100, 61, 77, 16, 130, 152, 101, 199, 194, 182, 198, 196, 148, 63, 120, 7, 122, 198, 2, 23, 127, 134, 190, 119, 159, 127, 144, 121, 198, 44, 160, 191, 129, 99, 177, 123, 148, 74, 181, 123, 104, 167, 35, 138, 41, 154, 111, 50, 196, 152, 21, 184, 130, 17, 50, 46, 17, 159, 132, 86, 193, 187, 199, 162, 102, 109, 166, 195, 142, 10, 81, 151, 8, 162, 107, 118, 182, 21, 132, 33, 115, 145, 161, 11, 63, 200, 20, 83, 29, 18, 47, 194, 14, 27, 178, 15, 88, 80, 79, 90, 75, 179, 144, 119, 185, 191, 30, 32, 5, 2, 172, 190, 41, 150, 34], "q": [36.74999999999999, 21.07130750570548, 61.97443384031024, 88.49999999999997, 0, 63.21392251711645, 19.831818828899276, 0, 136.6971510716705, 73.49999999999999, 69.25806099181291, 0, 92.60129588726068, 83.24999999999997, 30.896305886813135, 102.87756017491499, 0, 90.56823360467843, 55.776990456279215, 72.31720250243215, 86.24999999999997, 47.00182704057743, 50.249999999999986, 4.358898943540672, 39.66363765779855, 0, 112.003472168401, 145.49999999999997, 0, 78.0877866387909, 48.9165325886231, 31.965258919298268, 79.37253933193772, 82.90020774669051, 61.135243563268546, 8.874470839829305, 0, 140.2248194864233, 32.226705596961324, 0, 8.056676399240331, 0, 75.06992624986714, 83.66548568441883, 150.8078247306817, 0, 165.80041549338102, 16.76288936412202, 34.08593861217064, 93.74999999999997, 0, 62.121295878805135, 112.79346958936463, 118.49999999999997, 37.141303885211535, 0, 0, 55.21892967004901, 129.74999999999997, 0, 16.499999999999996, 54.232877354512425, 63.44619573375868, 96.86442096757051, 16.733097136883764, 89.95554457619608, 89.86292906844984, 83.78772413694848, 6.902366208756126, 0, 0, 6.296187362892082, 147.28015631592888, 0, 110.31449223575223, 25.409517874527197, 65.99999999999999, 69.41136590114748, 20.45156316730238, 47.00182704057743, 23.811761799581316, 127.49999999999996, 27.12203787091974, 56.2049819855856, 41.249999999999986, 88.1917103688197, 53.79694332498001, 47.720314057038884, 7.749153677405641, 0, 134.05139976060593, 75.74999999999999, 0, 63.76471640469945, 160.50891287125185, 65.0794528254149, 172.8557523228866, 48.645247566471745, 55.560777532356404, 0, 5.249999999999999, 91.49999999999999, 174.61958653026298, 0, 14.254119783271355, 0, 83.04574134601572, 0, 0, 0, 0, 0, 0, 65.0794528254149, 0, 141.1067365901115, 0, 96.74999999999997, 32.53972641270745, 109.69474789734912, 76.22855362358159, 110.99999999999997, 45.86108104182958, 112.17372525096152, 108.47580375364822, 34.183146938601766, 0, 21.691051844108582, 121.70456030897117, 36.158601251216076, 135.81523396798232, 0, 24.216105241892627, 146.99999999999997, 134.05139976060593, 6.902366208756126, 89.11526729016487, 97.49999999999997, 8.233475782243493, 16.434205258943155, 15.119468838227705, 12.749999999999996, 98.53934980609328, 0, 0, 119.61065731179878, 61.463927668447404, 96.38009886273265, 78.4601809837321, 33.52577872824404, 81.74999999999999, 54.56156145969128, 120.85014598860498, 0, 3.2868410517886315, 0, 93.58139509886846, 4.957954707224819, 142.8705707974879, 35.16919925413836, 38.78472441110585, 59.82050714255309, 15.749999999999996, 98.99999999999999, 0, 37.79867209556926, 70.22670520148861, 120.74999999999997, 3.6155251569674944, 30.51229260478471, 123.94886768062048, 17.638342073763937, 40.19873470154176, 0, 5.916313893219536, 15.448152943406567, 171.0919181155102, 8.676420737643435, 0, 133.49999999999997, 11.249999999999996, 0, 38.74576838702821, 25.966044309130186, 79.37253933193772, 0, 86.6936567659756, 89.24318473004675, 57.63433047570445, 163.15466418231642, 143.24999999999997, 18.592330152093073, 23.999999999999993, 4.409585518440984, 0.9686442096757051, 0, 92.02119991919197, 19.857206298351954, 49.30261577682948, 16.466951564486987], "B": 8665.573754799649}, "solution": [0.0, 0.0, 0.0, 0.0, 0.0, 0.0, 0.0, 0.0, 1.0, 0.0, 0.0, 0.0, 0.0, 0.0, 0.0, 1.0, 0.0, 1.0, 0.0, 0.0, 0.0, 0.0, 0.0, 0.0, 0.0, 0.0, 1.0, 1.0, 0.0, 0.0, 0.0, 0.0, 0.0, 0.0, 0.0, 0.0, 0.0, 1.0, 0.0, 0.0, 0.0, 0.0, 0.0, 0.0, 1.0, 0.0, 1.0, 0.0, 0.0, 0.0, 0.0, 0.0, 1.0, 1.0, 0.0, 0.0, 0.0, 0.0, 1.0, 0.0, 0.0, 0.0, 0.0, 1.0, 0.0, 0.0, 0.0, 0.0, 0.0, 0.0, 0.0, 0.0, 1.0, 0.0, 1.0, 0.0, 0.0, 0.0, 0.0, 0.0, 0.0, 1.0, 0.0, 0.0, 0.0, 0.0, 0.0, 0.0, 0.0, 0.0, 1.0, 0.0, 0.0, 0.0, 1.0, 0.0, 1.0, 0.0, 0.0, 0.0, 0.0, 0.0, 1.0, 0.0, 0.0, 0.0, 0.0, 0.0, 0.0, 0.0, 0.0, 0.0, 0.0, 0.0, 0.0, 1.0, 0.0, 0.0, 0.0, 1.0, 0.0, 1.0, 0.0, 1.0, 1.0, 0.0, 0.0, 0.0, 1.0, 0.0, 1.0, 0.0, 0.0, 1.0, 1.0, 0.0, 1.0, 0.0, 0.0, 0.0, 0.0, 0.0, 0.0, 0.0, 0.0, 1.0, 0.0, 1.0, 0.0, 0.0, 0.0, 0.0, 1.0, 0.0, 0.0, 0.0, 0.0, 0.0, 1.0, 0.0, 0.0, 0.0, 0.0, 0.0, 0.0, 0.0, 0.0, 1.0, 0.0, 0.0, 1.0, 0.0, 0.0, 0.0, 0.0, 0.0, 1.0, 0.0, 0.0, 1.0, 0.0, 0.0, 0.0, 0.0, 0.0, 0.0, 0.0, 0.0, 0.0, 1.0, 1.0, 0.0, 0.0, 0.0, 0.0, 0.0, 1.0, 0.0, 0.0, 0.0], "objective_value": 5821.343999999999, "solve_time": 30.585699796676636}