{"instance": {"c": [94.649, 126.644, 147.841, 127.6, 81.664, 99.241, 115.369, 109.20400000000001, 150.089, 87.161, 96.896, 153.52100000000002, 99.584, 95.6, 146.176, 113.26400000000001, 103.856, 98.224, 128.08100000000002, 123.361, 131.50400000000002, 111.616, 155.849, 83.225, 146.72899999999998, 106.1, 83.68900000000001, 152.369, 101.684, 92.5, 94.025, 81.881, 120.625, 101.32900000000001, 108.025, 150.089, 147.841, 87.161, 116.656, 80.404, 134.51600000000002, 125.225, 157.616, 140.225, 90.449, 81.025, 81.881, 110.0, 125.696, 118.84100000000001, 123.361, 97.556, 116.225, 129.049, 89.881, 92.5, 80.816, 137.08100000000002, 105.721, 88.769, 103.124, 91.316, 130.025, 145.07600000000002, 105.721, 80.201, 98.224, 135.536, 80.404, 138.644, 94.649, 129.536, 95.281, 132.5, 146.72899999999998, 94.649, 103.489, 88.225, 94.649, 141.289, 80.404, 111.209, 87.956, 154.681, 93.409, 152.94400000000002, 157.025, 150.089, 111.616, 143.98399999999998, 83.68900000000001, 101.32900000000001, 123.361, 95.281, 129.049, 160.0, 126.644, 104.969, 131.00900000000001, 83.924, 96.244, 85.376, 90.449, 159.401, 141.289, 81.881, 112.436, 96.896, 104.596, 132.001, 91.025, 83.225, 85.129, 138.644, 151.796, 116.656, 141.824, 146.176, 158.209, 105.721, 128.56400000000002, 152.369, 111.209, 82.544, 106.481, 147.841, 136.049, 106.864, 94.025, 139.696, 152.94400000000002, 99.241, 102.761, 103.856, 125.225, 116.225, 147.284, 147.841, 100.276, 106.481, 153.52100000000002, 117.961, 82.996, 109.20400000000001, 155.264, 92.201, 95.921, 86.641, 80.609, 114.944, 146.176, 87.689, 147.284, 94.336, 81.664, 83.68900000000001, 134.00900000000001, 105.721, 133.001, 86.129, 87.424, 126.644, 130.025, 91.904, 84.161, 148.961, 94.025, 127.6, 115.79599999999999, 113.26400000000001, 83.924, 82.1, 84.161, 111.616, 140.225, 103.124, 147.841, 102.761, 154.681, 98.561, 113.26400000000001, 127.12100000000001, 137.08100000000002, 104.596, 82.996, 106.864, 83.68900000000001, 147.841, 117.089, 157.616, 136.56400000000002, 94.964, 86.9, 84.641, 120.625, 134.00900000000001, 144.529, 112.025, 122.441, 96.896], "p": [57, 138, 179, 140, 8, 71, 113, 98, 183, 31, 64, 189, 72, 60, 176, 108, 84, 68, 141, 131, 148, 104, 193, 15, 177, 90, 17, 187, 78, 50, 55, 9, 125, 77, 95, 183, 179, 31, 116, 2, 154, 135, 196, 165, 43, 5, 9, 100, 136, 121, 131, 66, 115, 143, 41, 50, 4, 159, 89, 37, 82, 46, 145, 174, 89, 1, 68, 156, 2, 162, 57, 144, 59, 150, 177, 57, 83, 35, 57, 167, 2, 103, 34, 191, 53, 188, 195, 183, 104, 172, 17, 77, 131, 59, 143, 200, 138, 87, 147, 18, 62, 24, 43, 199, 167, 9, 106, 64, 86, 149, 45, 15, 23, 162, 186, 116, 168, 176, 197, 89, 142, 187, 103, 12, 91, 179, 157, 92, 55, 164, 188, 71, 81, 84, 135, 115, 178, 179, 74, 91, 189, 119, 14, 98, 192, 49, 61, 29, 3, 112, 176, 33, 178, 56, 8, 17, 153, 89, 151, 27, 32, 138, 145, 48, 19, 181, 55, 140, 114, 108, 18, 10, 19, 104, 165, 82, 179, 81, 191, 69, 108, 139, 159, 86, 14, 92, 17, 179, 117, 196, 158, 58, 30, 21, 125, 153, 173, 105, 129, 64], "q": [27.60635997575759, 45.35840651468312, 58.83445482701651, 123.46839451634757, 5.999999999999998, 0, 37.141303885211535, 60.73494516350404, 88.63094518532702, 23.249999999999993, 39.66363765779855, 62.121295878805135, 23.665255572878145, 52.91502622129181, 155.21741024912265, 35.49788335931722, 40.68305680637961, 32.933903128973974, 68.28941678213721, 98.24999999999997, 110.99999999999997, 77.99999999999997, 170.21000101182202, 11.249999999999996, 132.74999999999997, 0, 10.53565375285274, 61.463927668447404, 68.78953408767936, 16.434205258943155, 18.077625784837473, 5.577699045627922, 0, 47.720314057038884, 71.24999999999997, 0, 86.6936567659756, 23.249999999999993, 71.89034325475988, 1.4999999999999996, 0, 65.38348415311009, 121.46989032700807, 102.2578158365119, 37.92243545859247, 2.421610524189263, 6.749999999999998, 74.99999999999997, 44.701038304325394, 39.770776726642445, 115.53114058315379, 31.965258919298268, 55.69704205635304, 69.25806099181291, 25.409517874527197, 24.216105241892627, 2.999999999999999, 77.00721466921854, 78.49062222824952, 12.161311891617936, 0, 40.56818676965705, 108.74999999999997, 84.27204624178633, 29.25288536091882, 0.48432210483785254, 59.970363050797395, 51.27472040790265, 1.2394886768062048, 121.49999999999996, 42.74999999999999, 47.33051114575629, 0, 112.49999999999997, 0, 0, 51.438780087457495, 11.50394368126021, 42.74999999999999, 103.4973045133181, 0.6573682103577263, 33.8544628334229, 29.985181525398698, 143.24999999999997, 32.846449935364426, 61.79261177362627, 171.97383521919838, 0, 50.36949890313666, 0, 10.53565375285274, 57.749999999999986, 0, 52.03310911760362, 0, 0, 85.52471869962812, 42.136023120893164, 48.31656346129288, 0, 54.67886042866821, 21.166010488516726, 26.6490065513334, 0, 0, 5.577699045627922, 93.48321299094887, 47.999999999999986, 75.84487091718493, 48.973931671650604, 27.888495228139607, 0, 14.254119783271355, 142.8705707974879, 61.135243563268546, 38.127356200748125, 148.1620734196171, 85.24069045146204, 122.08963466541118, 66.74999999999999, 46.673142935398566, 140.24999999999997, 77.24999999999997, 7.436932060837229, 0, 110.93423657415532, 97.29986112928707, 44.55763364508243, 34.08593861217064, 144.6344050048643, 61.79261177362627, 53.24999999999998, 71.43528539874394, 52.0585244258606, 65.38348415311009, 0, 110.31449223575223, 157.86316156018725, 0, 68.24999999999999, 91.53687781435413, 0, 6.780509467729935, 32.21104230752859, 63.107348194341725, 23.731783137054773, 37.80440464258925, 21.749999999999993, 2.6457513110645907, 0, 85.24069045146204, 29.103264421710495, 156.98124445649904, 49.38735780653903, 2.629472841430905, 12.749999999999996, 0, 43.10466733056887, 49.631299882008335, 20.249999999999993, 23.999999999999993, 121.70456030897117, 0, 42.33202097703345, 14.249999999999995, 87.6623009756513, 18.077625784837473, 67.80509467729935, 37.4699879903904, 66.93238854753506, 0, 3.2868410517886315, 6.2449979983984, 77.99999999999997, 102.2578158365119, 26.95209662466678, 110.93423657415532, 26.623412519487914, 168.4461668044456, 22.67920325734156, 80.99999999999997, 104.24999999999997, 119.24999999999997, 41.65170101605532, 12.346839451634757, 30.23893767645541, 10.53565375285274, 86.6936567659756, 0, 121.46989032700807, 139.3429023827351, 43.499999999999986, 18.592330152093073, 13.01463110646515, 41.085513147357894, 134.93331686429414, 0, 65.07315553232576, 0, 56.4426946360446], "B": 4285.0628975086875}, "solution": [0.0, 0.0, 0.0, 1.0, 0.0, 0.0, 0.0, 0.0, 0.0, 0.0, 0.0, 0.0, 0.0, 0.0, 1.0, 0.0, 0.0, 0.0, 0.0, 0.0, 0.0, 0.0, 1.0, 0.0, 1.0, 0.0, 0.0, 0.0, 0.0, 0.0, 0.0, 0.0, 0.0, 0.0, 0.0, 0.0, 0.0, 0.0, 0.0, 0.0, 0.0, 0.0, 0.0, 0.0, 0.0, 0.0, 0.0, 0.0, 0.0, 0.0, 0.0, 0.0, 0.0, 0.0, 0.0, 0.0, 0.0, 0.0, 0.0, 0.0, 0.0, 0.0, 0.0, 0.0, 0.0, 0.0, 0.0, 0.0, 0.0, 1.0, 0.0, 0.0, 0.0, 0.0, 0.0, 0.0, 0.0, 0.0, 0.0, 0.0, 0.0, 0.0, 0.0, 1.0, 0.0, 0.0, 1.0, 0.0, 0.0, 0.0, 0.0, 0.0, 0.0, 0.0, 0.0, 0.0, 0.0, 0.0, 0.0, 0.0, 0.0, 0.0, 0.0, 0.0, 0.0, 0.0, 0.0, 0.0, 0.0, 0.0, 0.0, 0.0, 0.0, 1.0, 0.0, 0.0, 1.0, 0.0, 1.0, 0.0, 0.0, 1.0, 0.0, 0.0, 0.0, 0.0, 0.0, 0.0, 0.0, 1.0, 0.0, 0.0, 0.0, 0.0, 0.0, 0.0, 0.0, 1.0, 0.0, 0.0, 0.0, 0.0, 0.0, 0.0, 0.0, 0.0, 0.0, 0.0, 0.0, 0.0, 1.0, 0.0, 1.0, 0.0, 0.0, 0.0, 0.0, 0.0, 0.0, 0.0, 0.0, 0.0, 0.0, 0.0, 0.0, 0.0, 0.0, 0.0, 0.0, 0.0, 0.0, 0.0, 0.0, 0.0, 0.0, 0.0, 0.0, 0.0, 1.0, 0.0, 0.0, 0.0, 0.0, 0.0, 0.0, 0.0, 0.0, 0.0, 0.0, 1.0, 1.0, 0.0, 0.0, 0.0, 0.0, 1.0, 0.0, 0.0, 0.0, 0.0], "objective_value": 2781.6169999999997, "solve_time": 15.991369485855103}