{"instance": {"c": [89.6, 93.71600000000001, 95.281, 118.84100000000001, 95.281, 86.384, 91.609, 91.025, 89.321, 152.369, 85.876, 99.929, 100.276, 98.561, 118.4, 109.601, 152.94400000000002, 91.904, 90.164, 86.641, 81.025, 132.001, 124.289, 82.1, 158.804, 146.72899999999998, 160.0, 86.641, 155.849, 101.684, 99.929, 124.289, 99.241, 112.849, 81.449, 81.025, 145.07600000000002, 115.79599999999999, 133.001, 143.441, 112.849, 111.616, 96.896, 155.264, 93.409, 131.00900000000001, 131.00900000000001, 148.961, 86.384, 104.596, 80.201, 106.1, 147.841, 131.50400000000002, 83.225, 130.025, 119.284, 111.616, 105.721, 97.225, 89.6, 93.104, 111.616, 140.756, 99.584, 88.496, 80.201, 95.921, 90.736, 84.641, 128.56400000000002, 80.201, 138.121, 82.321, 141.824, 143.441, 85.876, 109.601, 93.104, 158.804, 129.536, 126.644, 101.32900000000001, 124.756, 87.161, 150.656, 88.496, 116.656, 92.201, 84.884, 97.225, 110.0, 152.369, 126.644, 132.001, 89.321, 121.076, 91.025, 156.436, 85.625, 124.289, 154.1, 86.129, 129.049, 95.921, 107.636, 81.664, 86.9, 87.689, 160.0, 106.1, 80.404, 84.4, 104.225, 96.244, 102.4, 155.264, 90.736, 94.649, 127.12100000000001, 115.369, 145.625, 83.456, 94.964, 94.025, 88.496, 102.761, 93.409, 86.9, 83.456, 149.524, 85.129, 121.529, 150.089, 108.809, 101.684, 87.956, 110.40100000000001, 91.316, 114.521, 85.376, 120.176, 95.281, 95.6, 145.625, 135.536, 109.601, 115.79599999999999, 134.00900000000001, 113.681, 97.556, 90.164, 136.56400000000002, 122.9, 157.616, 140.225, 139.16899999999998, 101.684, 93.71600000000001, 134.00900000000001, 133.50400000000002, 143.441, 117.089, 88.496, 133.001, 90.736, 87.956, 98.9, 103.489, 89.321, 112.849, 92.801, 129.049, 117.961, 147.284, 98.224, 86.9, 83.68900000000001, 145.07600000000002, 87.424, 102.041, 122.9, 103.856, 104.596, 111.616, 84.641, 93.104, 121.529, 139.696, 128.08100000000002, 137.6, 81.236, 97.556, 121.529, 154.1, 125.225, 96.896, 127.6, 110.40100000000001, 81.881], "p": [40, 54, 59, 121, 59, 28, 47, 45, 39, 187, 26, 73, 74, 69, 120, 99, 188, 48, 42, 29, 5, 149, 133, 10, 198, 177, 200, 29, 193, 78, 73, 133, 71, 107, 7, 5, 174, 114, 151, 171, 107, 104, 64, 192, 53, 147, 147, 181, 28, 86, 1, 90, 179, 148, 15, 145, 122, 104, 89, 65, 40, 52, 104, 166, 72, 36, 1, 61, 44, 21, 142, 1, 161, 11, 168, 171, 26, 99, 52, 198, 144, 138, 77, 134, 31, 184, 36, 116, 49, 22, 65, 100, 187, 138, 149, 39, 126, 45, 194, 25, 133, 190, 27, 143, 61, 94, 8, 30, 33, 200, 90, 2, 20, 85, 62, 80, 192, 44, 57, 139, 113, 175, 16, 58, 55, 36, 81, 53, 30, 16, 182, 23, 127, 183, 97, 78, 34, 101, 46, 111, 24, 124, 59, 60, 175, 156, 99, 114, 153, 109, 66, 42, 158, 130, 196, 165, 163, 78, 54, 153, 152, 171, 117, 36, 151, 44, 34, 70, 83, 39, 107, 51, 143, 119, 178, 68, 30, 17, 174, 32, 79, 130, 84, 86, 104, 21, 52, 127, 164, 141, 160, 6, 66, 127, 190, 135, 64, 140, 101, 9], "q": [24.789773536124095, 17.74894167965861, 28.575004185433297, 0, 19.392362205552924, 0, 35.249999999999986, 0, 12.818680101975662, 140.24999999999997, 16.113352798480662, 45.24133670342648, 0, 60.852280154485584, 39.44209262146357, 74.24999999999997, 140.99999999999994, 15.776837048585431, 20.341528403189805, 14.045341040297723, 1.6434205258943158, 72.16399362084003, 0, 4.843221048378526, 174.61958653026298, 58.17708661665877, 96.86442096757051, 21.749999999999993, 63.43603229952059, 68.78953408767936, 23.993939678057007, 117.29497479053019, 23.336571467699283, 0, 3.3902547338649676, 3.098721692015512, 0, 70.65085457795368, 113.24999999999997, 128.24999999999997, 35.16919925413836, 34.183146938601766, 56.4426946360446, 63.107348194341725, 25.669071556406184, 0, 129.64181424216494, 59.49182303737423, 13.56101893545987, 64.49999999999999, 0.8819171036881969, 67.49999999999997, 157.86316156018725, 130.52373134585315, 7.264831572567787, 89.86292906844984, 75.6088092851785, 77.99999999999997, 43.10466733056887, 0, 29.99999999999999, 0, 91.71937878357248, 80.39746940308352, 53.999999999999986, 26.999999999999993, 0.32868410517886315, 20.049730415910652, 14.462100627869978, 15.749999999999996, 88.00369605324055, 0, 77.97585887889426, 5.327543153216378, 148.1620734196171, 105.9762818669305, 16.113352798480662, 32.53972641270745, 32.226705596961324, 174.61958653026298, 69.74238309665076, 121.70456030897117, 25.308676098772462, 118.17689189421839, 23.249999999999993, 0, 26.999999999999993, 71.89034325475988, 30.36747258175202, 13.634375444868253, 40.283381996201655, 74.99999999999997, 164.91849838969281, 66.83645046762365, 92.34190642206225, 34.39476704383968, 61.02458520956942, 33.749999999999986, 171.0919181155102, 15.49360846007756, 82.42599700761262, 62.449979983983994, 13.076696830622017, 107.24999999999997, 20.049730415910652, 45.526277854758135, 5.999999999999998, 14.529663145135574, 29.103264421710495, 149.99999999999994, 55.776990456279215, 0, 6.573682103577263, 0, 30.027970499946854, 49.57954707224819, 169.3280839081338, 27.268750889736506, 18.7349939951952, 122.58647741265936, 99.65663271676625, 84.7563683466242, 0, 0, 18.077625784837473, 0, 0, 0, 22.499999999999993, 0, 88.14662308048915, 11.139408411270608, 61.50890731440727, 88.63094518532702, 46.97924416927169, 25.637360203951324, 29.985181525398698, 89.0736274725079, 28.50823956654271, 83.24999999999997, 17.999999999999996, 40.756829042179035, 44.249999999999986, 0, 131.24999999999994, 137.5790681753587, 74.24999999999997, 85.49999999999999, 74.10128204019144, 35.82656746449609, 58.20652884342099, 13.804732417512252, 76.5228925643807, 97.49999999999997, 64.42208461505717, 102.2578158365119, 53.57550914415469, 37.7771241773525, 47.62352359916263, 74.10128204019144, 73.61695993535359, 0, 87.74999999999999, 11.832627786439073, 0, 21.31017261286551, 25.499999999999993, 33.902547338649676, 51.438780087457495, 34.39476704383968, 66.31264420913196, 0, 126.11414582741214, 73.74957626996918, 110.31449223575223, 0, 0, 8.233475782243493, 57.19103430112219, 28.2213473180223, 69.67145119136755, 97.49999999999997, 62.999999999999986, 41.65170101605532, 50.36949890313666, 0, 25.18474945156833, 41.74288135771562, 53.90419324933356, 0, 99.15909414449638, 1.972104631073179, 0, 112.003472168401, 167.56424970075741, 119.05880899790658, 30.996614709622563, 67.80509467729935, 75.74999999999999, 7.937253933193772], "B": 3655.8184634161653}, "solution": [0.0, 0.0, 0.0, 0.0, 0.0, 0.0, 0.0, 0.0, 0.0, 1.0, 0.0, 0.0, 0.0, 0.0, 0.0, 0.0, 1.0, 0.0, 0.0, 0.0, 0.0, 0.0, 0.0, 0.0, 1.0, 0.0, 0.0, 0.0, 0.0, 0.0, 0.0, 0.0, 0.0, 0.0, 0.0, 0.0, 0.0, 0.0, 0.0, 1.0, 0.0, 0.0, 0.0, 0.0, 0.0, 0.0, 1.0, 0.0, 0.0, 0.0, 0.0, 0.0, 1.0, 1.0, 0.0, 0.0, 0.0, 0.0, 0.0, 0.0, 0.0, 0.0, 0.0, 0.0, 0.0, 0.0, 0.0, 0.0, 0.0, 0.0, 0.0, 0.0, 0.0, 0.0, 1.0, 0.0, 0.0, 0.0, 0.0, 1.0, 0.0, 1.0, 0.0, 0.0, 0.0, 0.0, 0.0, 0.0, 0.0, 0.0, 0.0, 0.0, 1.0, 0.0, 0.0, 0.0, 0.0, 0.0, 1.0, 0.0, 0.0, 0.0, 0.0, 0.0, 0.0, 0.0, 0.0, 0.0, 0.0, 1.0, 0.0, 0.0, 0.0, 0.0, 0.0, 0.0, 1.0, 0.0, 0.0, 1.0, 0.0, 0.0, 0.0, 0.0, 0.0, 0.0, 0.0, 0.0, 0.0, 0.0, 0.0, 0.0, 0.0, 0.0, 0.0, 0.0, 0.0, 0.0, 0.0, 0.0, 0.0, 0.0, 0.0, 0.0, 0.0, 1.0, 0.0, 0.0, 0.0, 0.0, 0.0, 0.0, 0.0, 0.0, 0.0, 0.0, 0.0, 0.0, 0.0, 0.0, 0.0, 0.0, 0.0, 0.0, 0.0, 0.0, 0.0, 0.0, 0.0, 0.0, 0.0, 0.0, 0.0, 0.0, 0.0, 0.0, 0.0, 0.0, 0.0, 0.0, 0.0, 0.0, 0.0, 0.0, 0.0, 0.0, 0.0, 0.0, 0.0, 0.0, 0.0, 0.0, 0.0, 0.0, 0.0, 0.0, 0.0, 0.0, 0.0, 0.0], "objective_value": 2331.9100000000003, "solve_time": 41.06380772590637}