{"instance": {"c": [151.225, 110.40100000000001, 134.00900000000001, 87.689, 127.12100000000001, 116.225, 122.9, 121.076, 111.209, 92.801, 141.824, 112.849, 82.544, 82.996, 97.556, 81.449, 80.609, 123.824, 133.001, 107.636, 94.025, 110.804, 91.316, 88.496, 142.9, 84.641, 140.756, 87.689, 97.556, 119.284, 138.121, 105.721, 138.644, 91.904, 92.801, 91.025, 101.684, 90.164, 128.08100000000002, 100.276, 90.449, 85.129, 128.56400000000002, 148.961, 146.176, 148.4, 150.656, 109.20400000000001, 139.16899999999998, 149.524, 147.284, 91.316, 144.529, 103.124, 146.176, 111.616, 82.1, 151.796, 94.025, 126.644, 125.225, 141.289, 94.336, 123.361, 93.104, 115.369, 116.656, 121.98400000000001, 160.0, 99.584, 102.041, 100.976, 150.656, 129.536, 115.369, 105.344, 102.4, 129.536, 147.841, 134.51600000000002, 101.32900000000001, 85.876, 103.124, 95.281, 148.4, 81.881, 88.225, 131.00900000000001, 105.344, 94.964, 135.536, 153.52100000000002, 112.849, 116.225, 92.5, 97.225, 90.449, 83.456, 106.481, 140.225, 84.884, 82.769, 131.50400000000002, 83.225, 114.1, 96.896, 126.644, 112.025, 80.609, 139.696, 87.161, 81.664, 120.176, 94.649, 160.0, 108.809, 107.636, 103.124, 98.9, 105.344, 89.321, 113.26400000000001, 138.121, 88.225, 143.98399999999998, 144.529, 86.641, 120.176, 146.72899999999998, 86.641, 82.1, 115.369, 102.4, 91.316, 135.025, 117.524, 89.044, 152.369, 83.225, 103.124, 145.625, 91.316, 103.124, 94.025, 155.264, 92.5, 143.98399999999998, 111.616, 149.524, 121.076, 158.209, 148.4, 85.625, 160.0, 146.72899999999998, 99.241, 118.4, 149.524, 95.6, 98.9, 99.241, 155.849, 118.4, 90.736, 93.71600000000001, 80.816, 93.104, 113.681, 132.001, 141.289, 85.625, 122.9, 107.249, 122.9, 97.556, 119.284, 83.225, 91.025, 87.161, 112.436, 121.076, 107.636, 108.416, 83.225, 135.025, 104.225, 95.921, 114.1, 116.225, 87.956, 108.809, 84.161, 120.176, 122.441, 90.449, 149.524, 133.50400000000002, 125.696, 157.025, 132.5], "p": [185, 101, 153, 33, 139, 115, 130, 126, 103, 51, 168, 107, 12, 14, 66, 7, 3, 132, 151, 94, 55, 102, 46, 36, 170, 21, 166, 33, 66, 122, 161, 89, 162, 48, 51, 45, 78, 42, 141, 74, 43, 23, 142, 181, 176, 180, 184, 98, 163, 182, 178, 46, 173, 82, 176, 104, 10, 186, 55, 138, 135, 167, 56, 131, 52, 113, 116, 128, 200, 72, 79, 76, 184, 144, 113, 88, 80, 144, 179, 154, 77, 26, 82, 59, 180, 9, 35, 147, 88, 58, 156, 189, 107, 115, 50, 65, 43, 16, 91, 165, 22, 13, 148, 15, 110, 64, 138, 105, 3, 164, 31, 8, 124, 57, 200, 97, 94, 82, 70, 88, 39, 108, 161, 35, 172, 173, 29, 124, 177, 29, 10, 113, 80, 46, 155, 118, 38, 187, 15, 82, 175, 46, 82, 55, 192, 50, 172, 104, 182, 126, 197, 180, 25, 200, 177, 71, 120, 182, 60, 70, 71, 193, 120, 44, 54, 4, 52, 109, 149, 167, 25, 130, 93, 130, 66, 122, 15, 45, 31, 106, 126, 94, 96, 15, 155, 85, 61, 110, 115, 34, 97, 19, 124, 129, 43, 182, 152, 136, 195, 150], "q": [0, 33.197094623065176, 94.82088377567466, 29.103264421710495, 67.32077257246151, 55.69704205635304, 62.96187362892083, 0, 63.83366685551955, 38.24999999999999, 81.36611361275922, 80.24999999999999, 7.436932060837229, 6.780509467729935, 0, 2.3007887362520423, 2.6457513110645907, 0, 73.13263783051572, 58.25596780989162, 0, 0, 40.56818676965705, 31.74901573277509, 0, 15.749999999999996, 80.39746940308352, 20.45156316730238, 21.693150941804966, 107.59388664996003, 99.77883848289949, 66.74999999999999, 78.4601809837321, 0, 24.70042734673048, 39.68626966596886, 58.499999999999986, 31.499999999999993, 124.35031162003577, 24.322623783235873, 32.24999999999999, 17.249999999999996, 46.673142935398566, 112.17372525096152, 155.21741024912265, 87.17797887081346, 114.03295826617084, 73.49999999999999, 53.57550914415469, 136.49999999999997, 133.49999999999997, 34.49999999999999, 56.86235019594332, 61.499999999999986, 85.24069045146204, 64.45341119392265, 7.499999999999997, 164.03658128600463, 18.077625784837473, 103.49999999999997, 101.24999999999997, 0, 27.12203787091974, 98.24999999999997, 25.18474945156833, 0, 86.99999999999997, 112.8853892720892, 123.94886768062048, 0, 69.67145119136755, 24.9799919935936, 137.99999999999997, 89.24318473004675, 37.141303885211535, 54.53750177947301, 49.57954707224819, 69.74238309665076, 58.83445482701651, 115.49999999999997, 67.90761698399116, 0, 72.31720250243215, 44.249999999999986, 0, 4.358898943540672, 21.691051844108582, 0, 65.99999999999999, 0, 116.99999999999997, 166.68233259706923, 51.82246521765022, 37.79867209556926, 24.216105241892627, 21.364466836626104, 32.24999999999999, 5.25894568286181, 29.910253571276545, 123.74999999999996, 10.655086306432755, 0, 71.67967151600216, 11.249999999999996, 97.01088140570165, 21.03578273144724, 85.52471869962812, 50.85382100797452, 2.6457513110645907, 79.42882519340782, 23.249999999999993, 0, 76.8482979619847, 42.74999999999999, 65.73682103577262, 46.97924416927169, 45.526277854758135, 39.71441259670391, 61.734197258173786, 65.99999999999999, 12.818680101975662, 0, 120.74999999999997, 11.50394368126021, 83.30340203211064, 83.78772413694848, 21.749999999999993, 109.35772085733642, 156.09932735281086, 21.749999999999993, 8.819171036881968, 84.74999999999997, 0, 40.56818676965705, 136.6971510716705, 38.78472441110585, 28.49999999999999, 140.24999999999997, 11.249999999999996, 50.81903574905439, 0, 0, 50.81903574905439, 34.08593861217064, 92.98984412886769, 24.216105241892627, 106.5960262053336, 64.45341119392265, 88.14662308048915, 78.0877866387909, 64.75076872023604, 158.74507866387543, 12.108052620946314, 123.94886768062048, 85.7250125562999, 0, 58.118652580542296, 59.82050714255309, 44.999999999999986, 61.734197258173786, 62.61611436186198, 119.61065731179878, 39.44209262146357, 27.268750889736506, 33.46619427376753, 0, 25.18474945156833, 0, 92.34190642206225, 54.89024556487015, 8.217102629471578, 0, 30.567621781634273, 62.96187362892083, 49.49999999999999, 40.099460831821304, 9.296165076046536, 27.888495228139607, 23.249999999999993, 79.49999999999999, 0, 82.90020774669051, 71.99999999999999, 0, 116.24999999999997, 41.16737891121746, 37.80440464258925, 97.01088140570165, 55.69704205635304, 11.175259576081348, 72.74999999999999, 6.2449979983984, 60.05594099989371, 62.477551524082976, 14.133416522691116, 0, 113.99999999999996, 119.94072610159479, 120.85014598860498, 92.96165076046536], "B": 6346.572967360928}, "solution": [0.0, 0.0, 1.0, 0.0, 0.0, 0.0, 0.0, 0.0, 0.0, 0.0, 0.0, 0.0, 0.0, 0.0, 0.0, 0.0, 0.0, 0.0, 0.0, 0.0, 0.0, 0.0, 0.0, 0.0, 0.0, 0.0, 0.0, 0.0, 0.0, 0.0, 0.0, 0.0, 0.0, 0.0, 0.0, 0.0, 0.0, 0.0, 1.0, 0.0, 0.0, 0.0, 0.0, 1.0, 1.0, 1.0, 1.0, 0.0, 0.0, 1.0, 1.0, 0.0, 0.0, 0.0, 0.0, 0.0, 0.0, 1.0, 0.0, 0.0, 0.0, 0.0, 0.0, 0.0, 0.0, 0.0, 0.0, 1.0, 1.0, 0.0, 0.0, 0.0, 1.0, 0.0, 0.0, 0.0, 0.0, 0.0, 0.0, 1.0, 0.0, 0.0, 0.0, 0.0, 0.0, 0.0, 0.0, 0.0, 0.0, 0.0, 1.0, 1.0, 0.0, 0.0, 0.0, 0.0, 0.0, 0.0, 0.0, 1.0, 0.0, 0.0, 0.0, 0.0, 0.0, 0.0, 0.0, 0.0, 0.0, 0.0, 0.0, 0.0, 0.0, 0.0, 0.0, 0.0, 0.0, 0.0, 0.0, 0.0, 0.0, 0.0, 1.0, 0.0, 0.0, 0.0, 0.0, 1.0, 1.0, 0.0, 0.0, 0.0, 0.0, 0.0, 1.0, 0.0, 0.0, 1.0, 0.0, 0.0, 0.0, 0.0, 0.0, 0.0, 1.0, 0.0, 1.0, 0.0, 0.0, 0.0, 0.0, 1.0, 0.0, 1.0, 0.0, 0.0, 0.0, 0.0, 0.0, 0.0, 0.0, 1.0, 0.0, 0.0, 0.0, 0.0, 0.0, 0.0, 0.0, 0.0, 0.0, 0.0, 0.0, 0.0, 0.0, 0.0, 0.0, 0.0, 0.0, 0.0, 0.0, 0.0, 0.0, 0.0, 1.0, 0.0, 0.0, 0.0, 0.0, 0.0, 0.0, 0.0, 0.0, 0.0, 0.0, 0.0, 1.0, 1.0, 1.0, 0.0], "objective_value": 4308.492, "solve_time": 21.294432401657104}