{"instance": {"c": [92.5, 117.961, 157.616, 88.225, 82.544, 143.441, 97.889, 157.025, 132.5, 137.6, 151.225, 91.609, 82.1, 81.025, 152.369, 99.241, 121.076, 94.336, 113.681, 92.201, 125.225, 128.08100000000002, 122.9, 85.129, 121.98400000000001, 116.656, 102.4, 88.496, 104.225, 91.904, 158.209, 86.129, 157.025, 150.656, 139.696, 85.129, 95.6, 81.664, 80.609, 117.089, 87.689, 110.40100000000001, 102.041, 112.849, 138.121, 101.32900000000001, 121.076, 80.816, 117.961, 112.849, 142.361, 85.376, 94.649, 107.249, 151.796, 149.524, 97.556, 89.6, 105.344, 134.00900000000001, 132.5, 126.16900000000001, 131.00900000000001, 139.696, 126.16900000000001, 91.609, 99.584, 125.225, 81.449, 118.4, 113.681, 109.601, 135.536, 113.26400000000001, 117.961, 113.681, 90.164, 152.94400000000002, 104.225, 112.436, 136.049, 148.961, 94.649, 91.904, 129.049, 81.236, 110.40100000000001, 125.696, 116.225, 98.561, 89.6, 126.16900000000001, 96.896, 99.929, 83.456, 100.976, 97.556, 97.889, 103.856, 91.609, 114.521, 94.649, 130.025, 115.369, 96.896, 141.824, 128.56400000000002, 157.025, 157.025, 131.50400000000002, 94.336, 87.424, 88.225, 81.664, 110.0, 123.361, 93.71600000000001, 160.0, 82.544, 100.976, 95.281, 105.344, 85.376, 143.98399999999998, 129.049, 120.176, 147.841, 141.824, 80.404, 81.449, 130.51600000000002, 151.796, 95.6, 137.6, 82.544, 154.681, 98.9, 105.721, 138.644, 138.121, 157.025, 121.076, 108.025, 83.456, 129.049, 82.321, 151.796, 80.201, 106.481, 85.625, 119.729, 108.025, 107.636, 82.769, 108.416, 125.696, 143.441, 92.201, 93.71600000000001, 120.625, 156.436, 125.225, 85.129, 89.044, 107.249, 109.601, 84.161, 152.94400000000002, 80.609, 87.424, 128.56400000000002, 85.376, 154.1, 125.696, 80.816, 157.025, 81.664, 140.756, 155.849, 80.201, 108.809, 98.224, 99.584, 141.289, 114.1, 114.944, 87.424, 152.94400000000002, 140.225, 148.961, 124.289, 119.284, 138.121, 89.881, 129.049, 106.481, 94.025, 99.929, 109.601, 131.50400000000002], "p": [50, 119, 196, 35, 12, 171, 67, 195, 150, 160, 185, 47, 10, 5, 187, 71, 126, 56, 109, 49, 135, 141, 130, 23, 128, 116, 80, 36, 85, 48, 197, 27, 195, 184, 164, 23, 60, 8, 3, 117, 33, 101, 79, 107, 161, 77, 126, 4, 119, 107, 169, 24, 57, 93, 186, 182, 66, 40, 88, 153, 150, 137, 147, 164, 137, 47, 72, 135, 7, 120, 109, 99, 156, 108, 119, 109, 42, 188, 85, 106, 157, 181, 57, 48, 143, 6, 101, 136, 115, 69, 40, 137, 64, 73, 16, 76, 66, 67, 84, 47, 111, 57, 145, 113, 64, 168, 142, 195, 195, 148, 56, 32, 35, 8, 100, 131, 54, 200, 12, 76, 59, 88, 24, 172, 143, 124, 179, 168, 2, 7, 146, 186, 60, 160, 12, 191, 70, 89, 162, 161, 195, 126, 95, 16, 143, 11, 186, 1, 91, 25, 123, 95, 94, 13, 96, 136, 171, 49, 54, 125, 194, 135, 23, 38, 93, 99, 19, 188, 3, 32, 142, 24, 190, 136, 4, 195, 8, 166, 193, 1, 97, 68, 72, 167, 110, 112, 32, 188, 165, 181, 133, 122, 161, 41, 143, 91, 55, 73, 99, 148], "q": [16.434205258943155, 39.113408516284714, 121.46989032700807, 0, 10.583005244258363, 105.9762818669305, 22.021835046983828, 120.85014598860498, 0, 141.1067365901115, 60.80655945808968, 0, 3.2868410517886315, 4.409585518440984, 61.463927668447404, 23.336571467699283, 111.12155506471281, 41.99999999999999, 67.55213288593816, 30.36747258175202, 101.24999999999997, 105.74999999999997, 80.56676399240331, 17.249999999999996, 42.07156546289448, 56.18136416119089, 26.294728414309052, 11.832627786439073, 52.6782687642637, 15.776837048585431, 173.7376694265748, 0, 64.09340050987832, 162.2727470786282, 122.99999999999997, 11.139408411270608, 44.999999999999986, 0, 1.4529663145135576, 72.51008759316298, 20.45156316730238, 89.0736274725079, 38.26144628219035, 94.36513009463708, 120.74999999999997, 25.308676098772462, 111.12155506471281, 1.9372884193514102, 104.94813533889544, 66.31264420913196, 55.54761377522787, 17.999999999999996, 42.74999999999999, 69.74999999999999, 164.03658128600463, 88.14662308048915, 31.965258919298268, 19.372884193514103, 42.62034522573102, 114.74999999999997, 132.28756555322954, 102.74999999999999, 91.10241774525605, 101.63807149810879, 0, 29.12798390494581, 53.999999999999986, 101.24999999999997, 5.249999999999999, 58.118652580542296, 35.82656746449609, 0, 0, 52.30678732248807, 0, 0, 31.499999999999993, 0, 63.74999999999998, 0, 76.03857045954285, 0, 0, 42.33202097703345, 47.00182704057743, 4.499999999999999, 48.9165325886231, 84.28523002282192, 71.27059891635678, 51.749999999999986, 19.372884193514103, 0, 39.66363765779855, 45.24133670342648, 14.11067365901115, 47.10056971863578, 40.90312633460476, 0, 62.999999999999986, 22.763138927379067, 53.75975363700163, 0, 127.87798003478855, 37.141303885211535, 56.4426946360446, 0, 88.00369605324055, 146.24999999999994, 120.85014598860498, 91.72216208365916, 27.12203787091974, 0, 26.249999999999993, 2.629472841430905, 48.432210483785255, 63.44619573375868, 40.499999999999986, 65.73682103577262, 3.944209262146358, 0, 19.392362205552924, 77.60870512456133, 14.873864121674458, 83.30340203211064, 107.24999999999997, 76.8482979619847, 110.93423657415532, 0, 0.6573682103577263, 5.249999999999999, 90.48267340685295, 90.08391149984057, 29.059326290271148, 0, 8.999999999999998, 62.77866408916286, 61.734197258173786, 0, 142.8705707974879, 77.97585887889426, 64.09340050987832, 61.02458520956942, 83.78212485037871, 14.11067365901115, 126.11414582741214, 8.249999999999998, 115.27244694297704, 0, 56.39673479468232, 8.217102629471578, 59.57161889505586, 31.224989991991997, 70.49999999999997, 4.272893367325221, 46.494922064433844, 65.86780625794795, 150.8078247306817, 36.74999999999999, 17.74894167965861, 77.4680423003878, 63.76471640469945, 65.38348415311009, 14.254119783271355, 18.404239983838398, 0, 87.30979326513149, 14.249999999999995, 140.99999999999994, 1.4529663145135576, 28.2213473180223, 106.49999999999996, 21.166010488516726, 0, 65.86780625794795, 3.5276684147527875, 120.85014598860498, 4.957954707224819, 0, 119.61065731179878, 0.32868410517886315, 60.115200825100935, 50.999999999999986, 0, 0, 53.27543153216377, 54.24407574183948, 19.831818828899276, 91.05255570951627, 79.91314729824566, 59.49182303737423, 117.29497479053019, 0, 77.97585887889426, 25.409517874527197, 0, 56.39673479468232, 34.08593861217064, 45.24133670342648, 87.30979326513149, 130.52373134585315], "B": 10908.614407234265}, "solution": [0.0, 0.0, 1.0, 0.0, 0.0, 1.0, 0.0, 1.0, 0.0, 1.0, 1.0, 0.0, 0.0, 0.0, 0.0, 0.0, 1.0, 0.0, 0.0, 0.0, 1.0, 1.0, 1.0, 0.0, 0.0, 0.0, 0.0, 0.0, 0.0, 0.0, 1.0, 0.0, 1.0, 1.0, 1.0, 0.0, 0.0, 0.0, 0.0, 0.0, 0.0, 0.0, 0.0, 1.0, 1.0, 0.0, 1.0, 0.0, 1.0, 0.0, 0.0, 0.0, 0.0, 0.0, 1.0, 1.0, 0.0, 0.0, 0.0, 1.0, 1.0, 1.0, 0.0, 1.0, 0.0, 0.0, 0.0, 1.0, 0.0, 0.0, 0.0, 0.0, 0.0, 0.0, 0.0, 0.0, 0.0, 0.0, 0.0, 0.0, 1.0, 0.0, 0.0, 0.0, 0.0, 0.0, 0.0, 1.0, 0.0, 0.0, 0.0, 0.0, 0.0, 0.0, 0.0, 0.0, 0.0, 0.0, 0.0, 0.0, 0.0, 0.0, 1.0, 0.0, 0.0, 0.0, 1.0, 1.0, 1.0, 1.0, 0.0, 0.0, 0.0, 0.0, 0.0, 0.0, 0.0, 1.0, 0.0, 0.0, 0.0, 0.0, 0.0, 1.0, 1.0, 0.0, 1.0, 0.0, 0.0, 0.0, 1.0, 1.0, 0.0, 0.0, 0.0, 1.0, 0.0, 0.0, 1.0, 1.0, 1.0, 0.0, 0.0, 0.0, 1.0, 0.0, 1.0, 0.0, 0.0, 0.0, 0.0, 0.0, 0.0, 0.0, 0.0, 0.0, 1.0, 0.0, 0.0, 1.0, 1.0, 0.0, 0.0, 0.0, 0.0, 0.0, 0.0, 1.0, 0.0, 0.0, 1.0, 0.0, 0.0, 0.0, 0.0, 1.0, 0.0, 0.0, 1.0, 0.0, 0.0, 0.0, 0.0, 0.0, 0.0, 0.0, 0.0, 1.0, 1.0, 1.0, 1.0, 0.0, 1.0, 0.0, 0.0, 0.0, 0.0, 0.0, 0.0, 1.0], "objective_value": 7848.019, "solve_time": 18.624282598495483}