{"instance": {"c": [86.9, 106.864, 83.68900000000001, 95.921, 83.924, 80.609, 99.929, 113.681, 124.756, 100.625, 86.129, 100.976, 99.241, 89.044, 108.809, 135.536, 120.176, 124.756, 104.225, 151.225, 89.321, 119.284, 116.656, 133.001, 121.98400000000001, 97.556, 99.241, 149.524, 103.489, 124.289, 140.756, 137.6, 149.524, 80.816, 110.40100000000001, 130.025, 117.961, 142.9, 82.769, 93.409, 155.264, 100.976, 90.164, 139.696, 121.529, 102.041, 81.664, 117.524, 131.00900000000001, 125.225, 102.041, 85.376, 134.00900000000001, 90.449, 115.79599999999999, 135.536, 82.544, 155.849, 103.124, 86.384, 125.225, 126.644, 116.225, 132.5, 101.684, 146.72899999999998, 114.1, 83.924, 94.964, 110.804, 95.6, 82.544, 139.16899999999998, 142.9, 86.9, 80.404, 146.72899999999998, 104.596, 100.625, 147.841, 115.79599999999999, 91.025, 128.08100000000002, 110.804, 101.684, 130.51600000000002, 138.644, 82.1, 106.1, 86.641, 119.284, 88.225, 151.225, 128.08100000000002, 101.32900000000001, 159.401, 84.884, 127.12100000000001, 146.72899999999998, 152.369, 89.881, 95.921, 81.025, 129.049, 116.225, 133.001, 105.721, 90.736, 137.08100000000002, 128.08100000000002, 84.4, 132.001, 109.601, 109.601, 90.449, 140.756, 85.625, 127.12100000000001, 84.4, 150.089, 128.08100000000002, 130.51600000000002, 83.456, 90.736, 96.569, 137.08100000000002, 82.769, 110.40100000000001, 84.4, 135.025, 131.00900000000001, 100.625, 84.4, 98.9, 143.98399999999998, 119.729, 85.876, 95.6, 81.881, 126.644, 158.804, 92.5, 156.436, 121.529, 132.5, 140.756, 102.041, 80.404, 106.864, 156.436, 141.824, 82.544, 90.164, 89.6, 96.244, 98.224, 139.16899999999998, 94.964, 85.625, 104.969, 89.881, 94.025, 135.025, 160.0, 85.625, 143.441, 90.736, 134.51600000000002, 95.921, 138.121, 146.176, 134.00900000000001, 100.976, 113.681, 100.625, 83.68900000000001, 90.449, 87.424, 83.68900000000001, 89.881, 93.409, 105.721, 109.20400000000001, 93.71600000000001, 130.51600000000002, 122.441, 147.841, 125.225, 117.961, 114.521, 107.249, 86.9, 149.524, 98.561, 156.436, 102.041, 109.601, 121.076, 113.26400000000001, 96.244], "p": [30, 92, 17, 61, 18, 3, 73, 109, 134, 75, 27, 76, 71, 38, 97, 156, 124, 134, 85, 185, 39, 122, 116, 151, 128, 66, 71, 182, 83, 133, 166, 160, 182, 4, 101, 145, 119, 170, 13, 53, 192, 76, 42, 164, 127, 79, 8, 118, 147, 135, 79, 24, 153, 43, 114, 156, 12, 193, 82, 28, 135, 138, 115, 150, 78, 177, 110, 18, 58, 102, 60, 12, 163, 170, 30, 2, 177, 86, 75, 179, 114, 45, 141, 102, 78, 146, 162, 10, 90, 29, 122, 35, 185, 141, 77, 199, 22, 139, 177, 187, 41, 61, 5, 143, 115, 151, 89, 44, 159, 141, 20, 149, 99, 99, 43, 166, 25, 139, 20, 183, 141, 146, 16, 44, 63, 159, 13, 101, 20, 155, 147, 75, 20, 70, 172, 123, 26, 60, 9, 138, 198, 50, 194, 127, 150, 166, 79, 2, 92, 194, 168, 12, 42, 40, 62, 68, 163, 58, 25, 87, 41, 55, 155, 200, 25, 171, 44, 154, 61, 161, 176, 153, 76, 109, 75, 17, 43, 32, 17, 41, 53, 89, 98, 54, 146, 129, 179, 135, 119, 111, 93, 30, 182, 69, 194, 79, 99, 126, 108, 62], "q": [9.860523155365893, 81.1363735393141, 14.992590762699349, 0, 0, 1.8592330152093073, 64.37994856923838, 96.12896430201346, 0, 66.14378277661477, 8.874470839829305, 67.02569988030297, 53.24999999999998, 18.404239983838398, 46.97924416927169, 75.554248354705, 76.8482979619847, 83.04574134601572, 74.96295381349674, 138.74999999999994, 34.39476704383968, 91.49999999999999, 38.127356200748125, 0, 95.99999999999997, 49.49999999999999, 53.24999999999998, 160.50891287125185, 40.19873470154176, 43.7149859887888, 146.39823921224067, 141.1067365901115, 88.14662308048915, 0, 33.197094623065176, 108.74999999999997, 89.24999999999997, 0, 6.296187362892082, 0, 118.99091297339567, 0, 13.804732417512252, 53.90419324933356, 0, 69.67145119136755, 5.999999999999998, 73.12983193156609, 129.64181424216494, 0, 38.26144628219035, 11.623730516108461, 50.28866809236606, 14.133416522691116, 0, 75.554248354705, 8.999999999999998, 63.43603229952059, 50.81903574905439, 17.35284147528687, 101.24999999999997, 45.35840651468312, 86.24999999999997, 0, 68.78953408767936, 156.09932735281086, 36.155251569674945, 5.916313893219536, 43.499999999999986, 76.49999999999999, 0, 0, 122.24999999999997, 55.87629788040673, 26.457513110645905, 0.9686442096757051, 109.69474789734912, 41.65170101605532, 46.48082538023268, 58.83445482701651, 100.53854982045443, 39.68626966596886, 105.74999999999997, 89.95554457619608, 25.637360203951324, 109.49999999999997, 78.4601809837321, 3.2868410517886315, 43.58898943540673, 21.749999999999993, 107.59388664996003, 16.951273669324838, 114.65270260457393, 0, 47.720314057038884, 0, 10.655086306432755, 45.687090619861976, 132.74999999999997, 0, 0, 20.049730415910652, 0, 126.11414582741214, 101.42046692414264, 93.58139509886846, 43.10466733056887, 38.80435256228066, 52.26077272343924, 87.38395171483744, 9.686442096757052, 0, 47.947888378947404, 61.35468950190714, 37.92243545859247, 102.87756017491499, 12.108052620946314, 104.24999999999997, 12.394886768062047, 0, 0, 70.71102730632647, 9.915909414449638, 0, 47.249999999999986, 119.24999999999997, 0, 62.59417817871335, 6.573682103577263, 96.06037245248086, 129.64181424216494, 66.14378277661477, 14.999999999999995, 43.382103688217164, 0, 40.42814493700017, 12.592374725784165, 29.059326290271148, 6.749999999999998, 121.70456030897117, 174.61958653026298, 0, 0, 95.24999999999999, 112.49999999999997, 80.39746940308352, 48.95980273384509, 0, 57.01647913308542, 93.95848833854338, 0, 8.999999999999998, 31.499999999999993, 24.789773536124095, 38.42414898099235, 42.14261501141096, 101.01832715970569, 35.94517162737994, 15.49360846007756, 28.595517150561093, 19.857206298351954, 41.249999999999986, 116.24999999999997, 96.86442096757051, 18.749999999999993, 150.8078247306817, 32.99999999999999, 115.49999999999997, 20.049730415910652, 52.91814093379696, 0, 0, 24.9799919935936, 96.12896430201346, 66.14378277661477, 0, 37.92243545859247, 10.51789136572362, 14.992590762699349, 13.47604831233339, 17.420257574479745, 55.15724611787611, 47.463566274109546, 33.46619427376753, 128.75989713847676, 0, 110.93423657415532, 65.38348415311009, 89.24999999999997, 53.75975363700163, 69.74999999999999, 26.457513110645905, 160.50891287125185, 0, 120.23040165020187, 0, 61.35468950190714, 94.49999999999997, 66.93238854753506, 30.027970499946854], "B": 5968.350956180393}, "solution": [0.0, 0.0, 0.0, 0.0, 0.0, 0.0, 0.0, 0.0, 0.0, 0.0, 0.0, 0.0, 0.0, 0.0, 0.0, 0.0, 0.0, 0.0, 0.0, 1.0, 0.0, 0.0, 0.0, 0.0, 0.0, 0.0, 0.0, 1.0, 0.0, 0.0, 1.0, 1.0, 0.0, 0.0, 0.0, 1.0, 0.0, 0.0, 0.0, 0.0, 1.0, 0.0, 0.0, 0.0, 0.0, 0.0, 0.0, 0.0, 1.0, 0.0, 0.0, 0.0, 0.0, 0.0, 0.0, 0.0, 0.0, 0.0, 0.0, 0.0, 0.0, 0.0, 0.0, 0.0, 0.0, 1.0, 0.0, 0.0, 0.0, 0.0, 0.0, 0.0, 1.0, 0.0, 0.0, 0.0, 1.0, 0.0, 0.0, 0.0, 0.0, 0.0, 1.0, 0.0, 0.0, 1.0, 0.0, 0.0, 0.0, 0.0, 1.0, 0.0, 1.0, 0.0, 0.0, 0.0, 0.0, 0.0, 1.0, 0.0, 0.0, 0.0, 0.0, 1.0, 0.0, 1.0, 0.0, 0.0, 0.0, 0.0, 0.0, 0.0, 0.0, 0.0, 0.0, 0.0, 0.0, 0.0, 0.0, 0.0, 0.0, 0.0, 0.0, 0.0, 0.0, 1.0, 0.0, 0.0, 0.0, 1.0, 1.0, 0.0, 0.0, 0.0, 0.0, 0.0, 0.0, 0.0, 0.0, 1.0, 1.0, 0.0, 0.0, 0.0, 1.0, 0.0, 0.0, 0.0, 0.0, 0.0, 0.0, 0.0, 0.0, 0.0, 0.0, 0.0, 0.0, 0.0, 0.0, 0.0, 0.0, 0.0, 1.0, 0.0, 0.0, 1.0, 0.0, 1.0, 0.0, 0.0, 0.0, 0.0, 0.0, 0.0, 0.0, 0.0, 0.0, 0.0, 0.0, 0.0, 0.0, 0.0, 0.0, 0.0, 1.0, 0.0, 0.0, 0.0, 0.0, 0.0, 0.0, 0.0, 1.0, 0.0, 1.0, 0.0, 0.0, 0.0, 0.0, 0.0], "objective_value": 4036.436, "solve_time": 54.09040021896362}