{"instance": {"c": [133.001, 101.32900000000001, 108.025, 160.0, 90.736, 80.609, 82.996, 96.244, 123.824, 127.6, 99.584, 87.956, 133.001, 112.436, 106.481, 99.584, 87.424, 97.225, 150.089, 99.929, 91.316, 110.40100000000001, 114.521, 150.089, 109.601, 127.12100000000001, 113.681, 143.98399999999998, 99.584, 98.224, 150.656, 82.769, 87.161, 104.225, 98.224, 87.161, 94.649, 132.001, 120.176, 110.40100000000001, 90.449, 119.729, 84.161, 147.284, 143.98399999999998, 102.761, 81.881, 155.264, 152.94400000000002, 84.641, 87.424, 121.529, 154.681, 87.956, 100.625, 138.121, 89.044, 128.56400000000002, 130.51600000000002, 84.641, 114.1, 149.524, 105.344, 159.401, 103.856, 140.225, 144.529, 83.456, 87.424, 112.025, 86.129, 106.481, 83.68900000000001, 137.08100000000002, 92.5, 92.5, 156.436, 94.336, 82.321, 103.856, 152.369, 130.025, 101.684, 150.089, 96.569, 82.1, 121.076, 114.1, 112.849, 145.07600000000002, 96.244, 113.26400000000001, 136.56400000000002, 118.84100000000001, 136.049, 89.881, 114.521, 94.649, 103.856, 95.6, 98.9, 84.4, 94.964, 124.289, 140.225, 138.121, 127.12100000000001, 152.369, 154.681, 114.1, 99.584, 81.664, 150.089, 130.025, 133.001, 103.489, 99.929, 152.369, 147.841, 83.924, 131.50400000000002, 82.1, 142.361, 105.344, 86.384, 85.876, 91.316, 104.596, 86.641, 121.98400000000001, 148.961, 116.225, 86.384, 158.209, 157.025, 97.225, 102.4, 91.904, 86.641, 84.161, 129.536, 81.449, 83.924, 102.041, 83.68900000000001, 86.9, 142.361, 93.71600000000001, 134.00900000000001, 123.361, 123.824, 121.98400000000001, 85.876, 81.236, 154.681, 157.025, 139.696, 85.876, 113.26400000000001, 120.176, 105.344, 112.025, 84.641, 157.025, 143.98399999999998, 114.1, 80.816, 122.441, 80.404, 122.9, 121.529, 86.641, 81.025, 87.161, 94.336, 82.769, 122.9, 145.07600000000002, 97.889, 122.441, 81.664, 127.6, 139.696, 100.976, 83.225, 87.956, 117.524, 123.361, 91.025, 135.536, 120.625, 80.609, 135.536, 86.9, 87.161, 125.225, 98.561, 80.404, 100.976, 126.16900000000001], "p": [151, 77, 95, 200, 44, 3, 14, 62, 132, 140, 72, 34, 151, 106, 91, 72, 32, 65, 183, 73, 46, 101, 111, 183, 99, 139, 109, 172, 72, 68, 184, 13, 31, 85, 68, 31, 57, 149, 124, 101, 43, 123, 19, 178, 172, 81, 9, 192, 188, 21, 32, 127, 191, 34, 75, 161, 38, 142, 146, 21, 110, 182, 88, 199, 84, 165, 173, 16, 32, 105, 27, 91, 17, 159, 50, 50, 194, 56, 11, 84, 187, 145, 78, 183, 63, 10, 126, 110, 107, 174, 62, 108, 158, 121, 157, 41, 111, 57, 84, 60, 70, 20, 58, 133, 165, 161, 139, 187, 191, 110, 72, 8, 183, 145, 151, 83, 73, 187, 179, 18, 148, 10, 169, 88, 28, 26, 46, 86, 29, 128, 181, 115, 28, 197, 195, 65, 80, 48, 29, 19, 144, 7, 18, 79, 17, 30, 169, 54, 153, 131, 132, 128, 26, 6, 191, 195, 164, 26, 108, 124, 88, 105, 21, 195, 172, 110, 4, 129, 2, 130, 127, 29, 5, 31, 56, 13, 130, 174, 67, 129, 8, 140, 164, 76, 15, 34, 118, 131, 45, 156, 125, 3, 156, 30, 31, 135, 69, 2, 76, 137], "q": [73.13263783051572, 57.749999999999986, 31.224989991991997, 123.94886768062048, 21.31017261286551, 2.6457513110645907, 0, 20.378414521089518, 81.80625266920951, 86.76420737643433, 53.999999999999986, 29.985181525398698, 49.631299882008335, 51.33814311281237, 56.39673479468232, 63.49803146555018, 0, 57.3246117397328, 113.41321392776773, 35.355513653163236, 0, 0, 68.79162156274437, 88.63094518532702, 47.947888378947404, 45.687090619861976, 35.82656746449609, 151.68974183436987, 63.49803146555018, 22.350519152162697, 114.03295826617084, 0, 23.249999999999993, 41.16737891121746, 32.933903128973974, 15.013985249973427, 27.60635997575759, 111.74999999999997, 76.8482979619847, 33.197094623065176, 32.24999999999999, 0, 9.202119991919199, 133.49999999999997, 83.30340203211064, 26.623412519487914, 6.749999999999998, 118.99091297339567, 165.80041549338102, 13.01463110646515, 0, 0, 143.24999999999997, 0, 56.249999999999986, 141.9886536937997, 23.55028485931789, 88.00369605324055, 47.987879356114014, 6.902366208756126, 36.155251569674945, 88.14662308048915, 42.62034522573102, 65.40813693059377, 0, 54.232877354512425, 83.78772413694848, 0, 23.999999999999993, 34.511831043780624, 13.076696830622017, 56.39673479468232, 5.587629788040674, 140.2248194864233, 0, 30.98721692015512, 63.76471640469945, 18.406309890016338, 3.6155251569674944, 27.609464835024504, 140.24999999999997, 47.659195250935156, 37.7771241773525, 60.149191247731956, 39.04389331939545, 6.197443384031024, 0, 36.155251569674945, 0, 130.49999999999997, 54.67886042866821, 66.93238854753506, 139.3429023827351, 74.98906494677539, 97.29986112928707, 36.158601251216076, 36.48393567485381, 50.26927491022722, 40.68305680637961, 52.91502622129181, 61.734197258173786, 0, 28.090682080595446, 64.41483994343439, 54.232877354512425, 120.74999999999997, 86.14446303803123, 140.24999999999997, 0, 97.01088140570165, 44.621592365023375, 4.957954707224819, 0, 108.74999999999997, 73.13263783051572, 40.19873470154176, 35.355513653163236, 90.56823360467843, 86.6936567659756, 5.916313893219536, 110.99999999999997, 6.197443384031024, 0, 77.60870512456133, 13.56101893545987, 12.592374725784165, 28.50823956654271, 64.49999999999999, 0, 95.99999999999997, 159.62699576756364, 37.79867209556926, 9.203154945008169, 147.74999999999997, 146.24999999999994, 57.3246117397328, 49.57954707224819, 42.33202097703345, 17.97258581368997, 0, 0, 3.3902547338649676, 15.874507866387544, 38.26144628219035, 12.749999999999996, 18.592330152093073, 0, 0, 50.28866809236606, 63.44619573375868, 0, 0, 0, 2.9059326290271152, 143.24999999999997, 171.97383521919838, 0, 16.113352798480662, 66.93238854753506, 92.99999999999997, 42.62034522573102, 65.07315553232576, 6.902366208756126, 171.97383521919838, 128.99999999999997, 82.49999999999997, 2.4789773536124096, 79.94701965400021, 0, 42.72893367325221, 112.003472168401, 25.57559600695771, 3.7499999999999987, 27.339430214334104, 0, 4.272893367325221, 42.72893367325221, 0, 0, 79.94701965400021, 0, 123.46839451634757, 144.6344050048643, 67.02569988030297, 4.930261577682947, 21.07130750570548, 104.06621823520724, 43.05761777843107, 14.790784733048842, 75.554248354705, 110.23963796102463, 2.6457513110645907, 0, 22.499999999999993, 23.249999999999993, 44.37235419914652, 0, 0.6573682103577263, 56.99999999999998, 0], "B": 3658.3467460933953}, "solution": [0.0, 0.0, 0.0, 0.0, 0.0, 0.0, 0.0, 0.0, 0.0, 0.0, 0.0, 0.0, 0.0, 0.0, 0.0, 0.0, 0.0, 0.0, 0.0, 0.0, 0.0, 0.0, 0.0, 0.0, 0.0, 0.0, 0.0, 1.0, 0.0, 0.0, 0.0, 0.0, 0.0, 0.0, 0.0, 0.0, 0.0, 0.0, 0.0, 0.0, 0.0, 0.0, 0.0, 0.0, 0.0, 0.0, 0.0, 0.0, 1.0, 0.0, 0.0, 0.0, 1.0, 0.0, 0.0, 1.0, 0.0, 0.0, 0.0, 0.0, 0.0, 0.0, 0.0, 0.0, 0.0, 0.0, 0.0, 0.0, 0.0, 0.0, 0.0, 0.0, 0.0, 1.0, 0.0, 0.0, 0.0, 0.0, 0.0, 0.0, 1.0, 0.0, 0.0, 0.0, 0.0, 0.0, 0.0, 0.0, 0.0, 0.0, 0.0, 0.0, 1.0, 0.0, 0.0, 0.0, 0.0, 0.0, 0.0, 0.0, 0.0, 0.0, 0.0, 0.0, 0.0, 0.0, 0.0, 1.0, 0.0, 0.0, 0.0, 0.0, 0.0, 0.0, 0.0, 0.0, 0.0, 0.0, 0.0, 0.0, 0.0, 0.0, 0.0, 0.0, 0.0, 0.0, 0.0, 0.0, 0.0, 0.0, 1.0, 0.0, 0.0, 1.0, 1.0, 0.0, 0.0, 0.0, 0.0, 0.0, 0.0, 0.0, 0.0, 0.0, 0.0, 0.0, 0.0, 0.0, 0.0, 0.0, 0.0, 0.0, 0.0, 0.0, 1.0, 1.0, 0.0, 0.0, 0.0, 0.0, 0.0, 0.0, 0.0, 1.0, 0.0, 0.0, 0.0, 0.0, 0.0, 0.0, 0.0, 0.0, 0.0, 0.0, 0.0, 0.0, 0.0, 0.0, 0.0, 0.0, 0.0, 1.0, 1.0, 0.0, 0.0, 0.0, 0.0, 0.0, 0.0, 0.0, 0.0, 0.0, 0.0, 0.0, 0.0, 0.0, 0.0, 0.0, 0.0, 0.0], "objective_value": 2368.335, "solve_time": 48.24486565589905}