{"instance": {"c": [149.524, 88.225, 114.944, 140.225, 99.241, 122.441, 148.4, 100.276, 82.321, 85.625, 93.104, 80.816, 121.076, 89.881, 91.904, 111.209, 117.089, 100.276, 116.225, 86.129, 136.56400000000002, 93.104, 108.025, 89.881, 81.449, 96.244, 130.51600000000002, 85.376, 120.625, 89.881, 124.289, 99.929, 112.025, 82.1, 83.225, 93.71600000000001, 112.436, 85.876, 154.681, 84.884, 114.1, 112.025, 121.98400000000001, 90.736, 111.209, 155.849, 94.336, 115.79599999999999, 87.161, 91.904, 126.644, 100.625, 102.761, 148.961, 128.56400000000002, 136.56400000000002, 114.1, 106.1, 88.225, 158.804, 87.424, 88.496, 141.289, 142.361, 100.625, 155.849, 152.369, 154.1, 106.864, 155.849, 90.164, 94.649, 121.529, 117.961, 87.161, 87.689, 83.456, 131.50400000000002, 82.1, 100.276, 136.56400000000002, 109.601, 149.524, 108.809, 100.276, 147.284, 105.344, 143.441, 139.696, 150.089, 97.556, 91.609, 82.544, 118.4, 156.436, 133.50400000000002, 125.696, 90.164, 120.176, 118.84100000000001, 99.241, 143.98399999999998, 90.449, 92.201, 86.9, 147.841, 93.71600000000001, 139.696, 82.321, 106.481, 117.524, 98.561, 139.16899999999998, 115.79599999999999, 138.644, 150.089, 103.856, 117.089, 112.436, 110.40100000000001, 154.681, 89.881, 90.449, 108.025, 88.225, 128.56400000000002, 122.9, 128.56400000000002, 93.104, 88.769, 118.4, 140.225, 113.681, 148.4, 85.625, 136.56400000000002, 103.124, 141.824, 132.001, 143.98399999999998, 145.07600000000002, 90.736, 89.881, 106.1, 151.796, 96.569, 160.0, 150.089, 158.804, 92.801, 108.025, 114.1, 81.236, 130.51600000000002, 107.636, 94.649, 111.209, 147.841, 140.225, 152.94400000000002, 147.284, 103.124, 105.721, 110.40100000000001, 115.369, 140.756, 130.025, 146.72899999999998, 104.969, 86.641, 95.281, 94.649, 115.79599999999999, 140.225, 151.225, 142.361, 82.996, 136.049, 150.089, 124.756, 88.225, 134.51600000000002, 97.556, 148.4, 87.689, 92.801, 113.26400000000001, 143.98399999999998, 122.9, 81.236, 94.025, 124.756, 132.001, 145.07600000000002, 98.561, 108.025, 134.00900000000001, 100.625, 135.536, 99.241], "p": [182, 35, 112, 165, 71, 129, 180, 74, 11, 25, 52, 4, 126, 41, 48, 103, 117, 74, 115, 27, 158, 52, 95, 41, 7, 62, 146, 24, 125, 41, 133, 73, 105, 10, 15, 54, 106, 26, 191, 22, 110, 105, 128, 44, 103, 193, 56, 114, 31, 48, 138, 75, 81, 181, 142, 158, 110, 90, 35, 198, 32, 36, 167, 169, 75, 193, 187, 190, 92, 193, 42, 57, 127, 119, 31, 33, 16, 148, 10, 74, 158, 99, 182, 97, 74, 178, 88, 171, 164, 183, 66, 47, 12, 120, 194, 152, 136, 42, 124, 121, 71, 172, 43, 49, 30, 179, 54, 164, 11, 91, 118, 69, 163, 114, 162, 183, 84, 117, 106, 101, 191, 41, 43, 95, 35, 142, 130, 142, 52, 37, 120, 165, 109, 180, 25, 158, 82, 168, 149, 172, 174, 44, 41, 90, 186, 63, 200, 183, 198, 51, 95, 110, 6, 146, 94, 57, 103, 179, 165, 188, 178, 82, 89, 101, 113, 166, 145, 177, 87, 29, 59, 57, 114, 165, 185, 169, 14, 157, 183, 134, 35, 154, 66, 180, 33, 51, 108, 172, 130, 6, 55, 134, 149, 174, 69, 95, 153, 75, 156, 71], "q": [136.49999999999997, 30.867098629086893, 98.77471561307806, 79.91314729824566, 62.61611436186198, 113.76730637577741, 134.99999999999994, 24.322623783235873, 5.327543153216378, 15.49360846007756, 17.091573469300883, 1.9372884193514102, 61.02458520956942, 30.749999999999993, 15.776837048585431, 33.8544628334229, 72.51008759316298, 45.86108104182958, 0, 13.076696830622017, 51.93208861826037, 38.999999999999986, 58.875712148294724, 13.47604831233339, 3.3902547338649676, 30.027970499946854, 47.987879356114014, 21.166010488516726, 60.540263104731565, 25.409517874527197, 64.41483994343439, 64.37994856923838, 65.07315553232576, 4.843221048378526, 4.930261577682947, 17.74894167965861, 0, 12.592374725784165, 118.37116863499256, 16.499999999999996, 0, 78.74999999999997, 42.07156546289448, 21.31017261286551, 0, 93.47416623370553, 18.406309890016338, 37.4699879903904, 27.339430214334104, 35.99999999999999, 103.49999999999997, 46.48082538023268, 71.43528539874394, 0, 88.00369605324055, 51.93208861826037, 82.49999999999997, 67.49999999999997, 0, 0, 10.51789136572362, 0, 54.89024556487015, 55.54761377522787, 0, 0, 140.24999999999997, 92.02119991919197, 68.99999999999999, 0, 20.341528403189805, 0, 78.70753097719401, 39.113408516284714, 27.339430214334104, 20.45156316730238, 5.25894568286181, 0, 6.197443384031024, 35.83983575800108, 0, 87.30979326513149, 59.82050714255309, 31.882358202349725, 65.26186567292658, 110.31449223575223, 65.99999999999999, 128.24999999999997, 144.6344050048643, 137.24999999999994, 58.20652884342099, 41.450103873345256, 8.999999999999998, 74.36932060837229, 63.76471640469945, 113.99999999999996, 84.28523002282192, 13.804732417512252, 40.756829042179035, 58.602974685380154, 23.336571467699283, 128.99999999999997, 37.92243545859247, 36.74999999999999, 26.457513110645905, 86.6936567659756, 0, 79.42882519340782, 9.701088140570166, 56.39673479468232, 104.06621823520724, 0, 53.57550914415469, 100.53854982045443, 0, 88.63094518532702, 40.68305680637961, 72.51008759316298, 51.33814311281237, 33.197094623065176, 62.77866408916286, 19.857206298351954, 32.24999999999999, 83.78212485037871, 16.951273669324838, 46.673142935398566, 42.72893367325221, 88.00369605324055, 32.226705596961324, 17.91991787900054, 39.44209262146357, 79.91314729824566, 0, 0, 15.49360846007756, 97.91960546769018, 39.71441259670391, 125.99999999999997, 111.74999999999997, 151.68974183436987, 0, 0, 30.749999999999993, 0, 61.135243563268546, 47.249999999999986, 123.94886768062048, 161.39082997494003, 148.49999999999994, 24.70042734673048, 71.24999999999997, 0, 1.972104631073179, 47.987879356114014, 30.896305886813135, 42.74999999999999, 33.8544628334229, 86.6936567659756, 102.2578158365119, 165.80041549338102, 110.31449223575223, 72.31720250243215, 78.49062222824952, 89.0736274725079, 84.74999999999997, 124.49999999999997, 108.74999999999997, 85.7250125562999, 65.24999999999999, 0, 28.575004185433297, 35.32542728897684, 85.49999999999999, 145.5163221085525, 89.59958939500271, 81.85043571759708, 10.499999999999998, 97.29986112928707, 60.149191247731956, 118.17689189421839, 16.951273669324838, 74.5856041450293, 58.20652884342099, 59.163138932195366, 0, 38.24999999999999, 95.24704719832526, 0, 42.72893367325221, 0, 18.077625784837473, 83.04574134601572, 111.74999999999997, 57.19103430112219, 51.749999999999986, 71.24999999999997, 0, 36.32415786283894, 75.554248354705, 62.61611436186198], "B": 7057.677658093857}, "solution": [1.0, 0.0, 0.0, 0.0, 0.0, 1.0, 1.0, 0.0, 0.0, 0.0, 0.0, 0.0, 0.0, 0.0, 0.0, 0.0, 0.0, 0.0, 0.0, 0.0, 0.0, 0.0, 0.0, 0.0, 0.0, 0.0, 0.0, 0.0, 0.0, 0.0, 0.0, 0.0, 0.0, 0.0, 0.0, 0.0, 0.0, 0.0, 1.0, 0.0, 0.0, 0.0, 0.0, 0.0, 0.0, 1.0, 0.0, 0.0, 0.0, 0.0, 1.0, 0.0, 0.0, 0.0, 0.0, 0.0, 0.0, 0.0, 0.0, 0.0, 0.0, 0.0, 0.0, 0.0, 0.0, 0.0, 1.0, 1.0, 0.0, 0.0, 0.0, 0.0, 0.0, 0.0, 0.0, 0.0, 0.0, 0.0, 0.0, 0.0, 0.0, 0.0, 0.0, 0.0, 0.0, 1.0, 0.0, 1.0, 1.0, 1.0, 0.0, 0.0, 0.0, 0.0, 0.0, 1.0, 0.0, 0.0, 0.0, 0.0, 0.0, 1.0, 0.0, 0.0, 0.0, 1.0, 0.0, 0.0, 0.0, 0.0, 0.0, 0.0, 0.0, 0.0, 0.0, 1.0, 0.0, 0.0, 0.0, 0.0, 0.0, 0.0, 0.0, 0.0, 0.0, 0.0, 0.0, 0.0, 0.0, 0.0, 0.0, 0.0, 0.0, 0.0, 0.0, 1.0, 0.0, 1.0, 1.0, 1.0, 0.0, 0.0, 0.0, 0.0, 0.0, 0.0, 1.0, 1.0, 1.0, 0.0, 0.0, 0.0, 0.0, 0.0, 0.0, 0.0, 0.0, 0.0, 1.0, 1.0, 1.0, 0.0, 0.0, 0.0, 0.0, 1.0, 1.0, 0.0, 0.0, 0.0, 0.0, 0.0, 0.0, 1.0, 1.0, 0.0, 0.0, 1.0, 0.0, 1.0, 0.0, 1.0, 0.0, 0.0, 0.0, 0.0, 0.0, 0.0, 0.0, 0.0, 0.0, 0.0, 1.0, 0.0, 0.0, 0.0, 0.0, 0.0, 0.0, 0.0], "objective_value": 4873.2080000000005, "solve_time": 10.571156978607178}