{"instance": {"c": [82.996, 131.00900000000001, 155.849, 87.161, 135.025, 141.824, 103.489, 125.696, 150.656, 154.681, 105.344, 96.569, 154.1, 118.4, 96.244, 151.796, 102.761, 81.664, 134.51600000000002, 93.104, 84.161, 94.649, 121.98400000000001, 146.176, 141.289, 91.904, 89.6, 157.025, 100.976, 139.16899999999998, 152.94400000000002, 102.4, 131.00900000000001, 102.761, 98.224, 87.689, 135.025, 127.6, 88.769, 123.824, 87.956, 88.769, 139.16899999999998, 94.964, 93.71600000000001, 154.1, 126.644, 148.4, 80.816, 150.089, 86.9, 114.1, 136.049, 89.881, 87.424, 130.51600000000002, 114.521, 81.025, 139.16899999999998, 81.664, 92.5, 135.025, 114.1, 100.276, 93.409, 146.176, 94.025, 125.696, 145.07600000000002, 94.336, 136.56400000000002, 129.536, 131.50400000000002, 93.104, 108.025, 96.896, 113.26400000000001, 88.496, 118.84100000000001, 128.56400000000002, 112.436, 108.416, 115.79599999999999, 137.6, 145.625, 150.089, 81.664, 109.20400000000001, 82.769, 132.001, 117.961, 91.904, 103.856, 137.08100000000002, 116.225, 85.625, 84.641, 105.344, 133.001, 116.656, 122.9, 88.769, 117.961, 85.129, 120.625, 107.636, 120.625, 87.161, 135.025, 113.26400000000001, 132.001, 148.961, 86.641, 93.409, 129.049, 85.129, 82.544, 126.16900000000001, 123.361, 145.07600000000002, 123.361, 107.636, 121.529, 122.9, 99.584, 132.5, 83.924, 88.769, 87.689, 83.225, 96.244, 94.336, 106.1, 109.601, 89.321, 85.876, 140.756, 100.976, 105.344, 126.644, 101.32900000000001, 96.896, 130.51600000000002, 157.616, 92.801, 134.00900000000001, 82.769, 129.049, 103.489, 112.849, 95.921, 83.456, 83.456, 140.756, 110.804, 87.689, 146.72899999999998, 134.51600000000002, 87.956, 143.98399999999998, 111.209, 140.756, 157.616, 110.804, 121.98400000000001, 89.321, 88.769, 84.4, 82.996, 98.224, 94.649, 92.5, 87.161, 128.56400000000002, 96.896, 117.524, 118.84100000000001, 112.849, 97.556, 139.16899999999998, 86.641, 89.6, 106.1, 136.56400000000002, 105.721, 143.441, 159.401, 95.281, 130.51600000000002, 96.244, 120.625, 92.801, 150.089, 135.025, 151.225, 145.625, 107.636, 91.316, 89.044, 82.544], "p": [14, 147, 193, 31, 155, 168, 83, 136, 184, 191, 88, 63, 190, 120, 62, 186, 81, 8, 154, 52, 19, 57, 128, 176, 167, 48, 40, 195, 76, 163, 188, 80, 147, 81, 68, 33, 155, 140, 37, 132, 34, 37, 163, 58, 54, 190, 138, 180, 4, 183, 30, 110, 157, 41, 32, 146, 111, 5, 163, 8, 50, 155, 110, 74, 53, 176, 55, 136, 174, 56, 158, 144, 148, 52, 95, 64, 108, 36, 121, 142, 106, 96, 114, 160, 175, 183, 8, 98, 13, 149, 119, 48, 84, 159, 115, 25, 21, 88, 151, 116, 130, 37, 119, 23, 125, 94, 125, 31, 155, 108, 149, 181, 29, 53, 143, 23, 12, 137, 131, 174, 131, 94, 127, 130, 72, 150, 18, 37, 33, 15, 62, 56, 90, 99, 39, 26, 166, 76, 88, 138, 77, 64, 146, 196, 51, 153, 13, 143, 83, 107, 61, 16, 16, 166, 102, 33, 177, 154, 34, 172, 103, 166, 196, 102, 128, 39, 37, 20, 14, 68, 57, 50, 31, 142, 64, 118, 121, 107, 66, 163, 29, 40, 90, 158, 89, 171, 199, 59, 146, 62, 125, 51, 183, 155, 185, 175, 94, 46, 38, 12], "q": [4.6015774725040846, 0, 93.47416623370553, 0, 0, 55.21892967004901, 40.19873470154176, 65.86780625794795, 137.99999999999997, 143.24999999999997, 65.99999999999999, 39.04389331939545, 92.02119991919197, 39.44209262146357, 54.67886042866821, 115.27244694297704, 50.19929141065129, 0, 50.617352197544925, 45.85968939178624, 0, 18.7349939951952, 112.8853892720892, 0, 125.24999999999996, 29.747728243348917, 24.789773536124095, 120.85014598860498, 56.99999999999998, 0, 91.05255570951627, 0, 48.31656346129288, 50.19929141065129, 0, 29.103264421710495, 50.94603630272379, 0, 12.161311891617936, 43.38630188360993, 29.985181525398698, 0, 143.7524879011761, 51.15119201391542, 17.74894167965861, 117.75142429658945, 121.70456030897117, 111.55398091255843, 1.9372884193514102, 0, 9.860523155365893, 53.27543153216377, 51.603404513081514, 25.409517874527197, 10.51789136572362, 0, 83.24999999999997, 4.409585518440984, 0, 0, 44.09585518440985, 116.24999999999997, 53.27543153216377, 55.499999999999986, 25.669071556406184, 109.07500355894602, 41.249999999999986, 65.86780625794795, 84.27204624178633, 27.12203787091974, 0, 0, 0, 32.226705596961324, 83.78212485037871, 39.66363765779855, 95.24704719832526, 0, 0, 68.77373888697505, 79.49999999999999, 59.49545648669783, 100.53854982045443, 77.49153677405641, 57.519718406301045, 0, 0, 0, 8.056676399240331, 131.40564844954133, 57.63433047570445, 35.99999999999999, 40.68305680637961, 77.00721466921854, 0, 22.047927592204925, 6.902366208756126, 65.99999999999999, 0, 0, 42.72893367325221, 17.91991787900054, 73.74957626996918, 20.284093384828527, 110.23963796102463, 30.896305886813135, 77.4680423003878, 15.013985249973427, 75.06992624986714, 95.24704719832526, 111.74999999999997, 87.6623009756513, 17.97258581368997, 0, 88.62344039164364, 11.139408411270608, 8.999999999999998, 102.74999999999999, 98.24999999999997, 153.45357604174626, 115.53114058315379, 0, 112.003472168401, 42.72893367325221, 63.49803146555018, 72.64831572567788, 13.499999999999996, 32.63093283646329, 10.846575470902483, 13.228756555322953, 20.378414521089518, 49.38735780653903, 29.581569466097683, 47.947888378947404, 34.39476704383968, 19.499999999999993, 80.39746940308352, 36.808479967676796, 0, 45.35840651468312, 0, 0, 70.71102730632647, 64.42208461505717, 38.24999999999999, 50.28866809236606, 8.056676399240331, 126.11414582741214, 62.249999999999986, 51.82246521765022, 29.543648395109003, 0, 5.25894568286181, 124.49999999999997, 63.21392251711645, 24.749999999999996, 132.74999999999997, 50.617352197544925, 11.175259576081348, 151.68974183436987, 0, 80.39746940308352, 94.92713254821909, 89.95554457619608, 42.07156546289448, 0, 17.91991787900054, 0, 6.780509467729935, 50.999999999999986, 50.26927491022722, 0, 23.249999999999993, 125.23222872372396, 21.03578273144724, 38.78472441110585, 106.71196954627182, 80.24999999999999, 40.90312633460476, 101.01832715970569, 0, 0, 79.37253933193772, 76.5228925643807, 55.15724611787611, 128.24999999999997, 149.24999999999997, 36.564915965783044, 47.987879356114014, 46.499999999999986, 110.23963796102463, 31.606961258558226, 88.63094518532702, 136.6971510716705, 0, 84.7563683466242, 30.896305886813135, 28.50823956654271, 0, 7.436932060837229], "B": 2296.817205862569}, "solution": [0.0, 0.0, 0.0, 0.0, 0.0, 0.0, 0.0, 0.0, 1.0, 1.0, 0.0, 0.0, 0.0, 0.0, 0.0, 0.0, 0.0, 0.0, 0.0, 0.0, 0.0, 0.0, 0.0, 0.0, 0.0, 0.0, 0.0, 0.0, 0.0, 0.0, 0.0, 0.0, 0.0, 0.0, 0.0, 0.0, 0.0, 0.0, 0.0, 0.0, 0.0, 0.0, 1.0, 0.0, 0.0, 0.0, 0.0, 0.0, 0.0, 0.0, 0.0, 0.0, 0.0, 0.0, 0.0, 0.0, 0.0, 0.0, 0.0, 0.0, 0.0, 0.0, 0.0, 0.0, 0.0, 0.0, 0.0, 0.0, 0.0, 0.0, 0.0, 0.0, 0.0, 0.0, 0.0, 0.0, 0.0, 0.0, 0.0, 0.0, 0.0, 0.0, 0.0, 0.0, 0.0, 0.0, 0.0, 0.0, 0.0, 1.0, 0.0, 0.0, 0.0, 0.0, 0.0, 0.0, 0.0, 0.0, 0.0, 0.0, 0.0, 0.0, 0.0, 0.0, 0.0, 0.0, 0.0, 0.0, 0.0, 0.0, 0.0, 0.0, 0.0, 0.0, 0.0, 0.0, 0.0, 0.0, 0.0, 1.0, 0.0, 0.0, 0.0, 0.0, 0.0, 0.0, 0.0, 0.0, 0.0, 0.0, 0.0, 0.0, 0.0, 0.0, 0.0, 0.0, 0.0, 0.0, 0.0, 0.0, 0.0, 0.0, 0.0, 0.0, 0.0, 0.0, 0.0, 1.0, 0.0, 0.0, 0.0, 0.0, 0.0, 0.0, 0.0, 0.0, 1.0, 0.0, 0.0, 1.0, 0.0, 0.0, 0.0, 0.0, 0.0, 0.0, 0.0, 0.0, 0.0, 0.0, 0.0, 0.0, 0.0, 1.0, 0.0, 0.0, 0.0, 0.0, 0.0, 0.0, 0.0, 0.0, 0.0, 0.0, 0.0, 0.0, 1.0, 0.0, 0.0, 0.0, 0.0, 0.0, 0.0, 1.0, 0.0, 0.0, 0.0, 0.0, 0.0, 0.0], "objective_value": 1564.335, "solve_time": 62.51621389389038}