{"instance": {"c": [117.961, 89.881, 85.876, 118.84100000000001, 98.224, 83.68900000000001, 135.536, 85.376, 128.56400000000002, 148.4, 86.9, 95.921, 125.225, 147.284, 82.996, 96.569, 84.4, 102.4, 125.225, 92.201, 152.94400000000002, 107.249, 120.176, 107.636, 101.684, 140.225, 119.284, 132.001, 121.076, 130.51600000000002, 92.801, 95.281, 140.225, 91.904, 141.824, 102.041, 100.625, 101.684, 132.5, 157.616, 102.4, 150.656, 104.596, 103.856, 105.344, 157.025, 81.881, 99.929, 111.209, 110.40100000000001, 121.98400000000001, 81.449, 90.164, 156.436, 114.521, 137.6, 105.721, 116.656, 86.9, 127.12100000000001, 157.025, 96.244, 133.50400000000002, 89.044, 94.025, 130.025, 119.284, 114.1, 82.769, 86.384, 115.369, 117.089, 123.824, 135.025, 109.20400000000001, 82.769, 83.68900000000001, 85.129, 106.1, 113.26400000000001, 127.12100000000001, 124.289, 118.4, 132.001, 136.049, 151.225, 154.1, 102.761, 147.284, 144.529, 90.164, 80.404, 81.664, 103.124, 92.801, 80.816, 135.025, 158.209, 80.404, 120.176, 124.756, 102.041, 122.441, 139.16899999999998, 132.001, 97.225, 85.876, 102.4, 153.52100000000002, 102.761, 104.225, 142.361, 151.796, 108.025, 88.769, 127.12100000000001, 126.16900000000001, 88.225, 100.276, 151.225, 109.601, 127.12100000000001, 80.201, 89.044, 98.9, 102.761, 98.224, 102.761, 84.161, 130.51600000000002, 149.524, 121.529, 85.376, 105.344, 94.025, 138.121, 99.584, 112.436, 115.369, 89.044, 134.00900000000001, 141.824, 80.816, 108.809, 80.816, 135.536, 139.696, 156.436, 141.289, 135.025, 122.9, 86.384, 103.124, 153.52100000000002, 145.07600000000002, 109.20400000000001, 126.16900000000001, 142.9, 83.924, 98.561, 80.201, 89.044, 129.536, 109.601, 112.436, 125.225, 97.889, 106.1, 103.856, 86.9, 92.801, 80.201, 107.636, 93.71600000000001, 94.336, 125.225, 133.50400000000002, 90.736, 125.225, 96.244, 88.225, 111.209, 88.769, 82.996, 89.321, 114.521, 105.344, 126.644, 98.224, 122.441, 108.809, 128.08100000000002, 96.244, 118.84100000000001, 111.616, 120.176, 101.32900000000001, 141.289, 103.856, 146.176], "p": [119, 41, 26, 121, 68, 17, 156, 24, 142, 180, 30, 61, 135, 178, 14, 63, 20, 80, 135, 49, 188, 93, 124, 94, 78, 165, 122, 149, 126, 146, 51, 59, 165, 48, 168, 79, 75, 78, 150, 196, 80, 184, 86, 84, 88, 195, 9, 73, 103, 101, 128, 7, 42, 194, 111, 160, 89, 116, 30, 139, 195, 62, 152, 38, 55, 145, 122, 110, 13, 28, 113, 117, 132, 155, 98, 13, 17, 23, 90, 108, 139, 133, 120, 149, 157, 185, 190, 81, 178, 173, 42, 2, 8, 82, 51, 4, 155, 197, 2, 124, 134, 79, 129, 163, 149, 65, 26, 80, 189, 81, 85, 169, 186, 95, 37, 139, 137, 35, 74, 185, 99, 139, 1, 38, 70, 81, 68, 81, 19, 146, 182, 127, 24, 88, 55, 161, 72, 106, 113, 38, 153, 168, 4, 97, 4, 156, 164, 194, 167, 155, 130, 28, 82, 189, 174, 98, 137, 170, 18, 69, 1, 38, 144, 99, 106, 135, 67, 90, 84, 30, 51, 1, 94, 54, 56, 135, 152, 44, 135, 62, 35, 103, 37, 14, 39, 111, 88, 138, 68, 129, 97, 141, 62, 121, 104, 124, 77, 167, 84, 176], "q": [73.74957626996918, 30.749999999999993, 16.113352798480662, 39.770776726642445, 42.14261501141096, 0, 75.554248354705, 14.873864121674458, 68.77373888697505, 59.163138932195366, 22.499999999999993, 0, 119.05880899790658, 156.98124445649904, 8.676420737643435, 47.249999999999986, 9.686442096757052, 59.99999999999998, 83.66548568441883, 43.21393808072165, 0, 45.041955749920284, 60.05594099989371, 82.90020774669051, 48.340058395441986, 123.74999999999996, 59.087296790218005, 92.34190642206225, 0, 109.49999999999997, 24.70042734673048, 52.03310911760362, 54.232877354512425, 29.747728243348917, 81.36611361275922, 0, 46.48082538023268, 25.637360203951324, 92.96165076046536, 121.46989032700807, 38.74576838702821, 89.11526729016487, 41.65170101605532, 0, 0, 171.97383521919838, 7.937253933193772, 45.24133670342648, 0, 75.74999999999999, 61.993229419245125, 5.249999999999999, 0, 145.49999999999997, 97.89279850938986, 52.589456828618104, 29.25288536091882, 38.127356200748125, 26.457513110645905, 86.14446303803123, 171.97383521919838, 46.499999999999986, 0, 33.51284994015148, 18.077625784837473, 108.74999999999997, 40.099460831821304, 36.155251569674945, 8.056676399240331, 9.203154945008169, 37.141303885211535, 0, 0, 75.06992624986714, 0, 9.749999999999996, 10.53565375285274, 14.254119783271355, 0, 95.24704719832526, 122.58647741265936, 117.29497479053019, 89.99999999999997, 0, 117.74999999999996, 60.80655945808968, 92.02119991919197, 0, 86.20933466113775, 152.57165893805805, 20.341528403189805, 1.7638342073763937, 7.055336829505575, 26.95209662466678, 24.70042734673048, 3.5276684147527875, 116.24999999999997, 64.75076872023604, 0, 76.8482979619847, 0, 25.966044309130186, 42.40024956807334, 0, 131.40564844954133, 21.364466836626104, 8.545786734650441, 59.99999999999998, 166.68233259706923, 71.43528539874394, 41.16737891121746, 55.54761377522787, 164.03658128600463, 83.78212485037871, 22.93054052091479, 86.14446303803123, 102.74999999999999, 26.249999999999993, 0, 0, 87.30979326513149, 0, 0.6197443384031024, 28.49999999999999, 52.499999999999986, 0, 50.999999999999986, 71.43528539874394, 14.249999999999995, 47.987879356114014, 136.49999999999997, 95.24999999999999, 17.999999999999996, 54.53750177947301, 34.08593861217064, 0, 23.665255572878145, 0, 70.03111023955057, 28.49999999999999, 134.93331686429414, 0, 0, 85.5459590577551, 1.9372884193514102, 75.554248354705, 144.6344050048643, 0, 147.28015631592888, 0, 62.96187362892083, 0, 61.499999999999986, 117.13167995818634, 107.8355148821398, 86.4278761614433, 120.82264320528297, 127.49999999999996, 13.499999999999996, 22.67920325734156, 0.7499999999999998, 23.55028485931789, 107.99999999999997, 32.53972641270745, 79.49999999999999, 83.66548568441883, 59.08844594710919, 29.581569466097683, 0, 0, 0, 0.32868410517886315, 70.49999999999997, 47.62352359916263, 18.406309890016338, 44.37235419914652, 113.99999999999996, 14.462100627869978, 119.05880899790658, 38.42414898099235, 26.249999999999993, 63.83366685551955, 0, 0, 0, 53.75975363700163, 0, 121.70456030897117, 42.14261501141096, 0, 0, 87.38395171483744, 38.42414898099235, 106.71196954627182, 34.183146938601766, 76.8482979619847, 37.29280207251465, 147.28015631592888, 52.0585244258606, 57.84840251147991], "B": 3794.8413292402847}, "solution": [0.0, 0.0, 0.0, 0.0, 0.0, 0.0, 0.0, 0.0, 0.0, 0.0, 0.0, 0.0, 0.0, 1.0, 0.0, 0.0, 0.0, 0.0, 0.0, 0.0, 0.0, 0.0, 0.0, 0.0, 0.0, 1.0, 0.0, 0.0, 0.0, 0.0, 0.0, 0.0, 0.0, 0.0, 0.0, 0.0, 0.0, 0.0, 0.0, 0.0, 0.0, 0.0, 0.0, 0.0, 0.0, 1.0, 0.0, 0.0, 0.0, 0.0, 0.0, 0.0, 0.0, 1.0, 0.0, 0.0, 0.0, 0.0, 0.0, 0.0, 1.0, 0.0, 0.0, 0.0, 0.0, 0.0, 0.0, 0.0, 0.0, 0.0, 0.0, 0.0, 0.0, 0.0, 0.0, 0.0, 0.0, 0.0, 0.0, 0.0, 1.0, 0.0, 0.0, 0.0, 0.0, 0.0, 0.0, 0.0, 0.0, 1.0, 0.0, 0.0, 0.0, 0.0, 0.0, 0.0, 0.0, 0.0, 0.0, 0.0, 0.0, 0.0, 0.0, 0.0, 0.0, 0.0, 0.0, 0.0, 1.0, 0.0, 0.0, 0.0, 1.0, 0.0, 0.0, 0.0, 0.0, 0.0, 0.0, 0.0, 0.0, 0.0, 0.0, 0.0, 0.0, 0.0, 0.0, 0.0, 0.0, 0.0, 1.0, 0.0, 0.0, 0.0, 0.0, 0.0, 0.0, 0.0, 0.0, 0.0, 1.0, 0.0, 0.0, 0.0, 0.0, 0.0, 1.0, 0.0, 1.0, 0.0, 0.0, 0.0, 0.0, 0.0, 0.0, 0.0, 1.0, 1.0, 0.0, 0.0, 0.0, 0.0, 0.0, 0.0, 0.0, 0.0, 0.0, 0.0, 0.0, 0.0, 0.0, 0.0, 0.0, 0.0, 0.0, 0.0, 0.0, 0.0, 0.0, 0.0, 0.0, 0.0, 0.0, 0.0, 0.0, 0.0, 0.0, 1.0, 0.0, 0.0, 0.0, 0.0, 0.0, 0.0, 0.0, 0.0, 0.0, 1.0, 0.0, 0.0], "objective_value": 2436.482, "solve_time": 10.43669581413269}