{"instance": {"c": [99.241, 94.649, 133.50400000000002, 98.561, 97.556, 158.804, 92.5, 160.0, 131.00900000000001, 103.489, 94.025, 137.6, 145.625, 142.9, 148.4, 84.161, 108.025, 138.644, 126.644, 88.225, 121.076, 95.281, 137.08100000000002, 132.001, 86.9, 102.041, 89.881, 140.225, 80.816, 86.641, 154.1, 151.796, 108.809, 96.896, 143.98399999999998, 94.964, 150.089, 83.68900000000001, 138.644, 98.224, 99.584, 133.001, 119.284, 128.56400000000002, 92.801, 82.321, 81.881, 92.5, 86.641, 120.176, 106.864, 113.681, 107.636, 81.025, 150.656, 121.98400000000001, 87.424, 143.441, 86.641, 140.756, 155.264, 85.376, 86.641, 82.1, 141.289, 110.804, 101.32900000000001, 87.161, 87.689, 116.225, 102.041, 108.025, 93.71600000000001, 102.4, 87.689, 112.849, 119.729, 110.0, 160.0, 89.321, 94.025, 143.441, 87.161, 132.5, 86.384, 116.225, 84.641, 125.225, 110.0, 118.84100000000001, 118.4, 112.849, 151.225, 117.524, 97.225, 89.881, 143.98399999999998, 129.049, 85.376, 98.224, 139.16899999999998, 112.849, 139.16899999999998, 100.276, 138.644, 112.025, 89.321, 110.804, 85.129, 92.201, 85.876, 104.969, 91.609, 81.025, 103.856, 89.044, 109.20400000000001, 127.12100000000001, 100.976, 129.536, 115.369, 104.596, 160.0, 104.225, 89.881, 130.025, 158.804, 126.16900000000001, 94.649, 99.929, 95.281, 125.696, 116.656, 132.001, 123.824, 159.401, 102.761, 138.644, 107.249, 147.841, 91.316, 116.225, 117.961, 120.625, 92.801, 94.025, 94.336, 131.50400000000002, 92.801, 105.721, 81.881, 143.98399999999998, 152.94400000000002, 139.696, 151.796, 105.721, 113.26400000000001, 147.841, 136.049, 117.089, 81.236, 80.609, 138.644, 91.904, 151.796, 135.536, 86.9, 120.176, 142.9, 122.9, 138.644, 92.201, 135.025, 82.544, 96.896, 98.561, 154.681, 134.51600000000002, 141.289, 82.996, 137.6, 101.32900000000001, 103.124, 86.384, 143.441, 157.616, 115.369, 158.209, 130.51600000000002, 109.20400000000001, 127.12100000000001, 103.856, 82.996, 108.809, 84.641, 98.224, 99.584, 88.769, 128.08100000000002, 93.104], "p": [71, 57, 152, 69, 66, 198, 50, 200, 147, 83, 55, 160, 175, 170, 180, 19, 95, 162, 138, 35, 126, 59, 159, 149, 30, 79, 41, 165, 4, 29, 190, 186, 97, 64, 172, 58, 183, 17, 162, 68, 72, 151, 122, 142, 51, 11, 9, 50, 29, 124, 92, 109, 94, 5, 184, 128, 32, 171, 29, 166, 192, 24, 29, 10, 167, 102, 77, 31, 33, 115, 79, 95, 54, 80, 33, 107, 123, 100, 200, 39, 55, 171, 31, 150, 28, 115, 21, 135, 100, 121, 120, 107, 185, 118, 65, 41, 172, 143, 24, 68, 163, 107, 163, 74, 162, 105, 39, 102, 23, 49, 26, 87, 47, 5, 84, 38, 98, 139, 76, 144, 113, 86, 200, 85, 41, 145, 198, 137, 57, 73, 59, 136, 116, 149, 132, 199, 81, 162, 93, 179, 46, 115, 119, 125, 51, 55, 56, 148, 51, 89, 9, 172, 188, 164, 186, 89, 108, 179, 157, 117, 6, 3, 162, 48, 186, 156, 30, 124, 170, 130, 162, 49, 155, 12, 64, 69, 191, 154, 167, 14, 160, 77, 82, 28, 171, 196, 113, 197, 146, 98, 139, 84, 14, 97, 21, 68, 72, 37, 141, 52], "q": [23.336571467699283, 27.60635997575759, 49.9599839871872, 60.852280154485584, 21.693150941804966, 65.0794528254149, 16.434205258943155, 149.99999999999994, 110.24999999999996, 73.19911960612033, 34.08593861217064, 77.49153677405641, 154.33549314543447, 0, 87.17797887081346, 6.2449979983984, 31.224989991991997, 100.39858282130258, 85.52471869962812, 0, 111.12155506471281, 36.564915965783044, 77.00721466921854, 92.34190642206225, 22.499999999999993, 59.249999999999986, 25.409517874527197, 145.5163221085525, 1.3147364207154526, 17.97258581368997, 117.75142429658945, 139.49999999999997, 60.115200825100935, 30.996614709622563, 128.99999999999997, 0, 0, 10.53565375285274, 121.49999999999996, 42.14261501141096, 23.665255572878145, 73.13263783051572, 91.49999999999999, 68.77373888697505, 0, 5.327543153216378, 4.358898943540672, 37.499999999999986, 9.531839050187031, 76.8482979619847, 57.01647913308542, 96.12896430201346, 82.90020774669051, 1.6434205258943158, 60.47787535291082, 0, 23.999999999999993, 150.8078247306817, 0, 124.49999999999997, 0, 7.888418524292716, 21.749999999999993, 8.819171036881968, 0, 0, 37.29280207251465, 0, 0, 71.27059891635678, 59.249999999999986, 0, 17.74894167965861, 70.55336829505575, 24.749999999999996, 0, 0, 32.86841051788631, 0, 18.88856208867625, 34.08593861217064, 0, 0, 49.30261577682948, 17.35284147528687, 37.79867209556926, 6.902366208756126, 119.05880899790658, 61.97443384031024, 0, 105.83005244258362, 94.36513009463708, 89.59958939500271, 0, 57.3246117397328, 25.409517874527197, 56.53366609076446, 107.24999999999997, 0, 32.933903128973974, 78.94450308856996, 94.36513009463708, 0, 45.86108104182958, 121.49999999999996, 0, 34.39476704383968, 76.49999999999999, 0, 23.731783137054773, 0, 65.24999999999999, 15.448152943406567, 4.409585518440984, 27.609464835024504, 12.4899959967968, 86.4278761614433, 45.687090619861976, 36.808479967676796, 107.99999999999997, 84.74999999999997, 41.65170101605532, 0, 0, 30.749999999999993, 70.22670520148861, 0, 102.74999999999999, 35.32542728897684, 0, 0, 84.28523002282192, 86.99999999999997, 92.34190642206225, 98.99999999999999, 96.38009886273265, 60.74999999999998, 53.24682503897583, 57.63622347148852, 0, 15.119468838227705, 86.24999999999997, 89.24999999999997, 60.540263104731565, 31.606961258558226, 34.08593861217064, 41.99999999999999, 110.99999999999997, 38.24999999999999, 29.25288536091882, 4.358898943540672, 83.30340203211064, 0, 53.90419324933356, 0, 43.10466733056887, 0, 0, 51.603404513081514, 103.18430113151904, 3.7184660304186146, 0.9860523155365895, 142.8705707974879, 35.99999999999999, 115.27244694297704, 51.27472040790265, 9.860523155365893, 76.8482979619847, 105.3565375285274, 114.6492234794656, 121.49999999999996, 36.74999999999999, 96.06037245248086, 10.583005244258363, 0, 22.67920325734156, 0, 135.81523396798232, 80.88179150792136, 6.780509467729935, 52.589456828618104, 25.308676098772462, 50.81903574905439, 0, 128.24999999999997, 0, 99.65663271676625, 147.74999999999997, 109.49999999999997, 0, 67.32077257246151, 0, 10.499999999999998, 85.5459590577551, 18.520259177452136, 42.14261501141096, 0, 22.93054052091479, 0, 17.091573469300883], "B": 9978.284226467385}, "solution": [0.0, 0.0, 0.0, 0.0, 0.0, 0.0, 0.0, 1.0, 1.0, 0.0, 0.0, 1.0, 1.0, 0.0, 1.0, 0.0, 0.0, 1.0, 1.0, 0.0, 1.0, 0.0, 1.0, 1.0, 0.0, 0.0, 0.0, 1.0, 0.0, 0.0, 1.0, 1.0, 0.0, 0.0, 1.0, 0.0, 0.0, 0.0, 1.0, 0.0, 0.0, 1.0, 1.0, 0.0, 0.0, 0.0, 0.0, 0.0, 0.0, 0.0, 0.0, 1.0, 0.0, 0.0, 0.0, 0.0, 0.0, 1.0, 0.0, 1.0, 0.0, 0.0, 0.0, 0.0, 0.0, 0.0, 0.0, 0.0, 0.0, 0.0, 0.0, 0.0, 0.0, 0.0, 0.0, 0.0, 0.0, 0.0, 0.0, 0.0, 0.0, 0.0, 0.0, 0.0, 0.0, 0.0, 0.0, 1.0, 0.0, 0.0, 1.0, 1.0, 1.0, 0.0, 0.0, 0.0, 0.0, 1.0, 0.0, 0.0, 1.0, 1.0, 0.0, 0.0, 1.0, 0.0, 0.0, 0.0, 0.0, 0.0, 0.0, 0.0, 0.0, 0.0, 0.0, 0.0, 0.0, 0.0, 0.0, 1.0, 1.0, 0.0, 0.0, 0.0, 0.0, 1.0, 0.0, 1.0, 0.0, 0.0, 0.0, 1.0, 1.0, 1.0, 1.0, 1.0, 0.0, 0.0, 0.0, 0.0, 0.0, 1.0, 1.0, 0.0, 0.0, 0.0, 0.0, 1.0, 0.0, 0.0, 0.0, 1.0, 0.0, 0.0, 0.0, 0.0, 0.0, 0.0, 0.0, 1.0, 0.0, 0.0, 1.0, 0.0, 1.0, 0.0, 0.0, 0.0, 1.0, 1.0, 1.0, 0.0, 1.0, 0.0, 0.0, 0.0, 0.0, 1.0, 1.0, 0.0, 0.0, 0.0, 0.0, 0.0, 1.0, 0.0, 1.0, 1.0, 1.0, 0.0, 0.0, 0.0, 0.0, 0.0, 0.0, 0.0, 0.0, 0.0, 0.0, 0.0], "objective_value": 7223.0909999999985, "solve_time": 117.63631272315979}