{"instance": {"c": [129.049, 106.1, 106.1, 152.94400000000002, 84.161, 86.641, 122.9, 88.225, 90.449, 95.6, 84.161, 93.409, 152.369, 84.641, 91.025, 105.344, 122.9, 135.025, 158.804, 81.236, 133.001, 100.976, 117.961, 88.496, 83.924, 99.241, 143.98399999999998, 98.224, 89.321, 101.32900000000001, 120.176, 112.436, 121.076, 86.9, 95.281, 115.369, 106.481, 100.276, 82.544, 85.876, 160.0, 115.369, 97.225, 138.644, 106.864, 91.609, 80.816, 142.9, 85.376, 156.436, 84.884, 84.641, 109.20400000000001, 135.025, 158.209, 98.224, 118.4, 116.656, 134.00900000000001, 81.664, 138.644, 86.9, 117.961, 110.0, 94.964, 102.041, 153.52100000000002, 147.841, 83.68900000000001, 123.361, 87.424, 132.001, 110.40100000000001, 141.289, 98.561, 92.801, 96.896, 140.225, 138.644, 81.236, 145.07600000000002, 106.1, 151.796, 93.104, 113.26400000000001, 107.636, 114.1, 155.264, 137.08100000000002, 122.9, 88.769, 84.161, 148.4, 80.404, 93.409, 91.904, 137.08100000000002, 93.409, 133.001, 94.336, 128.56400000000002, 82.769, 150.089, 113.26400000000001, 152.369, 149.524, 80.816, 124.756, 117.089, 81.025, 134.00900000000001, 97.225, 124.756, 143.98399999999998, 98.9, 121.076, 156.436, 83.456, 90.449, 118.84100000000001, 151.796, 150.089, 142.9, 126.644, 131.50400000000002, 93.71600000000001, 155.849, 151.796, 112.025, 125.225, 127.12100000000001, 100.976, 89.044, 90.736, 141.824, 137.6, 91.316, 123.361, 98.561, 157.025, 89.044, 141.824, 158.804, 140.756, 91.609, 82.321, 150.656, 110.40100000000001, 108.416, 92.801, 130.51600000000002, 80.201, 91.609, 80.201, 119.729, 114.1, 90.164, 151.796, 121.529, 155.849, 80.201, 81.664, 148.4, 86.384, 126.644, 95.921, 143.441, 95.281, 109.601, 135.025, 89.044, 117.524, 127.12100000000001, 95.921, 150.089, 102.041, 129.536, 100.976, 90.449, 131.50400000000002, 145.07600000000002, 96.896, 111.209, 106.481, 115.369, 107.249, 100.276, 135.536, 140.756, 99.241, 101.684, 148.4, 99.241, 143.441, 89.044, 118.4, 115.79599999999999, 91.904, 103.856, 88.496], "p": [143, 90, 90, 188, 19, 29, 130, 35, 43, 60, 19, 53, 187, 21, 45, 88, 130, 155, 198, 6, 151, 76, 119, 36, 18, 71, 172, 68, 39, 77, 124, 106, 126, 30, 59, 113, 91, 74, 12, 26, 200, 113, 65, 162, 92, 47, 4, 170, 24, 194, 22, 21, 98, 155, 197, 68, 120, 116, 153, 8, 162, 30, 119, 100, 58, 79, 189, 179, 17, 131, 32, 149, 101, 167, 69, 51, 64, 165, 162, 6, 174, 90, 186, 52, 108, 94, 110, 192, 159, 130, 37, 19, 180, 2, 53, 48, 159, 53, 151, 56, 142, 13, 183, 108, 187, 182, 4, 134, 117, 5, 153, 65, 134, 172, 70, 126, 194, 16, 43, 121, 186, 183, 170, 138, 148, 54, 193, 186, 105, 135, 139, 76, 38, 44, 168, 160, 46, 131, 69, 195, 38, 168, 198, 166, 47, 11, 184, 101, 96, 51, 146, 1, 47, 1, 123, 110, 42, 186, 127, 193, 1, 8, 180, 28, 138, 61, 171, 59, 99, 155, 38, 118, 139, 61, 183, 79, 144, 76, 43, 148, 174, 64, 103, 91, 113, 93, 74, 156, 166, 71, 78, 180, 71, 171, 38, 120, 114, 48, 84, 36], "q": [88.62344039164364, 0, 79.37253933193772, 165.80041549338102, 6.2449979983984, 17.97258581368997, 42.72893367325221, 0, 14.133416522691116, 52.91502622129181, 0, 17.420257574479745, 0, 13.01463110646515, 39.68626966596886, 65.99999999999999, 42.72893367325221, 136.6971510716705, 0, 2.9059326290271152, 73.13263783051572, 36.808479967676796, 73.74957626996918, 31.74901573277509, 0, 34.38686944348753, 151.68974183436987, 0, 29.249999999999993, 67.90761698399116, 109.35772085733642, 79.49999999999999, 111.12155506471281, 9.860523155365893, 52.03310911760362, 99.65663271676625, 68.24999999999999, 55.499999999999986, 8.999999999999998, 19.499999999999993, 65.73682103577262, 37.141303885211535, 0, 0, 68.99999999999999, 22.763138927379067, 0, 82.33475782243492, 7.888418524292716, 120.23040165020187, 0, 10.170764201594903, 47.463566274109546, 116.24999999999997, 0, 0, 74.36932060837229, 86.99999999999997, 74.10128204019144, 3.8745768387028203, 78.4601809837321, 22.499999999999993, 39.113408516284714, 61.97443384031024, 19.063678100374062, 0, 166.68233259706923, 0, 10.53565375285274, 43.05761777843107, 19.831818828899276, 72.16399362084003, 75.74999999999999, 0, 51.749999999999986, 38.24999999999999, 39.66363765779855, 145.5163221085525, 100.39858282130258, 1.972104631073179, 107.8355148821398, 29.581569466097683, 61.135243563268546, 0, 0, 70.49999999999997, 0, 143.99999999999997, 0, 42.72893367325221, 27.749999999999993, 14.249999999999995, 158.74507866387543, 1.2394886768062048, 17.420257574479745, 0, 98.53934980609328, 46.741606495474436, 49.631299882008335, 18.406309890016338, 125.23222872372396, 4.272893367325221, 113.41321392776773, 0, 140.24999999999997, 59.82050714255309, 1.3147364207154526, 83.04574134601572, 103.18430113151904, 4.409585518440984, 0, 21.364466836626104, 100.49999999999997, 151.68974183436987, 23.00788736252042, 41.41419725253676, 63.76471640469945, 9.915909414449638, 20.82585050802766, 74.98906494677539, 139.49999999999997, 60.149191247731956, 149.92590762699348, 103.49999999999997, 71.67967151600216, 40.499999999999986, 119.61065731179878, 139.49999999999997, 78.74999999999997, 119.05880899790658, 0, 47.10056971863578, 23.55028485931789, 14.462100627869978, 125.99999999999997, 141.1067365901115, 34.49999999999999, 115.53114058315379, 0, 171.97383521919838, 18.404239983838398, 55.21892967004901, 95.89577675789481, 146.39823921224067, 29.12798390494581, 6.817187722434126, 162.2727470786282, 33.197094623065176, 0, 24.70042734673048, 0, 0.32868410517886315, 15.448152943406567, 0.7499999999999998, 108.47580375364822, 82.49999999999997, 13.804732417512252, 139.49999999999997, 61.50890731440727, 63.43603229952059, 0.48432210483785254, 5.999999999999998, 87.17797887081346, 9.203154945008169, 85.52471869962812, 37.80440464258925, 105.9762818669305, 28.575004185433297, 74.24999999999997, 96.06037245248086, 23.55028485931789, 88.49999999999997, 45.687090619861976, 37.80440464258925, 161.39082997494003, 38.26144628219035, 126.99606293110035, 67.02569988030297, 37.92243545859247, 110.99999999999997, 130.49999999999997, 30.996614709622563, 63.83366685551955, 29.910253571276545, 0, 69.74999999999999, 35.83983575800108, 75.554248354705, 54.56156145969128, 53.24999999999998, 48.340058395441986, 111.55398091255843, 53.24999999999998, 0, 28.49999999999999, 105.83005244258362, 37.4699879903904, 42.33202097703345, 40.68305680637961, 17.43559577416269], "B": 9710.789383641419}, "solution": [0.0, 0.0, 0.0, 1.0, 0.0, 0.0, 0.0, 0.0, 0.0, 0.0, 0.0, 0.0, 0.0, 0.0, 0.0, 0.0, 0.0, 1.0, 0.0, 0.0, 0.0, 0.0, 0.0, 0.0, 0.0, 0.0, 1.0, 0.0, 0.0, 0.0, 1.0, 0.0, 1.0, 0.0, 0.0, 0.0, 0.0, 0.0, 0.0, 0.0, 1.0, 0.0, 0.0, 0.0, 0.0, 0.0, 0.0, 1.0, 0.0, 1.0, 0.0, 0.0, 0.0, 1.0, 0.0, 0.0, 0.0, 0.0, 0.0, 0.0, 0.0, 0.0, 0.0, 0.0, 0.0, 0.0, 1.0, 0.0, 0.0, 0.0, 0.0, 0.0, 0.0, 0.0, 0.0, 0.0, 0.0, 1.0, 1.0, 0.0, 1.0, 0.0, 0.0, 0.0, 0.0, 0.0, 0.0, 1.0, 0.0, 0.0, 0.0, 0.0, 1.0, 0.0, 0.0, 0.0, 1.0, 0.0, 0.0, 0.0, 1.0, 0.0, 1.0, 0.0, 1.0, 1.0, 0.0, 0.0, 1.0, 0.0, 0.0, 0.0, 1.0, 1.0, 0.0, 0.0, 0.0, 0.0, 0.0, 0.0, 1.0, 0.0, 1.0, 1.0, 0.0, 0.0, 1.0, 1.0, 0.0, 1.0, 0.0, 0.0, 0.0, 0.0, 1.0, 1.0, 0.0, 1.0, 0.0, 1.0, 0.0, 0.0, 1.0, 1.0, 0.0, 0.0, 1.0, 0.0, 0.0, 0.0, 0.0, 0.0, 0.0, 0.0, 1.0, 0.0, 0.0, 1.0, 0.0, 0.0, 0.0, 0.0, 1.0, 0.0, 0.0, 0.0, 1.0, 0.0, 0.0, 1.0, 0.0, 0.0, 0.0, 0.0, 1.0, 0.0, 1.0, 0.0, 0.0, 1.0, 1.0, 0.0, 0.0, 0.0, 0.0, 0.0, 0.0, 0.0, 0.0, 0.0, 0.0, 1.0, 0.0, 0.0, 0.0, 1.0, 0.0, 0.0, 0.0, 0.0], "objective_value": 6637.783999999998, "solve_time": 36.880364418029785}