{"instance": {"c": [158.804, 85.625, 103.489, 95.6, 97.225, 95.921, 88.496, 99.241, 105.344, 91.025, 94.336, 88.496, 136.049, 84.4, 102.761, 109.601, 102.761, 94.336, 89.044, 86.384, 94.336, 96.896, 112.436, 93.104, 154.681, 157.616, 84.641, 142.9, 130.51600000000002, 123.361, 93.104, 159.401, 159.401, 100.625, 101.684, 118.4, 136.56400000000002, 100.976, 122.441, 132.001, 117.089, 140.225, 138.121, 135.025, 127.6, 105.721, 102.041, 116.225, 99.241, 108.025, 127.6, 97.889, 106.864, 148.961, 80.816, 107.249, 85.876, 82.321, 93.71600000000001, 132.001, 108.416, 82.996, 128.08100000000002, 116.225, 81.449, 104.596, 139.696, 146.176, 126.16900000000001, 97.556, 94.336, 142.361, 93.104, 126.16900000000001, 140.225, 87.424, 116.225, 84.884, 94.964, 83.456, 156.436, 130.51600000000002, 112.849, 108.416, 154.1, 95.281, 135.025, 98.9, 90.736, 122.441, 96.569, 129.049, 125.696, 148.4, 102.041, 139.16899999999998, 158.209, 136.049, 128.08100000000002, 89.6, 94.964, 89.044, 134.00900000000001, 133.50400000000002, 86.641, 87.161, 127.12100000000001, 85.376, 95.281, 108.416, 83.225, 99.584, 133.50400000000002, 80.201, 139.696, 154.681, 89.881, 140.756, 128.08100000000002, 115.369, 94.336, 131.00900000000001, 81.025, 94.649, 125.696, 108.809, 112.849, 152.369, 150.656, 134.00900000000001, 124.289, 99.584, 85.376, 155.264, 145.07600000000002, 105.721, 157.025, 115.369, 86.129, 119.284, 103.489, 154.681, 115.79599999999999, 145.07600000000002, 120.625, 85.129, 158.209, 138.121, 138.644, 124.289, 128.08100000000002, 87.161, 103.124, 121.98400000000001, 112.436, 89.6, 117.961, 125.696, 130.51600000000002, 82.544, 141.824, 116.656, 125.225, 121.076, 100.625, 148.961, 151.225, 84.4, 100.625, 158.209, 140.756, 112.025, 97.225, 157.616, 102.761, 153.52100000000002, 102.041, 119.729, 112.436, 139.696, 136.049, 89.321, 83.225, 126.16900000000001, 91.025, 114.944, 82.321, 152.369, 147.841, 101.32900000000001, 83.68900000000001, 99.584, 108.025, 141.289, 86.9, 84.4, 83.68900000000001, 87.424, 159.401, 93.409], "p": [198, 25, 83, 60, 65, 61, 36, 71, 88, 45, 56, 36, 157, 20, 81, 99, 81, 56, 38, 28, 56, 64, 106, 52, 191, 196, 21, 170, 146, 131, 52, 199, 199, 75, 78, 120, 158, 76, 129, 149, 117, 165, 161, 155, 140, 89, 79, 115, 71, 95, 140, 67, 92, 181, 4, 93, 26, 11, 54, 149, 96, 14, 141, 115, 7, 86, 164, 176, 137, 66, 56, 169, 52, 137, 165, 32, 115, 22, 58, 16, 194, 146, 107, 96, 190, 59, 155, 70, 44, 129, 63, 143, 136, 180, 79, 163, 197, 157, 141, 40, 58, 38, 153, 152, 29, 31, 139, 24, 59, 96, 15, 72, 152, 1, 164, 191, 41, 166, 141, 113, 56, 147, 5, 57, 136, 97, 107, 187, 184, 153, 133, 72, 24, 192, 174, 89, 195, 113, 27, 122, 83, 191, 114, 174, 125, 23, 197, 161, 162, 133, 141, 31, 82, 128, 106, 40, 119, 136, 146, 12, 168, 116, 135, 126, 75, 181, 185, 20, 75, 197, 166, 105, 65, 196, 81, 189, 79, 123, 106, 164, 157, 39, 15, 137, 45, 112, 11, 187, 179, 77, 17, 72, 95, 167, 30, 20, 17, 32, 199, 53], "q": [174.61958653026298, 12.108052620946314, 73.19911960612033, 29.059326290271148, 31.480936814460414, 20.049730415910652, 26.999999999999993, 0, 54.53750177947301, 39.68626966596886, 41.99999999999999, 11.832627786439073, 117.74999999999996, 0, 50.19929141065129, 74.24999999999997, 71.43528539874394, 49.38735780653903, 33.51284994015148, 24.693678903269515, 27.12203787091974, 47.999999999999986, 51.33814311281237, 25.18474945156833, 118.37116863499256, 94.92713254821909, 18.520259177452136, 105.3565375285274, 47.987879356114014, 0, 45.85968939178624, 149.24999999999997, 96.38009886273265, 24.65130788841474, 37.7771241773525, 74.36932060837229, 51.93208861826037, 36.808479967676796, 0, 48.973931671650604, 72.51008759316298, 54.232877354512425, 141.9886536937997, 50.94603630272379, 123.46839451634757, 55.15724611787611, 69.67145119136755, 101.42046692414264, 44.00184802662027, 0, 0, 41.52287067300786, 68.99999999999999, 135.74999999999997, 2.4789773536124096, 45.041955749920284, 16.113352798480662, 0, 26.153393661244035, 131.40564844954133, 59.49545648669783, 8.676420737643435, 124.35031162003577, 0, 0, 64.49999999999999, 122.99999999999997, 57.84840251147991, 0, 31.965258919298268, 49.38735780653903, 149.04399052330527, 25.18474945156833, 120.82264320528297, 79.91314729824566, 15.498307354811281, 55.69704205635304, 0, 35.94517162737994, 7.749153677405641, 0, 0, 0, 0, 142.49999999999994, 0, 0, 23.00788736252042, 27.268750889736506, 0, 30.51229260478471, 107.24999999999997, 0, 134.99999999999994, 25.966044309130186, 122.24999999999997, 147.74999999999997, 97.29986112928707, 0, 13.147364207154526, 0, 0, 0, 0, 0, 27.339430214334104, 67.32077257246151, 17.999999999999996, 44.249999999999986, 59.49545648669783, 0, 0, 94.20113943727156, 0, 122.99999999999997, 168.4461668044456, 30.749999999999993, 80.39746940308352, 46.3444588302197, 54.72839784667734, 34.70568295057374, 110.24999999999996, 3.7499999999999987, 35.32542728897684, 65.86780625794795, 31.882358202349725, 80.24999999999999, 140.24999999999997, 162.2727470786282, 74.10128204019144, 117.29497479053019, 34.87119154832538, 21.166010488516726, 0, 130.49999999999997, 43.10466733056887, 120.85014598860498, 0, 20.249999999999993, 0, 62.249999999999986, 92.50552202402983, 100.53854982045443, 0, 110.23963796102463, 17.249999999999996, 0, 0, 53.24682503897583, 0, 87.38395171483744, 23.249999999999993, 61.499999999999986, 112.8853892720892, 79.49999999999999, 13.147364207154526, 57.63433047570445, 0, 47.987879356114014, 7.436932060837229, 125.99999999999997, 38.127356200748125, 65.38348415311009, 78.0877866387909, 36.32415786283894, 87.6623009756513, 89.59958939500271, 9.686442096757052, 46.48082538023268, 95.41145465305694, 146.39823921224067, 65.07315553232576, 0, 0, 60.74999999999998, 62.121295878805135, 25.966044309130186, 92.24999999999997, 34.84051514895949, 53.90419324933356, 76.03857045954285, 18.88856208867625, 4.930261577682947, 102.74999999999999, 39.68626966596886, 36.812619780032676, 9.701088140570166, 140.24999999999997, 110.93423657415532, 57.749999999999986, 14.992590762699349, 63.49803146555018, 58.875712148294724, 103.4973045133181, 14.529663145135574, 12.394886768062047, 12.749999999999996, 23.999999999999993, 0, 46.741606495474436], "B": 9544.776590843214}, "solution": [1.0, 0.0, 0.0, 0.0, 0.0, 0.0, 0.0, 0.0, 0.0, 0.0, 0.0, 0.0, 1.0, 0.0, 0.0, 0.0, 0.0, 0.0, 0.0, 0.0, 0.0, 0.0, 0.0, 0.0, 0.0, 1.0, 0.0, 1.0, 0.0, 0.0, 0.0, 1.0, 1.0, 0.0, 0.0, 0.0, 0.0, 0.0, 0.0, 0.0, 0.0, 0.0, 1.0, 0.0, 1.0, 0.0, 0.0, 1.0, 0.0, 0.0, 0.0, 0.0, 0.0, 1.0, 0.0, 0.0, 0.0, 0.0, 0.0, 1.0, 0.0, 0.0, 1.0, 0.0, 0.0, 0.0, 1.0, 0.0, 0.0, 0.0, 0.0, 1.0, 0.0, 1.0, 1.0, 0.0, 0.0, 0.0, 0.0, 0.0, 0.0, 0.0, 0.0, 0.0, 1.0, 0.0, 0.0, 0.0, 0.0, 0.0, 0.0, 1.0, 0.0, 1.0, 0.0, 1.0, 1.0, 1.0, 0.0, 0.0, 0.0, 0.0, 0.0, 0.0, 0.0, 0.0, 0.0, 0.0, 0.0, 0.0, 0.0, 0.0, 1.0, 0.0, 1.0, 1.0, 0.0, 1.0, 0.0, 0.0, 0.0, 1.0, 0.0, 0.0, 0.0, 0.0, 0.0, 1.0, 1.0, 0.0, 1.0, 0.0, 0.0, 0.0, 1.0, 0.0, 1.0, 0.0, 0.0, 0.0, 0.0, 1.0, 1.0, 0.0, 1.0, 0.0, 0.0, 0.0, 0.0, 0.0, 1.0, 0.0, 0.0, 1.0, 0.0, 0.0, 0.0, 0.0, 0.0, 0.0, 1.0, 0.0, 0.0, 0.0, 0.0, 1.0, 1.0, 0.0, 0.0, 1.0, 1.0, 0.0, 0.0, 0.0, 0.0, 0.0, 0.0, 1.0, 0.0, 0.0, 0.0, 0.0, 0.0, 1.0, 0.0, 0.0, 0.0, 1.0, 1.0, 0.0, 0.0, 0.0, 0.0, 1.0, 0.0, 0.0, 0.0, 0.0, 0.0, 0.0], "objective_value": 6617.186999999999, "solve_time": 29.76676630973816}