{"instance": {"c": [83.924, 146.176, 139.696, 97.225, 131.00900000000001, 96.896, 104.969, 100.976, 152.369, 123.361, 95.281, 95.921, 150.656, 108.025, 151.796, 81.449, 104.969, 140.225, 151.796, 117.961, 84.641, 117.961, 134.51600000000002, 110.804, 95.6, 102.041, 85.876, 102.4, 143.98399999999998, 122.441, 129.536, 98.224, 97.556, 110.40100000000001, 127.12100000000001, 135.536, 81.449, 137.6, 104.969, 147.284, 109.601, 81.236, 83.456, 152.94400000000002, 90.449, 96.569, 85.129, 131.50400000000002, 83.68900000000001, 94.649, 91.316, 122.441, 143.98399999999998, 136.049, 123.824, 134.00900000000001, 114.1, 127.6, 81.881, 93.104, 135.536, 123.824, 131.00900000000001, 147.841, 90.164, 98.9, 155.849, 97.889, 133.001, 127.6, 81.236, 129.536, 90.449, 137.6, 83.225, 92.801, 131.00900000000001, 133.50400000000002, 108.416, 145.625, 142.9, 104.596, 89.6, 124.756, 82.996, 119.284, 118.4, 143.98399999999998, 108.416, 143.441, 147.284, 100.276, 131.00900000000001, 145.07600000000002, 118.4, 160.0, 81.881, 147.284, 146.176, 101.32900000000001, 82.321, 81.449, 108.025, 159.401, 91.316, 102.041, 135.025, 107.249, 143.441, 82.769, 88.496, 103.856, 102.4, 92.201, 139.16899999999998, 87.689, 143.98399999999998, 114.1, 85.625, 88.769, 84.641, 87.689, 113.26400000000001, 117.524, 81.881, 85.376, 102.041, 132.5, 80.816, 129.049, 91.609, 158.804, 94.025, 86.641, 85.129, 111.209, 126.644, 93.71600000000001, 102.761, 84.161, 117.961, 125.225, 129.049, 90.736, 122.441, 83.225, 145.07600000000002, 138.644, 142.9, 113.26400000000001, 154.1, 80.816, 140.756, 85.876, 140.756, 126.16900000000001, 106.1, 103.124, 114.521, 124.289, 139.16899999999998, 115.369, 83.924, 158.804, 104.969, 127.6, 119.284, 150.089, 138.644, 127.6, 110.40100000000001, 103.489, 100.976, 90.736, 80.201, 123.824, 129.049, 145.625, 97.556, 120.625, 88.496, 116.225, 99.584, 140.225, 156.436, 82.996, 120.625, 147.284, 158.209, 104.969, 88.496, 158.209, 98.224, 119.729, 128.08100000000002, 117.089, 101.32900000000001, 87.424, 80.609, 108.416], "p": [18, 176, 164, 65, 147, 64, 87, 76, 187, 131, 59, 61, 184, 95, 186, 7, 87, 165, 186, 119, 21, 119, 154, 102, 60, 79, 26, 80, 172, 129, 144, 68, 66, 101, 139, 156, 7, 160, 87, 178, 99, 6, 16, 188, 43, 63, 23, 148, 17, 57, 46, 129, 172, 157, 132, 153, 110, 140, 9, 52, 156, 132, 147, 179, 42, 70, 193, 67, 151, 140, 6, 144, 43, 160, 15, 51, 147, 152, 96, 175, 170, 86, 40, 134, 14, 122, 120, 172, 96, 171, 178, 74, 147, 174, 120, 200, 9, 178, 176, 77, 11, 7, 95, 199, 46, 79, 155, 93, 171, 13, 36, 84, 80, 49, 163, 33, 172, 110, 25, 37, 21, 33, 108, 118, 9, 24, 79, 150, 4, 143, 47, 198, 55, 29, 23, 103, 138, 54, 81, 19, 119, 135, 143, 44, 129, 15, 174, 162, 170, 108, 190, 4, 166, 26, 166, 137, 90, 82, 111, 133, 163, 113, 18, 198, 87, 140, 122, 183, 162, 140, 101, 83, 76, 44, 1, 132, 143, 175, 66, 125, 36, 115, 72, 165, 194, 14, 125, 178, 197, 87, 36, 197, 68, 123, 141, 117, 77, 32, 3, 96], "q": [13.499999999999996, 0, 79.42882519340782, 21.364466836626104, 71.19534941116432, 30.996614709622563, 53.9177574410699, 36.808479967676796, 164.91849838969281, 115.53114058315379, 28.575004185433297, 20.049730415910652, 89.11526729016487, 0, 164.03658128600463, 0, 42.136023120893164, 102.2578158365119, 90.08391149984057, 104.94813533889544, 0, 39.113408516284714, 0, 49.40085469346096, 37.184660304186146, 38.26144628219035, 16.113352798480662, 49.57954707224819, 151.68974183436987, 62.477551524082976, 126.99606293110035, 32.933903128973974, 58.20652884342099, 48.9165325886231, 0, 137.5790681753587, 3.3902547338649676, 0, 28.595517150561093, 156.98124445649904, 0, 1.972104631073179, 11.999999999999996, 140.99999999999994, 32.24999999999999, 0, 0, 91.72216208365916, 8.233475782243493, 27.60635997575759, 15.119468838227705, 113.76730637577741, 128.99999999999997, 117.74999999999996, 81.80625266920951, 94.82088377567466, 82.49999999999997, 104.99999999999997, 5.577699045627922, 38.999999999999986, 116.99999999999997, 116.41305768684198, 48.31656346129288, 58.83445482701651, 37.04051835490427, 33.902547338649676, 93.47416623370553, 0, 49.631299882008335, 46.01577472504084, 1.972104631073179, 126.99606293110035, 26.6490065513334, 52.589456828618104, 4.930261577682947, 0, 48.31656346129288, 73.61695993535359, 31.553674097170862, 0, 149.92590762699348, 28.26683304538223, 0, 100.49999999999997, 12.346839451634757, 107.59388664996003, 58.118652580542296, 0, 59.49545648669783, 105.9762818669305, 133.49999999999997, 35.83983575800108, 91.10241774525605, 107.8355148821398, 89.99999999999997, 149.99999999999994, 2.958156946609768, 0, 109.07500355894602, 47.720314057038884, 9.701088140570166, 5.249999999999999, 83.78212485037871, 65.40813693059377, 22.278816822541216, 0, 50.94603630272379, 57.63622347148852, 0, 8.056676399240331, 0, 0, 49.57954707224819, 30.36747258175202, 122.24999999999997, 15.982629459649134, 106.5960262053336, 82.49999999999997, 18.749999999999993, 12.161311891617936, 10.170764201594903, 29.103264421710495, 95.24704719832526, 104.06621823520724, 4.358898943540672, 7.888418524292716, 69.67145119136755, 72.64831572567788, 1.9372884193514102, 88.62344039164364, 35.249999999999986, 174.61958653026298, 41.249999999999986, 9.531839050187031, 20.284093384828527, 49.885176798298815, 45.35840651468312, 40.499999999999986, 71.43528539874394, 9.202119991919199, 0, 119.05880899790658, 88.62344039164364, 14.462100627869978, 113.76730637577741, 13.228756555322953, 107.8355148821398, 78.4601809837321, 55.87629788040673, 35.49788335931722, 62.449979983983994, 1.3147364207154526, 54.56156145969128, 0, 124.49999999999997, 102.74999999999999, 79.37253933193772, 72.31720250243215, 53.75975363700163, 64.41483994343439, 122.24999999999997, 0, 5.916313893219536, 95.89577675789481, 0, 46.01577472504084, 107.59388664996003, 113.41321392776773, 142.8705707974879, 123.46839451634757, 75.74999999999999, 40.19873470154176, 36.808479967676796, 14.462100627869978, 0, 63.930517838596536, 107.24999999999997, 84.7563683466242, 0, 0, 0, 71.27059891635678, 53.999999999999986, 54.232877354512425, 0, 10.499999999999998, 93.74999999999997, 156.98124445649904, 122.08963466541118, 0, 22.310796182511687, 0, 22.350519152162697, 76.22855362358159, 0, 38.45604030592698, 67.90761698399116, 19.831818828899276, 2.6457513110645907, 84.6640419540669], "B": 11336.1088930059}, "solution": [0.0, 0.0, 1.0, 0.0, 0.0, 0.0, 0.0, 0.0, 1.0, 1.0, 0.0, 0.0, 1.0, 0.0, 1.0, 0.0, 0.0, 1.0, 1.0, 1.0, 0.0, 0.0, 0.0, 0.0, 0.0, 0.0, 0.0, 0.0, 1.0, 0.0, 1.0, 0.0, 0.0, 0.0, 0.0, 1.0, 0.0, 0.0, 0.0, 1.0, 0.0, 0.0, 0.0, 1.0, 0.0, 0.0, 0.0, 1.0, 0.0, 0.0, 0.0, 1.0, 1.0, 1.0, 0.0, 1.0, 0.0, 1.0, 0.0, 0.0, 1.0, 1.0, 0.0, 0.0, 0.0, 0.0, 1.0, 0.0, 0.0, 0.0, 0.0, 1.0, 0.0, 1.0, 0.0, 0.0, 0.0, 1.0, 0.0, 0.0, 1.0, 0.0, 0.0, 1.0, 0.0, 1.0, 0.0, 0.0, 0.0, 1.0, 1.0, 0.0, 1.0, 1.0, 1.0, 1.0, 0.0, 0.0, 1.0, 0.0, 0.0, 0.0, 0.0, 0.0, 0.0, 0.0, 0.0, 0.0, 0.0, 0.0, 0.0, 0.0, 0.0, 0.0, 1.0, 0.0, 1.0, 0.0, 0.0, 0.0, 0.0, 0.0, 0.0, 1.0, 0.0, 0.0, 0.0, 0.0, 0.0, 1.0, 0.0, 1.0, 0.0, 0.0, 0.0, 0.0, 0.0, 0.0, 0.0, 0.0, 0.0, 1.0, 1.0, 0.0, 1.0, 0.0, 1.0, 1.0, 0.0, 0.0, 0.0, 0.0, 0.0, 0.0, 1.0, 1.0, 0.0, 0.0, 0.0, 0.0, 1.0, 0.0, 0.0, 1.0, 0.0, 0.0, 1.0, 1.0, 1.0, 1.0, 0.0, 0.0, 0.0, 0.0, 0.0, 0.0, 1.0, 1.0, 0.0, 0.0, 0.0, 0.0, 0.0, 0.0, 0.0, 0.0, 1.0, 1.0, 1.0, 0.0, 0.0, 0.0, 0.0, 0.0, 0.0, 0.0, 0.0, 0.0, 0.0, 0.0], "objective_value": 7977.178, "solve_time": 14.347567558288574}