{"instance": {"c": [109.20400000000001, 158.209, 85.876, 138.644, 127.12100000000001, 83.225, 122.9, 155.264, 98.224, 118.84100000000001, 130.51600000000002, 99.929, 89.044, 127.12100000000001, 81.881, 118.4, 90.736, 115.369, 124.756, 117.089, 110.804, 93.409, 80.201, 129.049, 122.9, 157.025, 133.001, 131.00900000000001, 141.824, 140.225, 93.71600000000001, 113.681, 82.1, 112.025, 95.921, 146.176, 147.841, 147.284, 123.824, 135.536, 108.809, 158.804, 102.761, 103.856, 128.08100000000002, 94.964, 123.824, 100.625, 116.225, 84.641, 84.4, 121.98400000000001, 100.625, 124.756, 146.72899999999998, 102.4, 115.369, 140.225, 106.864, 108.025, 154.1, 149.524, 114.1, 95.921, 86.641, 93.409, 80.609, 83.456, 106.1, 93.104, 141.289, 154.681, 142.361, 120.625, 151.796, 90.164, 114.944, 137.08100000000002, 137.08100000000002, 99.929, 108.809, 85.876, 97.225, 141.824, 108.416, 130.025, 119.729, 160.0, 91.904, 142.9, 138.644, 103.124, 110.804, 92.5, 101.32900000000001, 99.584, 157.025, 85.376, 155.264, 97.556, 129.536, 117.524, 93.104, 106.864, 89.6, 103.856, 87.424, 104.225, 106.1, 81.449, 132.5, 96.244, 90.449, 87.161, 110.804, 131.00900000000001, 91.025, 132.5, 82.1, 101.32900000000001, 125.225, 82.769, 100.276, 115.369, 92.5, 136.049, 150.089, 89.881, 95.6, 91.316, 126.644, 141.824, 154.681, 148.961, 133.50400000000002, 89.321, 97.556, 124.756, 81.881, 121.076, 81.236, 96.896, 152.94400000000002, 145.07600000000002, 101.32900000000001, 128.56400000000002, 97.225, 91.609, 99.929, 89.321, 136.049, 81.881, 108.416, 103.489, 122.9, 108.416, 87.689, 133.001, 91.316, 97.889, 138.121, 156.436, 98.561, 138.121, 83.68900000000001, 126.16900000000001, 138.121, 83.924, 111.616, 127.6, 83.68900000000001, 102.4, 139.696, 140.756, 120.625, 138.644, 138.644, 97.556, 103.489, 152.369, 147.841, 124.756, 128.56400000000002, 116.225, 135.025, 155.849, 115.369, 120.625, 138.121, 99.929, 120.625, 135.025, 118.4, 108.025, 90.164, 158.804, 108.416, 106.481, 83.225, 91.904], "p": [98, 197, 26, 162, 139, 15, 130, 192, 68, 121, 146, 73, 38, 139, 9, 120, 44, 113, 134, 117, 102, 53, 1, 143, 130, 195, 151, 147, 168, 165, 54, 109, 10, 105, 61, 176, 179, 178, 132, 156, 97, 198, 81, 84, 141, 58, 132, 75, 115, 21, 20, 128, 75, 134, 177, 80, 113, 165, 92, 95, 190, 182, 110, 61, 29, 53, 3, 16, 90, 52, 167, 191, 169, 125, 186, 42, 112, 159, 159, 73, 97, 26, 65, 168, 96, 145, 123, 200, 48, 170, 162, 82, 102, 50, 77, 72, 195, 24, 192, 66, 144, 118, 52, 92, 40, 84, 32, 85, 90, 7, 150, 62, 43, 31, 102, 147, 45, 150, 10, 77, 135, 13, 74, 113, 50, 157, 183, 41, 60, 46, 138, 168, 191, 181, 152, 39, 66, 134, 9, 126, 6, 64, 188, 174, 77, 142, 65, 47, 73, 39, 157, 9, 96, 83, 130, 96, 33, 151, 46, 67, 161, 194, 69, 161, 17, 137, 161, 18, 104, 140, 17, 80, 164, 166, 125, 162, 162, 66, 83, 187, 179, 134, 142, 115, 155, 193, 113, 125, 161, 73, 125, 155, 120, 95, 42, 198, 96, 91, 15, 48], "q": [73.49999999999999, 122.08963466541118, 22.92984469589312, 121.49999999999996, 45.687090619861976, 0, 0, 0, 50.999999999999986, 0, 128.75989713847676, 64.37994856923838, 28.49999999999999, 0, 4.358898943540672, 89.99999999999997, 21.31017261286551, 0, 44.043670093967656, 72.51008759316298, 0, 17.420257574479745, 0.48432210483785254, 88.62344039164364, 0, 94.44281044338125, 49.631299882008335, 110.24999999999996, 104.1170488517212, 123.74999999999996, 40.499999999999986, 96.12896430201346, 7.499999999999997, 92.60129588726068, 29.543648395109003, 57.84840251147991, 157.86316156018725, 156.98124445649904, 43.38630188360993, 116.99999999999997, 85.5459590577551, 174.61958653026298, 39.23009049186605, 74.08103670980854, 124.35031162003577, 43.499999999999986, 81.80625266920951, 0, 0, 0, 14.999999999999995, 61.993229419245125, 36.32415786283894, 64.89916204827223, 132.74999999999997, 38.74576838702821, 84.74999999999997, 79.91314729824566, 30.23893767645541, 31.224989991991997, 62.449979983983994, 112.79346958936463, 36.155251569674945, 29.543648395109003, 9.531839050187031, 0, 0, 9.915909414449638, 67.49999999999997, 45.85968939178624, 147.28015631592888, 143.24999999999997, 55.54761377522787, 93.74999999999997, 115.27244694297704, 37.04051835490427, 36.812619780032676, 0, 77.00721466921854, 35.355513653163236, 60.115200825100935, 0, 40.283381996201655, 104.1170488517212, 84.6640419540669, 0, 108.47580375364822, 123.94886768062048, 42.33202097703345, 0, 78.4601809837321, 39.71441259670391, 0, 44.09585518440985, 25.308676098772462, 63.49803146555018, 120.85014598860498, 14.873864121674458, 118.99091297339567, 49.49999999999999, 126.99606293110035, 57.150008370866594, 17.091573469300883, 68.99999999999999, 13.147364207154526, 27.609464835024504, 15.498307354811281, 74.96295381349674, 43.58898943540673, 4.338210368821717, 72.64831572567788, 30.027970499946854, 14.133416522691116, 23.249999999999993, 76.49999999999999, 48.31656346129288, 21.794494717703365, 132.28756555322954, 4.843221048378526, 57.749999999999986, 65.38348415311009, 9.749999999999996, 24.322623783235873, 70.03111023955057, 16.434205258943155, 76.03857045954285, 0, 30.749999999999993, 19.721046310731786, 0, 0, 81.36611361275922, 62.77866408916286, 159.62699576756364, 94.20113943727156, 29.249999999999993, 21.693150941804966, 83.04574134601572, 2.958156946609768, 41.41419725253676, 3.7184660304186146, 56.4426946360446, 0, 84.27204624178633, 25.308676098772462, 46.673142935398566, 21.364466836626104, 15.448152943406567, 0, 34.39476704383968, 97.29986112928707, 4.358898943540672, 59.49545648669783, 62.249999999999986, 62.96187362892083, 59.49545648669783, 10.846575470902483, 73.13263783051572, 0, 59.08844594710919, 99.77883848289949, 171.0919181155102, 51.749999999999986, 77.97585887889426, 12.749999999999996, 0, 77.97585887889426, 8.717797887081344, 64.45341119392265, 104.99999999999997, 0, 38.74576838702821, 144.6344050048643, 54.56156145969128, 0, 0, 0, 49.49999999999999, 62.249999999999986, 115.89219128138014, 86.6936567659756, 0, 0, 101.42046692414264, 50.94603630272379, 170.21000101182202, 84.74999999999997, 0, 0, 23.993939678057007, 60.540263104731565, 50.94603630272379, 74.36932060837229, 31.224989991991997, 13.804732417512252, 95.89577675789481, 84.6640419540669, 68.24999999999999, 9.296165076046536, 23.247461032216922], "B": 6907.869963892639}, "solution": [0.0, 1.0, 0.0, 1.0, 0.0, 0.0, 0.0, 0.0, 0.0, 0.0, 1.0, 0.0, 0.0, 0.0, 0.0, 0.0, 0.0, 0.0, 0.0, 0.0, 0.0, 0.0, 0.0, 0.0, 0.0, 1.0, 0.0, 1.0, 1.0, 1.0, 0.0, 0.0, 0.0, 0.0, 0.0, 0.0, 1.0, 1.0, 0.0, 1.0, 0.0, 1.0, 0.0, 0.0, 1.0, 0.0, 0.0, 0.0, 0.0, 0.0, 0.0, 0.0, 0.0, 0.0, 1.0, 0.0, 0.0, 0.0, 0.0, 0.0, 0.0, 1.0, 0.0, 0.0, 0.0, 0.0, 0.0, 0.0, 0.0, 0.0, 1.0, 1.0, 0.0, 0.0, 1.0, 0.0, 0.0, 0.0, 0.0, 0.0, 0.0, 0.0, 0.0, 1.0, 0.0, 0.0, 0.0, 1.0, 0.0, 0.0, 0.0, 0.0, 0.0, 0.0, 0.0, 0.0, 1.0, 0.0, 1.0, 0.0, 1.0, 0.0, 0.0, 0.0, 0.0, 0.0, 0.0, 0.0, 0.0, 0.0, 0.0, 0.0, 0.0, 0.0, 0.0, 0.0, 0.0, 1.0, 0.0, 0.0, 0.0, 0.0, 0.0, 0.0, 0.0, 0.0, 0.0, 0.0, 0.0, 0.0, 0.0, 0.0, 0.0, 1.0, 0.0, 0.0, 0.0, 0.0, 0.0, 0.0, 0.0, 0.0, 0.0, 0.0, 0.0, 0.0, 0.0, 0.0, 0.0, 0.0, 1.0, 0.0, 0.0, 0.0, 0.0, 0.0, 0.0, 0.0, 0.0, 0.0, 1.0, 1.0, 0.0, 0.0, 0.0, 0.0, 0.0, 0.0, 0.0, 0.0, 0.0, 0.0, 1.0, 0.0, 0.0, 0.0, 0.0, 0.0, 0.0, 1.0, 1.0, 0.0, 0.0, 0.0, 0.0, 1.0, 0.0, 0.0, 0.0, 0.0, 0.0, 0.0, 0.0, 0.0, 0.0, 1.0, 0.0, 0.0, 0.0, 0.0], "objective_value": 4669.292000000002, "solve_time": 50.15953969955444}