{"instance": {"c": [92.801, 99.584, 86.129, 131.00900000000001, 155.264, 135.536, 142.9, 130.51600000000002, 115.369, 110.0, 88.496, 102.4, 95.921, 108.416, 106.481, 112.849, 82.1, 157.025, 80.816, 112.849, 127.6, 81.025, 155.849, 119.729, 94.964, 101.684, 82.769, 107.249, 110.0, 91.904, 85.129, 89.044, 90.164, 130.025, 118.84100000000001, 103.489, 80.609, 99.929, 90.164, 128.08100000000002, 143.98399999999998, 129.536, 141.824, 125.696, 110.40100000000001, 109.20400000000001, 158.804, 95.6, 130.51600000000002, 93.71600000000001, 96.896, 103.124, 99.929, 134.51600000000002, 158.804, 115.79599999999999, 86.9, 88.769, 105.721, 97.556, 114.944, 125.225, 108.416, 104.225, 135.025, 131.00900000000001, 117.961, 113.681, 150.656, 119.729, 152.369, 115.79599999999999, 146.176, 135.536, 90.736, 84.641, 103.856, 116.225, 82.544, 153.52100000000002, 139.696, 134.00900000000001, 89.044, 83.924, 115.79599999999999, 83.225, 136.049, 97.556, 96.569, 129.536, 121.076, 116.225, 91.609, 82.1, 97.889, 138.644, 97.225, 84.4, 88.225, 103.856, 85.376, 121.076, 129.536, 121.529, 147.841, 127.6, 155.264, 83.225, 112.849, 123.824, 142.9, 137.6, 109.20400000000001, 107.636, 106.481, 151.796, 92.5, 134.51600000000002, 108.416, 107.636, 100.276, 103.856, 114.1, 138.121, 98.561, 138.644, 88.496, 119.284, 81.449, 99.584, 137.08100000000002, 145.625, 140.225, 110.0, 91.609, 148.4, 145.07600000000002, 111.616, 147.841, 85.625, 135.025, 94.649, 88.769, 127.6, 115.79599999999999, 104.596, 119.729, 133.001, 108.416, 100.625, 126.644, 100.976, 154.1, 101.684, 95.281, 125.696, 95.6, 155.849, 145.07600000000002, 123.361, 137.6, 80.816, 145.07600000000002, 84.161, 141.289, 136.56400000000002, 90.164, 87.956, 145.625, 142.9, 120.176, 105.721, 108.809, 117.961, 81.236, 85.876, 100.976, 116.656, 113.681, 99.929, 148.961, 91.025, 81.881, 118.84100000000001, 143.441, 150.656, 85.129, 108.025, 112.436, 119.729, 147.284, 130.51600000000002, 118.84100000000001, 142.361, 83.924, 127.12100000000001, 156.436, 110.804, 134.51600000000002, 154.681], "p": [51, 72, 27, 147, 192, 156, 170, 146, 113, 100, 36, 80, 61, 96, 91, 107, 10, 195, 4, 107, 140, 5, 193, 123, 58, 78, 13, 93, 100, 48, 23, 38, 42, 145, 121, 83, 3, 73, 42, 141, 172, 144, 168, 136, 101, 98, 198, 60, 146, 54, 64, 82, 73, 154, 198, 114, 30, 37, 89, 66, 112, 135, 96, 85, 155, 147, 119, 109, 184, 123, 187, 114, 176, 156, 44, 21, 84, 115, 12, 189, 164, 153, 38, 18, 114, 15, 157, 66, 63, 144, 126, 115, 47, 10, 67, 162, 65, 20, 35, 84, 24, 126, 144, 127, 179, 140, 192, 15, 107, 132, 170, 160, 98, 94, 91, 186, 50, 154, 96, 94, 74, 84, 110, 161, 69, 162, 36, 122, 7, 72, 159, 175, 165, 100, 47, 180, 174, 104, 179, 25, 155, 57, 37, 140, 114, 86, 123, 151, 96, 75, 138, 76, 190, 78, 59, 136, 60, 193, 174, 131, 160, 4, 174, 19, 167, 158, 42, 34, 175, 170, 124, 89, 97, 119, 6, 26, 76, 116, 109, 73, 181, 45, 9, 121, 171, 184, 23, 95, 106, 123, 178, 146, 121, 169, 18, 139, 194, 102, 154, 191], "q": [24.70042734673048, 34.87119154832538, 20.249999999999993, 110.24999999999996, 0, 116.99999999999997, 105.3565375285274, 90.48267340685295, 70.03111023955057, 88.1917103688197, 26.999999999999993, 59.99999999999998, 53.79694332498001, 31.553674097170862, 0, 0, 4.843221048378526, 0, 3.5276684147527875, 94.36513009463708, 104.99999999999997, 4.409585518440984, 119.61065731179878, 92.24999999999997, 51.15119201391542, 58.499999999999986, 0, 57.63622347148852, 74.99999999999997, 15.776837048585431, 0, 0, 31.499999999999993, 70.22670520148861, 90.74999999999997, 0, 2.2499999999999996, 0, 31.499999999999993, 105.74999999999997, 151.68974183436987, 107.99999999999997, 125.99999999999997, 65.86780625794795, 62.59417817871335, 73.49999999999999, 148.49999999999994, 52.91502622129181, 128.75989713847676, 40.499999999999986, 21.03578273144724, 50.81903574905439, 0, 115.49999999999997, 95.89577675789481, 0, 14.529663145135574, 27.749999999999993, 29.25288536091882, 49.49999999999999, 0, 83.66548568441883, 71.99999999999999, 74.96295381349674, 136.6971510716705, 91.10241774525605, 89.24999999999997, 52.79110942732593, 60.47787535291082, 76.22855362358159, 115.89219128138014, 55.21271995151518, 155.21741024912265, 96.68011679088397, 38.80435256228066, 6.902366208756126, 74.08103670980854, 37.79867209556926, 7.436932060837229, 62.121295878805135, 53.90419324933356, 0, 23.55028485931789, 5.916313893219536, 37.4699879903904, 11.249999999999996, 51.603404513081514, 21.693150941804966, 20.70709862626838, 69.74238309665076, 61.02458520956942, 55.69704205635304, 35.249999999999986, 0, 41.52287067300786, 100.39858282130258, 40.283381996201655, 0, 16.951273669324838, 27.609464835024504, 17.999999999999996, 111.12155506471281, 89.24318473004675, 41.74288135771562, 86.6936567659756, 0, 118.99091297339567, 4.930261577682947, 94.36513009463708, 63.930517838596536, 82.33475782243492, 119.99999999999996, 47.463566274109546, 45.526277854758135, 0, 139.49999999999997, 16.434205258943155, 115.49999999999997, 46.494922064433844, 82.90020774669051, 35.83983575800108, 52.0585244258606, 68.17187722434127, 0, 22.67920325734156, 121.49999999999996, 22.310796182511687, 0, 5.249999999999999, 63.49803146555018, 119.24999999999997, 84.7563683466242, 0, 0, 29.12798390494581, 0, 0, 34.183146938601766, 134.24999999999997, 18.749999999999993, 50.94603630272379, 0, 22.93054052091479, 67.80509467729935, 0, 53.2980131026668, 92.24999999999997, 49.631299882008335, 71.99999999999999, 56.249999999999986, 121.70456030897117, 56.99999999999998, 0, 25.637360203951324, 36.564915965783044, 0, 29.059326290271148, 144.74999999999994, 107.8355148821398, 115.53114058315379, 141.1067365901115, 0, 107.8355148821398, 0, 54.89024556487015, 0, 37.04051835490427, 11.175259576081348, 57.519718406301045, 82.33475782243492, 60.05594099989371, 78.49062222824952, 46.97924416927169, 39.113408516284714, 2.9059326290271152, 16.113352798480662, 47.10056971863578, 56.18136416119089, 35.82656746449609, 64.37994856923838, 59.49182303737423, 21.794494717703365, 2.958156946609768, 90.74999999999997, 128.24999999999997, 137.99999999999997, 0, 31.224989991991997, 51.33814311281237, 108.47580375364822, 110.31449223575223, 0, 0, 104.7367931901243, 15.874507866387544, 67.32077257246151, 171.0919181155102, 0, 95.44062811407777, 62.77866408916286], "B": 6659.004105894992}, "solution": [0.0, 0.0, 0.0, 1.0, 0.0, 1.0, 1.0, 0.0, 0.0, 0.0, 0.0, 0.0, 0.0, 0.0, 0.0, 0.0, 0.0, 0.0, 0.0, 0.0, 1.0, 0.0, 1.0, 0.0, 0.0, 0.0, 0.0, 0.0, 0.0, 0.0, 0.0, 0.0, 0.0, 0.0, 0.0, 0.0, 0.0, 0.0, 0.0, 1.0, 1.0, 0.0, 1.0, 0.0, 0.0, 0.0, 1.0, 0.0, 1.0, 0.0, 0.0, 0.0, 0.0, 1.0, 0.0, 0.0, 0.0, 0.0, 0.0, 0.0, 0.0, 0.0, 0.0, 0.0, 1.0, 0.0, 0.0, 0.0, 0.0, 0.0, 1.0, 0.0, 1.0, 0.0, 0.0, 0.0, 0.0, 0.0, 0.0, 0.0, 0.0, 0.0, 0.0, 0.0, 0.0, 0.0, 0.0, 0.0, 0.0, 0.0, 0.0, 0.0, 0.0, 0.0, 0.0, 0.0, 0.0, 0.0, 0.0, 0.0, 0.0, 1.0, 0.0, 0.0, 0.0, 0.0, 1.0, 0.0, 0.0, 0.0, 0.0, 1.0, 0.0, 0.0, 0.0, 1.0, 0.0, 1.0, 0.0, 0.0, 0.0, 0.0, 0.0, 0.0, 0.0, 1.0, 0.0, 0.0, 0.0, 0.0, 1.0, 0.0, 0.0, 0.0, 0.0, 0.0, 0.0, 0.0, 1.0, 0.0, 0.0, 0.0, 0.0, 0.0, 0.0, 0.0, 0.0, 0.0, 0.0, 0.0, 1.0, 0.0, 0.0, 0.0, 0.0, 0.0, 0.0, 1.0, 1.0, 1.0, 1.0, 0.0, 1.0, 0.0, 0.0, 0.0, 0.0, 0.0, 0.0, 0.0, 0.0, 0.0, 0.0, 0.0, 0.0, 0.0, 0.0, 0.0, 0.0, 0.0, 0.0, 0.0, 0.0, 0.0, 1.0, 1.0, 0.0, 0.0, 0.0, 0.0, 1.0, 0.0, 0.0, 0.0, 0.0, 0.0, 1.0, 0.0, 0.0, 0.0], "objective_value": 4519.429999999999, "solve_time": 14.970386981964111}