{"instance": {"c": [83.924, 95.921, 114.944, 83.456, 80.816, 131.50400000000002, 108.809, 96.569, 123.824, 82.1, 118.4, 102.761, 88.496, 81.236, 106.1, 93.409, 93.409, 80.609, 97.556, 126.644, 96.896, 154.1, 155.264, 91.316, 92.801, 129.049, 93.409, 149.524, 149.524, 138.121, 85.376, 112.436, 141.289, 91.609, 118.4, 121.98400000000001, 113.26400000000001, 145.625, 148.4, 136.049, 94.336, 148.961, 86.641, 146.176, 127.6, 141.824, 102.041, 155.849, 87.956, 113.26400000000001, 135.025, 81.881, 101.32900000000001, 138.121, 106.864, 112.436, 95.6, 81.664, 97.225, 96.896, 105.344, 109.20400000000001, 150.089, 91.025, 105.344, 114.521, 119.729, 86.9, 85.376, 135.536, 118.4, 108.025, 155.849, 126.644, 98.561, 156.436, 103.856, 108.416, 85.625, 100.276, 82.769, 140.225, 81.025, 136.56400000000002, 126.16900000000001, 118.84100000000001, 133.001, 95.281, 83.225, 105.721, 115.79599999999999, 154.681, 87.689, 123.824, 139.696, 95.281, 92.801, 81.449, 112.849, 81.664, 130.51600000000002, 119.729, 160.0, 109.20400000000001, 105.721, 122.9, 107.249, 86.129, 115.369, 95.921, 151.225, 123.824, 157.616, 84.641, 157.025, 90.449, 91.609, 142.361, 83.924, 117.089, 111.209, 89.044, 85.625, 80.609, 101.684, 94.649, 114.944, 80.816, 150.089, 148.4, 141.824, 142.9, 91.904, 81.236, 137.6, 135.536, 110.0, 118.84100000000001, 94.964, 154.681, 131.50400000000002, 102.4, 138.644, 137.6, 135.025, 121.98400000000001, 82.996, 141.289, 96.896, 155.849, 81.449, 156.436, 139.696, 95.921, 144.529, 148.4, 127.12100000000001, 114.1, 99.584, 138.644, 89.044, 157.616, 111.209, 106.864, 91.904, 110.804, 109.601, 116.225, 95.6, 158.209, 151.225, 157.616, 101.32900000000001, 110.40100000000001, 108.809, 101.684, 149.524, 102.041, 106.864, 90.164, 88.496, 120.625, 82.996, 94.025, 152.369, 160.0, 109.601, 151.225, 156.436, 121.529, 102.761, 93.104, 103.489, 81.449, 118.4, 109.601, 114.1, 107.636, 91.025, 104.596], "p": [18, 61, 112, 16, 4, 148, 97, 63, 132, 10, 120, 81, 36, 6, 90, 53, 53, 3, 66, 138, 64, 190, 192, 46, 51, 143, 53, 182, 182, 161, 24, 106, 167, 47, 120, 128, 108, 175, 180, 157, 56, 181, 29, 176, 140, 168, 79, 193, 34, 108, 155, 9, 77, 161, 92, 106, 60, 8, 65, 64, 88, 98, 183, 45, 88, 111, 123, 30, 24, 156, 120, 95, 193, 138, 69, 194, 84, 96, 25, 74, 13, 165, 5, 158, 137, 121, 151, 59, 15, 89, 114, 191, 33, 132, 164, 59, 51, 7, 107, 8, 146, 123, 200, 98, 89, 130, 93, 27, 113, 61, 185, 132, 196, 21, 195, 43, 47, 169, 18, 117, 103, 38, 25, 3, 78, 57, 112, 4, 183, 180, 168, 170, 48, 6, 160, 156, 100, 121, 58, 191, 148, 80, 162, 160, 155, 128, 14, 167, 64, 193, 7, 194, 164, 61, 173, 180, 139, 110, 72, 162, 38, 196, 103, 92, 48, 102, 99, 115, 60, 197, 185, 196, 77, 101, 97, 78, 182, 79, 92, 42, 36, 125, 14, 55, 187, 200, 99, 185, 194, 127, 81, 52, 83, 7, 120, 99, 110, 94, 45, 86], "q": [0, 53.79694332498001, 0, 11.999999999999996, 0, 0, 0, 47.249999999999986, 43.38630188360993, 8.819171036881968, 89.99999999999997, 39.23009049186605, 17.43559577416269, 0, 43.58898943540673, 17.420257574479745, 39.74999999999999, 1.4529663145135576, 40.90312633460476, 103.49999999999997, 47.999999999999986, 142.49999999999994, 118.99091297339567, 15.119468838227705, 24.70042734673048, 69.25806099181291, 17.420257574479745, 59.82050714255309, 160.50891287125185, 141.9886536937997, 0, 65.69289987072885, 80.88179150792136, 22.763138927379067, 74.36932060837229, 79.3272753155971, 35.49788335931722, 154.33549314543447, 134.99999999999994, 76.03857045954285, 34.70568295057374, 159.62699576756364, 14.045341040297723, 85.24069045146204, 0, 0, 0, 63.43603229952059, 0, 52.30678732248807, 96.06037245248086, 6.749999999999998, 47.720314057038884, 120.74999999999997, 57.01647913308542, 34.84051514895949, 0, 2.629472841430905, 21.364466836626104, 39.66363765779855, 77.60870512456133, 73.49999999999999, 137.24999999999994, 14.790784733048842, 0, 0, 40.42814493700017, 18.592330152093073, 21.166010488516726, 116.99999999999997, 105.83005244258362, 71.24999999999997, 170.21000101182202, 85.52471869962812, 42.76235934981406, 0, 62.999999999999986, 0, 0, 45.86108104182958, 4.272893367325221, 145.5163221085525, 4.409585518440984, 51.93208861826037, 120.82264320528297, 106.71196954627182, 93.58139509886846, 0, 11.249999999999996, 29.25288536091882, 70.65085457795368, 92.50552202402983, 29.103264421710495, 0, 122.99999999999997, 52.03310911760362, 0, 4.338210368821717, 94.36513009463708, 4.957954707224819, 0, 59.57161889505586, 149.99999999999994, 60.73494516350404, 0, 62.96187362892083, 45.041955749920284, 23.811761799581316, 99.65663271676625, 53.79694332498001, 89.59958939500271, 0, 146.99999999999997, 18.520259177452136, 94.44281044338125, 14.133416522691116, 0, 104.7367931901243, 8.717797887081344, 103.18430113151904, 90.83746167988427, 28.49999999999999, 18.749999999999993, 0.9860523155365895, 58.499999999999986, 27.60635997575759, 69.41136590114748, 1.9372884193514102, 88.63094518532702, 59.163138932195366, 0, 127.49999999999996, 29.747728243348917, 0, 119.99999999999996, 137.5790681753587, 61.97443384031024, 39.770776726642445, 43.499999999999986, 92.50552202402983, 71.67967151600216, 59.99999999999998, 142.8705707974879, 119.99999999999996, 0, 0, 10.499999999999998, 125.24999999999996, 21.03578273144724, 0, 3.3902547338649676, 93.95848833854338, 144.6344050048643, 0, 83.78772413694848, 111.55398091255843, 122.58647741265936, 0, 63.49803146555018, 78.4601809837321, 0, 121.46989032700807, 63.83366685551955, 57.01647913308542, 29.747728243348917, 0, 87.30979326513149, 101.42046692414264, 19.721046310731786, 122.08963466541118, 89.59958939500271, 94.92713254821909, 37.29280207251465, 75.74999999999999, 60.115200825100935, 25.637360203951324, 160.50891287125185, 38.26144628219035, 57.01647913308542, 31.499999999999993, 26.999999999999993, 93.74999999999997, 4.6015774725040846, 41.249999999999986, 115.89219128138014, 149.99999999999994, 0, 0, 0, 0, 0, 17.091573469300883, 40.19873470154176, 3.3902547338649676, 74.36932060837229, 47.947888378947404, 97.01088140570165, 0, 39.68626966596886, 41.65170101605532], "B": 11388.794858748191}, "solution": [0.0, 0.0, 0.0, 0.0, 0.0, 0.0, 0.0, 0.0, 0.0, 0.0, 0.0, 0.0, 0.0, 0.0, 0.0, 0.0, 0.0, 0.0, 0.0, 1.0, 0.0, 1.0, 1.0, 0.0, 0.0, 0.0, 0.0, 1.0, 1.0, 1.0, 0.0, 0.0, 1.0, 0.0, 0.0, 0.0, 0.0, 1.0, 1.0, 1.0, 0.0, 1.0, 0.0, 1.0, 0.0, 0.0, 0.0, 1.0, 0.0, 0.0, 1.0, 0.0, 0.0, 1.0, 0.0, 0.0, 0.0, 0.0, 0.0, 0.0, 0.0, 0.0, 1.0, 0.0, 0.0, 0.0, 0.0, 0.0, 0.0, 1.0, 1.0, 0.0, 1.0, 0.0, 0.0, 0.0, 0.0, 0.0, 0.0, 0.0, 0.0, 1.0, 0.0, 0.0, 1.0, 1.0, 1.0, 0.0, 0.0, 0.0, 0.0, 1.0, 0.0, 0.0, 1.0, 0.0, 0.0, 0.0, 0.0, 0.0, 0.0, 0.0, 1.0, 0.0, 0.0, 0.0, 0.0, 0.0, 1.0, 0.0, 1.0, 0.0, 1.0, 0.0, 1.0, 0.0, 0.0, 1.0, 0.0, 1.0, 0.0, 0.0, 0.0, 0.0, 0.0, 0.0, 0.0, 0.0, 1.0, 0.0, 0.0, 1.0, 0.0, 0.0, 1.0, 1.0, 0.0, 0.0, 0.0, 1.0, 0.0, 0.0, 1.0, 1.0, 0.0, 0.0, 0.0, 1.0, 0.0, 0.0, 0.0, 1.0, 1.0, 0.0, 1.0, 1.0, 1.0, 0.0, 0.0, 1.0, 0.0, 1.0, 0.0, 0.0, 0.0, 0.0, 0.0, 1.0, 0.0, 1.0, 1.0, 1.0, 0.0, 0.0, 0.0, 0.0, 1.0, 0.0, 0.0, 0.0, 0.0, 1.0, 0.0, 0.0, 1.0, 1.0, 0.0, 0.0, 0.0, 0.0, 0.0, 0.0, 0.0, 0.0, 0.0, 0.0, 1.0, 0.0, 0.0, 0.0], "objective_value": 7972.518, "solve_time": 120.99961590766907}