{"instance": {"c": [84.4, 110.0, 108.416, 125.225, 126.644, 123.361, 125.696, 159.401, 93.104, 101.684, 119.729, 137.6, 84.161, 96.244, 94.649, 86.9, 155.264, 110.804, 121.529, 144.529, 115.369, 81.236, 127.6, 122.9, 108.025, 116.225, 131.50400000000002, 116.225, 89.044, 105.721, 101.684, 106.1, 139.16899999999998, 93.71600000000001, 89.044, 143.98399999999998, 117.524, 89.6, 134.51600000000002, 81.236, 126.16900000000001, 87.161, 81.025, 116.656, 130.025, 120.176, 118.4, 114.521, 106.864, 115.369, 152.369, 96.244, 133.50400000000002, 94.649, 98.9, 109.601, 108.416, 114.944, 134.51600000000002, 101.32900000000001, 112.436, 104.225, 87.161, 153.52100000000002, 100.625, 121.076, 102.4, 117.524, 82.996, 95.281, 91.904, 99.584, 124.289, 85.129, 105.721, 122.9, 148.4, 126.16900000000001, 150.089, 114.521, 106.481, 122.9, 148.4, 110.804, 142.9, 94.649, 93.104, 81.236, 104.969, 122.9, 158.209, 105.721, 91.316, 143.98399999999998, 89.044, 129.049, 118.4, 87.956, 151.225, 90.449, 137.08100000000002, 85.376, 123.361, 116.656, 157.025, 123.361, 152.94400000000002, 123.824, 122.441, 153.52100000000002, 142.361, 115.79599999999999, 87.424, 128.56400000000002, 148.961, 80.404, 87.956, 108.809, 88.769, 141.289, 114.944, 156.436, 122.9, 94.964, 82.996, 97.225, 100.976, 84.4, 137.08100000000002, 121.529, 130.51600000000002, 81.881, 157.616, 89.881, 99.929, 89.044, 92.801, 117.524, 96.569, 80.816, 83.924, 100.625, 112.849, 87.161, 104.969, 92.5, 138.121, 155.264, 81.236, 106.864, 90.449, 154.681, 148.4, 114.521, 141.824, 98.224, 81.881, 80.404, 125.225, 117.961, 158.804, 150.089, 86.641, 121.529, 84.884, 122.9, 104.969, 87.956, 83.68900000000001, 115.369, 143.441, 93.409, 89.044, 114.1, 145.625, 150.656, 151.796, 125.225, 136.049, 151.796, 98.561, 113.26400000000001, 114.521, 85.376, 91.025, 150.089, 129.536, 101.684, 140.756, 99.241, 121.98400000000001, 142.361, 127.6, 140.225, 82.321, 125.696, 150.656, 105.721, 94.964, 156.436], "p": [20, 100, 96, 135, 138, 131, 136, 199, 52, 78, 123, 160, 19, 62, 57, 30, 192, 102, 127, 173, 113, 6, 140, 130, 95, 115, 148, 115, 38, 89, 78, 90, 163, 54, 38, 172, 118, 40, 154, 6, 137, 31, 5, 116, 145, 124, 120, 111, 92, 113, 187, 62, 152, 57, 70, 99, 96, 112, 154, 77, 106, 85, 31, 189, 75, 126, 80, 118, 14, 59, 48, 72, 133, 23, 89, 130, 180, 137, 183, 111, 91, 130, 180, 102, 170, 57, 52, 6, 87, 130, 197, 89, 46, 172, 38, 143, 120, 34, 185, 43, 159, 24, 131, 116, 195, 131, 188, 132, 129, 189, 169, 114, 32, 142, 181, 2, 34, 97, 37, 167, 112, 194, 130, 58, 14, 65, 76, 20, 159, 127, 146, 9, 196, 41, 73, 38, 51, 118, 63, 4, 18, 75, 107, 31, 87, 50, 161, 192, 6, 92, 43, 191, 180, 111, 168, 68, 9, 2, 135, 119, 198, 183, 29, 127, 22, 130, 87, 34, 17, 113, 171, 53, 38, 110, 175, 184, 186, 135, 157, 186, 69, 108, 111, 24, 45, 183, 144, 78, 166, 71, 128, 169, 140, 165, 11, 136, 184, 89, 58, 194], "q": [14.999999999999995, 0, 59.49545648669783, 101.24999999999997, 103.49999999999997, 98.24999999999997, 119.94072610159479, 96.38009886273265, 38.999999999999986, 58.499999999999986, 92.24999999999997, 77.49153677405641, 6.2449979983984, 38.42414898099235, 0, 9.860523155365893, 143.99999999999997, 89.95554457619608, 112.003472168401, 129.74999999999997, 37.141303885211535, 0, 123.46839451634757, 0, 0, 86.24999999999997, 48.645247566471745, 55.69704205635304, 23.55028485931789, 29.25288536091882, 25.637360203951324, 29.581569466097683, 78.94450308856996, 0, 23.55028485931789, 56.53366609076446, 73.12983193156609, 19.372884193514103, 74.5856041450293, 4.499999999999999, 66.35212836278579, 0, 3.098721692015512, 86.99999999999997, 47.659195250935156, 92.99999999999997, 74.36932060837229, 83.24999999999997, 0, 70.03111023955057, 0, 54.67886042866821, 94.20113943727156, 50.26927491022722, 52.499999999999986, 0, 84.6640419540669, 69.41136590114748, 50.617352197544925, 0, 51.33814311281237, 0, 23.249999999999993, 166.68233259706923, 24.65130788841474, 61.02458520956942, 49.57954707224819, 73.12983193156609, 8.676420737643435, 44.249999999999986, 42.33202097703345, 63.49803146555018, 117.29497479053019, 11.139408411270608, 55.15724611787611, 80.56676399240331, 0, 120.82264320528297, 161.39082997494003, 68.79162156274437, 80.25445643562593, 114.6492234794656, 59.163138932195366, 63.21392251711645, 149.92590762699348, 0, 0, 2.9059326290271152, 42.136023120893164, 80.56676399240331, 64.75076872023604, 0, 34.49999999999999, 106.5960262053336, 18.404239983838398, 126.11414582741214, 105.83005244258362, 29.985181525398698, 163.15466418231642, 20.82585050802766, 119.24999999999997, 14.873864121674458, 98.24999999999997, 56.18136416119089, 146.24999999999994, 115.53114058315379, 61.79261177362627, 98.99999999999999, 113.76730637577741, 166.68233259706923, 0, 55.21271995151518, 23.999999999999993, 0, 87.6623009756513, 0.9686442096757051, 29.985181525398698, 60.115200825100935, 0, 125.24999999999996, 54.24407574183948, 171.0919181155102, 97.49999999999997, 19.063678100374062, 0, 31.480936814460414, 56.99999999999998, 12.394886768062047, 98.53934980609328, 0, 70.71102730632647, 7.937253933193772, 0, 0, 64.37994856923838, 23.55028485931789, 0, 88.49999999999997, 47.249999999999986, 1.3147364207154526, 5.916313893219536, 56.249999999999986, 51.82246521765022, 23.249999999999993, 0, 0, 99.77883848289949, 118.99091297339567, 1.972104631073179, 30.23893767645541, 26.6490065513334, 168.4461668044456, 134.99999999999994, 53.75975363700163, 148.1620734196171, 32.933903128973974, 2.958156946609768, 1.7638342073763937, 101.24999999999997, 39.113408516284714, 0, 113.41321392776773, 0, 78.70753097719401, 19.40217628114033, 42.72893367325221, 42.136023120893164, 25.499999999999993, 8.233475782243493, 37.141303885211535, 0, 17.420257574479745, 28.49999999999999, 82.49999999999997, 154.33549314543447, 114.03295826617084, 139.49999999999997, 101.24999999999997, 138.46098527904692, 90.08391149984057, 0, 0, 53.75975363700163, 7.888418524292716, 27.888495228139607, 0, 107.99999999999997, 58.499999999999986, 146.39823921224067, 53.24999999999998, 95.99999999999997, 55.54761377522787, 104.99999999999997, 123.74999999999996, 0, 119.94072610159479, 89.11526729016487, 29.25288536091882, 19.063678100374062, 145.49999999999997], "B": 7789.834421981353}, "solution": [0.0, 0.0, 0.0, 0.0, 1.0, 0.0, 1.0, 0.0, 0.0, 0.0, 0.0, 0.0, 0.0, 0.0, 0.0, 0.0, 1.0, 0.0, 1.0, 1.0, 0.0, 0.0, 1.0, 0.0, 0.0, 0.0, 0.0, 0.0, 0.0, 0.0, 0.0, 0.0, 0.0, 0.0, 0.0, 0.0, 0.0, 0.0, 0.0, 0.0, 0.0, 0.0, 0.0, 0.0, 0.0, 0.0, 0.0, 0.0, 0.0, 0.0, 0.0, 0.0, 0.0, 0.0, 0.0, 0.0, 0.0, 0.0, 0.0, 0.0, 0.0, 0.0, 0.0, 1.0, 0.0, 0.0, 0.0, 0.0, 0.0, 0.0, 0.0, 0.0, 1.0, 0.0, 0.0, 0.0, 0.0, 1.0, 1.0, 0.0, 0.0, 1.0, 0.0, 0.0, 1.0, 0.0, 0.0, 0.0, 0.0, 0.0, 0.0, 0.0, 0.0, 1.0, 0.0, 1.0, 0.0, 0.0, 1.0, 0.0, 1.0, 0.0, 0.0, 0.0, 1.0, 1.0, 0.0, 0.0, 1.0, 1.0, 0.0, 0.0, 0.0, 0.0, 0.0, 0.0, 0.0, 0.0, 0.0, 1.0, 0.0, 1.0, 0.0, 0.0, 0.0, 0.0, 0.0, 0.0, 0.0, 0.0, 0.0, 0.0, 0.0, 0.0, 0.0, 0.0, 0.0, 0.0, 0.0, 0.0, 0.0, 0.0, 0.0, 0.0, 0.0, 0.0, 0.0, 1.0, 0.0, 0.0, 0.0, 1.0, 1.0, 0.0, 1.0, 0.0, 0.0, 0.0, 0.0, 0.0, 0.0, 1.0, 0.0, 0.0, 0.0, 0.0, 0.0, 0.0, 0.0, 0.0, 0.0, 0.0, 0.0, 0.0, 1.0, 1.0, 1.0, 0.0, 1.0, 0.0, 0.0, 0.0, 0.0, 0.0, 0.0, 0.0, 1.0, 0.0, 1.0, 0.0, 0.0, 0.0, 1.0, 1.0, 0.0, 1.0, 0.0, 0.0, 0.0, 1.0], "objective_value": 5191.175000000001, "solve_time": 16.675586462020874}