{"instance": {"c": [112.436, 123.361, 99.929, 147.841, 130.51600000000002, 125.696, 151.796, 106.864, 88.769, 110.40100000000001, 97.225, 120.176, 86.641, 95.6, 118.84100000000001, 124.289, 80.609, 86.384, 110.40100000000001, 119.729, 89.044, 119.284, 110.804, 126.644, 83.68900000000001, 157.616, 137.6, 145.625, 94.025, 105.721, 111.616, 147.841, 81.236, 144.529, 127.6, 82.544, 152.369, 139.696, 81.449, 102.041, 143.441, 147.284, 100.976, 152.369, 80.404, 116.656, 152.94400000000002, 108.809, 87.689, 95.281, 159.401, 154.1, 88.769, 160.0, 143.441, 124.289, 88.769, 106.864, 128.56400000000002, 124.289, 145.07600000000002, 109.20400000000001, 83.68900000000001, 97.225, 129.536, 129.049, 92.5, 102.761, 87.424, 83.225, 141.824, 97.889, 128.08100000000002, 93.104, 149.524, 110.804, 104.225, 130.025, 112.436, 83.225, 122.9, 134.51600000000002, 154.1, 108.025, 113.26400000000001, 159.401, 125.225, 94.964, 90.736, 99.584, 93.104, 87.424, 111.616, 121.529, 137.6, 125.696, 82.321, 123.824, 104.969, 113.681, 132.5, 134.00900000000001, 110.40100000000001, 121.98400000000001, 144.529, 104.225, 105.721, 121.98400000000001, 133.001, 86.9, 157.025, 157.025, 111.209, 95.6, 80.609, 116.656, 93.71600000000001, 108.025, 106.1, 148.961, 91.904, 133.50400000000002, 111.616, 95.281, 155.264, 144.529, 126.644, 90.736, 98.224, 154.1, 158.804, 146.72899999999998, 122.441, 146.176, 112.025, 82.1, 101.684, 90.736, 146.176, 108.416, 82.544, 115.79599999999999, 118.4, 145.07600000000002, 137.08100000000002, 104.969, 144.529, 96.244, 121.98400000000001, 88.225, 85.625, 122.441, 92.5, 138.121, 82.544, 84.4, 123.824, 109.601, 132.5, 148.961, 136.56400000000002, 91.609, 110.40100000000001, 102.761, 115.369, 155.264, 120.625, 99.241, 100.625, 135.536, 83.68900000000001, 122.9, 125.225, 92.5, 96.569, 137.08100000000002, 118.84100000000001, 134.00900000000001, 91.609, 118.84100000000001, 128.08100000000002, 100.625, 151.796, 117.524, 100.976, 113.681, 127.6, 102.041, 143.98399999999998, 82.996, 86.641, 137.08100000000002, 94.336, 87.689, 97.556, 100.976, 146.72899999999998, 117.961, 118.84100000000001, 82.544], "p": [106, 131, 73, 179, 146, 136, 186, 92, 37, 101, 65, 124, 29, 60, 121, 133, 3, 28, 101, 123, 38, 122, 102, 138, 17, 196, 160, 175, 55, 89, 104, 179, 6, 173, 140, 12, 187, 164, 7, 79, 171, 178, 76, 187, 2, 116, 188, 97, 33, 59, 199, 190, 37, 200, 171, 133, 37, 92, 142, 133, 174, 98, 17, 65, 144, 143, 50, 81, 32, 15, 168, 67, 141, 52, 182, 102, 85, 145, 106, 15, 130, 154, 190, 95, 108, 199, 135, 58, 44, 72, 52, 32, 104, 127, 160, 136, 11, 132, 87, 109, 150, 153, 101, 128, 173, 85, 89, 128, 151, 30, 195, 195, 103, 60, 3, 116, 54, 95, 90, 181, 48, 152, 104, 59, 192, 173, 138, 44, 68, 190, 198, 177, 129, 176, 105, 10, 78, 44, 176, 96, 12, 114, 120, 174, 159, 87, 173, 62, 128, 35, 25, 129, 50, 161, 12, 20, 132, 99, 150, 181, 158, 47, 101, 81, 113, 192, 125, 71, 75, 156, 17, 130, 135, 50, 63, 159, 121, 153, 47, 121, 141, 75, 186, 118, 76, 109, 140, 79, 172, 14, 29, 159, 56, 33, 66, 76, 177, 119, 121, 12], "q": [79.49999999999999, 81.18650833080642, 0, 0, 128.75989713847676, 84.28523002282192, 90.08391149984057, 81.1363735393141, 32.63093283646329, 75.74999999999999, 57.3246117397328, 0, 17.97258581368997, 29.059326290271148, 90.74999999999997, 64.41483994343439, 0, 13.56101893545987, 62.59417817871335, 40.42814493700017, 12.4899959967968, 40.099460831821304, 0, 0, 12.749999999999996, 146.99999999999997, 119.99999999999996, 154.33549314543447, 48.50544070285083, 78.49062222824952, 77.99999999999997, 157.86316156018725, 0, 83.78772413694848, 123.46839451634757, 10.583005244258363, 115.89219128138014, 101.63807149810879, 2.3007887362520423, 38.26144628219035, 150.8078247306817, 58.50577072183764, 47.10056971863578, 90.56823360467843, 1.2394886768062048, 56.18136416119089, 61.79261177362627, 0, 20.45156316730238, 19.392362205552924, 175.5015036339512, 0, 17.91991787900054, 123.94886768062048, 105.9762818669305, 117.29497479053019, 12.161311891617936, 81.1363735393141, 125.23222872372396, 0, 57.19103430112219, 86.4278761614433, 5.587629788040674, 21.364466836626104, 89.24318473004675, 107.24999999999997, 24.216105241892627, 39.23009049186605, 15.498307354811281, 11.249999999999996, 125.99999999999997, 32.449581024136116, 105.74999999999997, 17.091573469300883, 88.14662308048915, 76.49999999999999, 27.938148940203366, 108.74999999999997, 79.49999999999999, 11.249999999999996, 114.6492234794656, 115.49999999999997, 142.49999999999994, 46.010599959595986, 95.24704719832526, 65.40813693059377, 0, 35.94517162737994, 38.80435256228066, 53.999999999999986, 32.226705596961324, 0, 0, 41.74288135771562, 99.15909414449638, 65.86780625794795, 6.817187722434126, 43.38630188360993, 28.595517150561093, 96.12896430201346, 112.49999999999997, 0, 33.197094623065176, 79.3272753155971, 0, 41.16737891121746, 55.15724611787611, 42.07156546289448, 133.16948265691772, 18.592330152093073, 120.85014598860498, 94.44281044338125, 63.83366685551955, 29.059326290271148, 2.6457513110645907, 0, 40.499999999999986, 58.875712148294724, 29.581569466097683, 159.62699576756364, 15.776837048585431, 49.9599839871872, 34.183146938601766, 0, 0, 0, 66.83645046762365, 27.268750889736506, 42.14261501141096, 117.75142429658945, 122.70937900381428, 156.09932735281086, 62.477551524082976, 131.99999999999997, 50.85382100797452, 0, 58.499999999999986, 27.268750889736506, 109.07500355894602, 31.553674097170862, 10.583005244258363, 100.53854982045443, 0, 153.45357604174626, 0, 0, 56.86235019594332, 46.499999999999986, 42.07156546289448, 16.951273669324838, 18.749999999999993, 113.76730637577741, 24.216105241892627, 77.97585887889426, 8.999999999999998, 0, 98.99999999999999, 87.30979326513149, 92.96165076046536, 112.17372525096152, 97.91960546769018, 35.249999999999986, 33.197094623065176, 0, 84.74999999999997, 118.99091297339567, 110.23963796102463, 0, 36.32415786283894, 51.27472040790265, 5.587629788040674, 114.6492234794656, 44.37235419914652, 24.216105241892627, 20.70709862626838, 140.2248194864233, 58.602974685380154, 134.93331686429414, 15.448152943406567, 0, 0, 36.32415786283894, 90.08391149984057, 0, 0, 96.12896430201346, 67.80509467729935, 48.95980273384509, 56.53366609076446, 12.346839451634757, 14.045341040297723, 98.53934980609328, 49.38735780653903, 29.103264421710495, 31.965258919298268, 24.9799919935936, 132.74999999999997, 39.113408516284714, 58.602974685380154, 8.999999999999998], "B": 9363.113204780275}, "solution": [0.0, 0.0, 0.0, 0.0, 1.0, 0.0, 1.0, 0.0, 0.0, 0.0, 0.0, 0.0, 0.0, 0.0, 0.0, 0.0, 0.0, 0.0, 0.0, 0.0, 0.0, 0.0, 0.0, 0.0, 0.0, 1.0, 1.0, 1.0, 0.0, 0.0, 0.0, 1.0, 0.0, 0.0, 1.0, 0.0, 1.0, 1.0, 0.0, 0.0, 1.0, 0.0, 0.0, 1.0, 0.0, 0.0, 0.0, 0.0, 0.0, 0.0, 1.0, 0.0, 0.0, 1.0, 1.0, 1.0, 0.0, 0.0, 1.0, 0.0, 0.0, 0.0, 0.0, 0.0, 0.0, 1.0, 0.0, 0.0, 0.0, 0.0, 1.0, 0.0, 1.0, 0.0, 1.0, 0.0, 0.0, 1.0, 0.0, 0.0, 1.0, 1.0, 1.0, 0.0, 0.0, 0.0, 0.0, 0.0, 0.0, 0.0, 0.0, 0.0, 0.0, 0.0, 1.0, 0.0, 0.0, 0.0, 0.0, 0.0, 1.0, 0.0, 0.0, 0.0, 0.0, 0.0, 0.0, 0.0, 1.0, 0.0, 1.0, 1.0, 0.0, 0.0, 0.0, 0.0, 0.0, 0.0, 0.0, 1.0, 0.0, 0.0, 0.0, 0.0, 0.0, 0.0, 0.0, 0.0, 0.0, 1.0, 1.0, 1.0, 0.0, 1.0, 0.0, 0.0, 0.0, 0.0, 1.0, 0.0, 0.0, 0.0, 0.0, 1.0, 0.0, 0.0, 0.0, 0.0, 0.0, 0.0, 0.0, 1.0, 0.0, 0.0, 0.0, 0.0, 0.0, 0.0, 0.0, 1.0, 0.0, 0.0, 0.0, 0.0, 0.0, 1.0, 0.0, 0.0, 0.0, 0.0, 0.0, 1.0, 0.0, 0.0, 0.0, 1.0, 0.0, 1.0, 0.0, 0.0, 0.0, 0.0, 1.0, 0.0, 0.0, 0.0, 0.0, 0.0, 0.0, 0.0, 0.0, 1.0, 0.0, 0.0, 0.0, 0.0, 1.0, 0.0, 0.0, 0.0], "objective_value": 6411.618000000002, "solve_time": 156.37023186683655}