{"instance": {"c": [87.689, 114.944, 130.51600000000002, 112.436, 145.625, 123.361, 139.696, 142.9, 109.601, 110.0, 131.50400000000002, 117.524, 128.56400000000002, 95.921, 100.976, 85.376, 144.529, 153.52100000000002, 130.51600000000002, 137.08100000000002, 80.609, 93.104, 156.436, 119.284, 115.79599999999999, 87.956, 123.361, 126.16900000000001, 110.804, 80.404, 84.884, 121.529, 84.641, 123.361, 102.4, 94.025, 130.51600000000002, 111.209, 97.889, 143.441, 86.641, 114.944, 151.796, 120.176, 104.225, 135.025, 83.924, 135.025, 97.889, 157.616, 99.584, 110.804, 82.1, 127.6, 105.721, 136.049, 156.436, 92.5, 112.436, 157.025, 102.4, 152.369, 118.4, 91.609, 121.98400000000001, 81.664, 87.424, 142.361, 106.481, 84.161, 95.281, 136.049, 142.9, 82.769, 95.281, 115.79599999999999, 94.336, 104.969, 93.71600000000001, 91.904, 108.025, 105.721, 82.996, 108.809, 158.209, 124.756, 96.896, 95.281, 91.025, 117.524, 159.401, 91.904, 128.08100000000002, 94.025, 154.681, 152.369, 80.609, 86.641, 100.976, 149.524, 82.544, 132.001, 129.536, 131.50400000000002, 95.6, 147.284, 115.79599999999999, 103.856, 108.416, 112.849, 104.969, 116.225, 103.856, 132.001, 155.849, 89.321, 147.284, 93.104, 91.316, 81.449, 112.849, 92.201, 87.689, 92.801, 105.344, 103.124, 100.276, 94.964, 88.769, 99.929, 115.369, 91.025, 91.904, 87.689, 122.441, 148.961, 106.864, 88.496, 117.089, 114.944, 147.841, 97.889, 143.98399999999998, 90.164, 94.336, 90.736, 91.025, 155.264, 138.121, 95.6, 111.616, 85.625, 147.841, 91.316, 131.50400000000002, 82.544, 100.976, 105.344, 126.644, 84.884, 110.0, 121.076, 94.964, 124.756, 112.436, 116.656, 94.336, 97.225, 130.51600000000002, 98.561, 151.225, 106.481, 120.176, 127.6, 85.129, 109.601, 149.524, 98.224, 135.536, 125.696, 108.416, 99.584, 130.51600000000002, 157.025, 127.12100000000001, 91.609, 127.6, 141.289, 131.50400000000002, 118.4, 130.025, 95.281, 122.9, 82.544, 142.361, 124.289, 84.884, 146.72899999999998, 80.201, 104.969], "p": [33, 112, 146, 106, 175, 131, 164, 170, 99, 100, 148, 118, 142, 61, 76, 24, 173, 189, 146, 159, 3, 52, 194, 122, 114, 34, 131, 137, 102, 2, 22, 127, 21, 131, 80, 55, 146, 103, 67, 171, 29, 112, 186, 124, 85, 155, 18, 155, 67, 196, 72, 102, 10, 140, 89, 157, 194, 50, 106, 195, 80, 187, 120, 47, 128, 8, 32, 169, 91, 19, 59, 157, 170, 13, 59, 114, 56, 87, 54, 48, 95, 89, 14, 97, 197, 134, 64, 59, 45, 118, 199, 48, 141, 55, 191, 187, 3, 29, 76, 182, 12, 149, 144, 148, 60, 178, 114, 84, 96, 107, 87, 115, 84, 149, 193, 39, 178, 52, 46, 7, 107, 49, 33, 51, 88, 82, 74, 58, 37, 73, 113, 45, 48, 33, 129, 181, 92, 36, 117, 112, 179, 67, 172, 42, 56, 44, 45, 192, 161, 60, 104, 25, 179, 46, 148, 12, 76, 88, 138, 22, 100, 126, 58, 134, 106, 116, 56, 65, 146, 69, 185, 91, 124, 140, 23, 99, 182, 68, 156, 136, 96, 72, 146, 195, 139, 47, 140, 167, 148, 120, 145, 59, 130, 12, 169, 133, 22, 177, 1, 87], "q": [29.103264421710495, 54.24407574183948, 109.49999999999997, 93.48321299094887, 108.45525922054291, 0, 53.90419324933356, 127.49999999999996, 61.35468950190714, 61.97443384031024, 71.67967151600216, 57.150008370866594, 106.49999999999996, 20.049730415910652, 47.10056971863578, 0, 129.74999999999997, 0, 128.75989713847676, 140.2248194864233, 1.4529663145135576, 0, 63.76471640469945, 75.6088092851785, 70.65085457795368, 29.985181525398698, 81.18650833080642, 45.02972240950425, 89.95554457619608, 0.9686442096757051, 7.231050313934989, 41.74288135771562, 18.520259177452136, 43.05761777843107, 49.57954707224819, 34.08593861217064, 70.71102730632647, 77.24999999999997, 50.249999999999986, 150.8078247306817, 17.97258581368997, 54.24407574183948, 61.135243563268546, 40.756829042179035, 52.6782687642637, 96.06037245248086, 0, 50.94603630272379, 59.08844594710919, 121.46989032700807, 63.49803146555018, 63.21392251711645, 4.843221048378526, 46.01577472504084, 78.49062222824952, 97.29986112928707, 93.95848833854338, 44.09585518440985, 0, 146.24999999999994, 49.57954707224819, 140.24999999999997, 0, 41.450103873345256, 79.3272753155971, 7.055336829505575, 19.831818828899276, 149.04399052330527, 44.073311540244575, 6.2449979983984, 0, 97.29986112928707, 105.3565375285274, 0, 28.575004185433297, 37.4699879903904, 34.70568295057374, 28.595517150561093, 47.62352359916263, 23.247461032216922, 58.875712148294724, 29.25288536091882, 12.346839451634757, 85.5459590577551, 147.74999999999997, 64.89916204827223, 30.996614709622563, 28.575004185433297, 21.794494717703365, 57.150008370866594, 175.5015036339512, 15.776837048585431, 124.35031162003577, 26.637715766081886, 168.4461668044456, 90.56823360467843, 0.9860523155365895, 21.749999999999993, 67.02569988030297, 112.79346958936463, 0, 72.16399362084003, 126.99606293110035, 130.52373134585315, 0, 86.20933466113775, 37.4699879903904, 0, 84.6640419540669, 51.82246521765022, 76.72678802087313, 37.79867209556926, 52.0585244258606, 131.40564844954133, 93.47416623370553, 34.39476704383968, 0, 17.091573469300883, 15.119468838227705, 5.249999999999999, 94.36513009463708, 30.36747258175202, 15.982629459649134, 38.24999999999999, 28.924201255739955, 72.31720250243215, 55.499999999999986, 0, 27.749999999999993, 45.24133670342648, 54.72839784667734, 14.790784733048842, 29.747728243348917, 15.982629459649134, 0, 0, 0, 0, 103.18430113151904, 98.77471561307806, 0, 59.08844594710919, 0, 31.499999999999993, 41.99999999999999, 21.31017261286551, 0, 169.3280839081338, 99.77883848289949, 52.91502622129181, 34.183146938601766, 8.217102629471578, 58.83445482701651, 0, 91.72216208365916, 7.436932060837229, 47.10056971863578, 54.53750177947301, 85.52471869962812, 10.655086306432755, 48.432210483785255, 111.12155506471281, 28.090682080595446, 0, 79.49999999999999, 86.99999999999997, 41.99999999999999, 40.283381996201655, 128.75989713847676, 60.852280154485584, 163.15466418231642, 56.39673479468232, 92.99999999999997, 123.46839451634757, 14.254119783271355, 61.35468950190714, 88.14662308048915, 59.970363050797395, 51.27472040790265, 65.86780625794795, 71.99999999999999, 44.621592365023375, 47.987879356114014, 94.44281044338125, 104.24999999999997, 41.450103873345256, 67.80509467729935, 54.89024556487015, 48.645247566471745, 0, 89.86292906844984, 44.249999999999986, 0, 5.8118652580542305, 126.74999999999997, 64.41483994343439, 10.655086306432755, 0, 0.8819171036881969, 28.595517150561093], "B": 7462.182538422298}, "solution": [0.0, 0.0, 1.0, 0.0, 1.0, 0.0, 0.0, 1.0, 0.0, 0.0, 0.0, 0.0, 1.0, 0.0, 0.0, 0.0, 1.0, 0.0, 1.0, 1.0, 0.0, 0.0, 0.0, 0.0, 0.0, 0.0, 0.0, 0.0, 0.0, 0.0, 0.0, 0.0, 0.0, 0.0, 0.0, 0.0, 0.0, 0.0, 0.0, 1.0, 0.0, 0.0, 0.0, 0.0, 0.0, 1.0, 0.0, 0.0, 0.0, 1.0, 0.0, 0.0, 0.0, 0.0, 0.0, 1.0, 1.0, 0.0, 0.0, 1.0, 0.0, 1.0, 0.0, 0.0, 0.0, 0.0, 0.0, 1.0, 0.0, 0.0, 0.0, 1.0, 1.0, 0.0, 0.0, 0.0, 0.0, 0.0, 0.0, 0.0, 0.0, 0.0, 0.0, 0.0, 1.0, 0.0, 0.0, 0.0, 0.0, 0.0, 1.0, 0.0, 1.0, 0.0, 1.0, 0.0, 0.0, 0.0, 0.0, 1.0, 0.0, 0.0, 1.0, 1.0, 0.0, 0.0, 0.0, 0.0, 0.0, 0.0, 0.0, 0.0, 0.0, 1.0, 1.0, 0.0, 0.0, 0.0, 0.0, 0.0, 0.0, 0.0, 0.0, 0.0, 0.0, 0.0, 0.0, 0.0, 0.0, 0.0, 0.0, 0.0, 0.0, 0.0, 0.0, 0.0, 0.0, 0.0, 1.0, 0.0, 0.0, 0.0, 0.0, 0.0, 0.0, 0.0, 0.0, 1.0, 1.0, 0.0, 0.0, 0.0, 0.0, 0.0, 0.0, 0.0, 0.0, 0.0, 0.0, 0.0, 0.0, 1.0, 0.0, 0.0, 0.0, 0.0, 0.0, 0.0, 1.0, 0.0, 1.0, 0.0, 0.0, 1.0, 0.0, 0.0, 0.0, 0.0, 0.0, 0.0, 0.0, 0.0, 0.0, 1.0, 1.0, 0.0, 0.0, 0.0, 0.0, 0.0, 0.0, 0.0, 0.0, 0.0, 1.0, 0.0, 0.0, 0.0, 0.0, 0.0], "objective_value": 5085.186, "solve_time": 14.771167993545532}