{"instance": {"c": [92.5, 126.644, 96.569, 105.344, 110.40100000000001, 142.9, 130.51600000000002, 110.0, 110.40100000000001, 87.689, 125.696, 92.5, 112.025, 147.284, 108.025, 92.5, 81.664, 98.9, 80.816, 112.436, 98.224, 137.08100000000002, 89.044, 112.849, 120.625, 83.225, 129.049, 113.26400000000001, 127.6, 158.804, 102.761, 157.025, 121.076, 93.409, 105.344, 92.201, 135.025, 155.264, 152.94400000000002, 112.436, 131.00900000000001, 136.049, 160.0, 105.344, 92.5, 85.376, 94.025, 110.0, 108.416, 94.025, 112.849, 149.524, 82.769, 83.225, 83.225, 99.241, 92.5, 92.801, 106.481, 102.4, 145.625, 112.436, 96.896, 83.68900000000001, 109.601, 106.864, 82.1, 90.164, 92.201, 89.321, 145.07600000000002, 147.841, 149.524, 106.1, 113.681, 103.489, 144.529, 139.16899999999998, 82.769, 86.641, 90.449, 83.225, 159.401, 134.00900000000001, 86.641, 117.961, 81.449, 152.94400000000002, 97.889, 138.121, 94.025, 81.664, 113.26400000000001, 120.625, 114.521, 87.161, 132.001, 91.904, 98.224, 148.961, 148.4, 142.361, 107.636, 84.884, 86.641, 105.344, 125.225, 133.001, 85.129, 96.244, 81.025, 97.225, 135.025, 132.5, 114.944, 123.361, 91.025, 126.644, 90.449, 127.6, 157.616, 95.6, 102.041, 108.809, 80.404, 145.07600000000002, 126.644, 118.4, 143.98399999999998, 89.6, 152.369, 92.201, 108.025, 114.1, 97.889, 126.16900000000001, 93.71600000000001, 158.804, 87.689, 123.361, 102.761, 117.089, 118.84100000000001, 86.641, 118.4, 92.801, 158.804, 115.369, 104.596, 84.884, 80.404, 125.696, 81.664, 130.025, 105.721, 139.696, 94.336, 130.51600000000002, 115.369, 81.449, 106.864, 142.9, 129.536, 151.225, 157.616, 97.556, 140.756, 85.376, 106.481, 118.4, 137.6, 99.241, 81.025, 155.264, 82.1, 128.08100000000002, 91.025, 135.025, 81.025, 147.841, 102.4, 116.225, 145.07600000000002, 84.161, 133.001, 110.0, 134.51600000000002, 130.025, 97.225, 87.424, 158.804, 152.94400000000002, 128.08100000000002, 100.276, 86.384, 94.649, 133.50400000000002, 132.001, 146.72899999999998, 84.4], "p": [50, 138, 63, 88, 101, 170, 146, 100, 101, 33, 136, 50, 105, 178, 95, 50, 8, 70, 4, 106, 68, 159, 38, 107, 125, 15, 143, 108, 140, 198, 81, 195, 126, 53, 88, 49, 155, 192, 188, 106, 147, 157, 200, 88, 50, 24, 55, 100, 96, 55, 107, 182, 13, 15, 15, 71, 50, 51, 91, 80, 175, 106, 64, 17, 99, 92, 10, 42, 49, 39, 174, 179, 182, 90, 109, 83, 173, 163, 13, 29, 43, 15, 199, 153, 29, 119, 7, 188, 67, 161, 55, 8, 108, 125, 111, 31, 149, 48, 68, 181, 180, 169, 94, 22, 29, 88, 135, 151, 23, 62, 5, 65, 155, 150, 112, 131, 45, 138, 43, 140, 196, 60, 79, 97, 2, 174, 138, 120, 172, 40, 187, 49, 95, 110, 67, 137, 54, 198, 33, 131, 81, 117, 121, 29, 120, 51, 198, 113, 86, 22, 2, 136, 8, 145, 89, 164, 56, 146, 113, 7, 92, 170, 144, 185, 196, 66, 166, 24, 91, 120, 160, 71, 5, 192, 10, 141, 45, 155, 5, 179, 80, 115, 174, 19, 151, 100, 154, 145, 65, 32, 198, 188, 141, 74, 28, 57, 152, 149, 177, 20], "q": [44.09585518440985, 85.52471869962812, 39.04389331939545, 42.62034522573102, 48.9165325886231, 55.87629788040673, 0, 0, 89.0736274725079, 15.982629459649134, 84.28523002282192, 0, 50.85382100797452, 86.20933466113775, 31.224989991991997, 37.499999999999986, 4.957954707224819, 61.734197258173786, 2.4789773536124096, 79.49999999999999, 32.933903128973974, 77.00721466921854, 12.4899959967968, 66.31264420913196, 41.085513147357894, 9.296165076046536, 107.24999999999997, 52.30678732248807, 104.99999999999997, 65.0794528254149, 71.43528539874394, 0, 94.49999999999997, 0, 28.924201255739955, 43.21393808072165, 136.6971510716705, 92.98984412886769, 61.79261177362627, 79.49999999999999, 110.24999999999996, 138.46098527904692, 0, 42.62034522573102, 24.216105241892627, 11.623730516108461, 34.08593861217064, 48.432210483785255, 46.494922064433844, 18.077625784837473, 35.16919925413836, 160.50891287125185, 9.749999999999996, 4.930261577682947, 13.228756555322953, 23.336571467699283, 37.499999999999986, 44.97777228809804, 80.25445643562593, 38.74576838702821, 108.45525922054291, 65.69289987072885, 56.4426946360446, 12.749999999999996, 0, 44.55763364508243, 8.819171036881968, 26.0292622129303, 0, 0, 130.49999999999997, 134.24999999999997, 59.82050714255309, 55.776990456279215, 52.79110942732593, 27.28078072984564, 107.21577054373671, 122.24999999999997, 4.272893367325221, 14.045341040297723, 20.82585050802766, 13.228756555322953, 123.32912334221739, 74.10128204019144, 0, 57.63433047570445, 4.338210368821717, 165.80041549338102, 0, 120.74999999999997, 48.50544070285083, 2.629472841430905, 80.99999999999997, 0, 68.79162156274437, 19.212074490496175, 48.973931671650604, 29.747728243348917, 59.970363050797395, 135.74999999999997, 0, 0, 82.90020774669051, 10.655086306432755, 21.749999999999993, 77.60870512456133, 0, 133.16948265691772, 0, 0, 2.421610524189263, 40.283381996201655, 116.24999999999997, 92.96165076046536, 69.41136590114748, 98.24999999999997, 21.794494717703365, 121.70456030897117, 20.82585050802766, 67.80509467729935, 94.92713254821909, 19.721046310731786, 0, 72.74999999999999, 1.7638342073763937, 130.49999999999997, 0, 74.36932060837229, 0, 35.276684147527874, 115.89219128138014, 30.36747258175202, 31.224989991991997, 36.155251569674945, 32.449581024136116, 66.35212836278579, 40.499999999999986, 174.61958653026298, 0, 81.18650833080642, 60.74999999999998, 87.74999999999999, 39.770776726642445, 25.57559600695771, 0, 44.97777228809804, 174.61958653026298, 37.141303885211535, 64.49999999999999, 10.655086306432755, 0.9686442096757051, 44.701038304325394, 4.957954707224819, 127.87798003478855, 78.49062222824952, 101.63807149810879, 27.12203787091974, 90.48267340685295, 70.03111023955057, 6.173419725817379, 68.99999999999999, 127.49999999999996, 89.24318473004675, 89.59958939500271, 94.92713254821909, 31.965258919298268, 0, 11.623730516108461, 68.24999999999999, 0, 99.15909414449638, 53.24999999999998, 3.7499999999999987, 169.3280839081338, 3.2868410517886315, 124.35031162003577, 21.794494717703365, 50.94603630272379, 2.421610524189263, 134.24999999999997, 70.55336829505575, 71.27059891635678, 153.45357604174626, 0, 133.16948265691772, 48.432210483785255, 135.81523396798232, 127.87798003478855, 48.749999999999986, 0, 95.89577675789481, 91.05255570951627, 124.35031162003577, 24.322623783235873, 24.693678903269515, 27.60635997575759, 0, 92.34190642206225, 109.69474789734912, 0], "B": 9392.4888835309}, "solution": [0.0, 0.0, 0.0, 0.0, 0.0, 0.0, 0.0, 0.0, 0.0, 0.0, 0.0, 0.0, 0.0, 1.0, 0.0, 0.0, 0.0, 0.0, 0.0, 0.0, 0.0, 0.0, 0.0, 0.0, 0.0, 0.0, 1.0, 0.0, 1.0, 1.0, 0.0, 0.0, 0.0, 0.0, 0.0, 0.0, 1.0, 1.0, 1.0, 0.0, 1.0, 1.0, 0.0, 0.0, 0.0, 0.0, 0.0, 0.0, 0.0, 0.0, 0.0, 1.0, 0.0, 0.0, 0.0, 0.0, 0.0, 0.0, 0.0, 0.0, 1.0, 0.0, 0.0, 0.0, 0.0, 0.0, 0.0, 0.0, 0.0, 0.0, 1.0, 1.0, 0.0, 0.0, 0.0, 0.0, 1.0, 1.0, 0.0, 0.0, 0.0, 0.0, 1.0, 0.0, 0.0, 0.0, 0.0, 1.0, 0.0, 1.0, 0.0, 0.0, 0.0, 0.0, 0.0, 0.0, 0.0, 0.0, 0.0, 1.0, 0.0, 0.0, 0.0, 0.0, 0.0, 0.0, 0.0, 1.0, 0.0, 0.0, 0.0, 0.0, 1.0, 1.0, 0.0, 0.0, 0.0, 1.0, 0.0, 0.0, 1.0, 0.0, 0.0, 0.0, 0.0, 1.0, 0.0, 0.0, 0.0, 0.0, 1.0, 0.0, 0.0, 0.0, 0.0, 0.0, 0.0, 1.0, 0.0, 0.0, 0.0, 0.0, 0.0, 0.0, 0.0, 0.0, 1.0, 0.0, 0.0, 0.0, 0.0, 0.0, 0.0, 1.0, 0.0, 1.0, 0.0, 0.0, 0.0, 0.0, 0.0, 1.0, 0.0, 1.0, 1.0, 0.0, 0.0, 0.0, 0.0, 0.0, 1.0, 0.0, 0.0, 1.0, 0.0, 1.0, 0.0, 0.0, 0.0, 1.0, 0.0, 0.0, 1.0, 0.0, 1.0, 0.0, 1.0, 1.0, 0.0, 0.0, 1.0, 1.0, 1.0, 0.0, 0.0, 0.0, 0.0, 0.0, 1.0, 0.0], "objective_value": 6463.482000000002, "solve_time": 186.43794989585876}