{"instance": {"c": [135.025, 85.625, 107.636, 83.456, 84.641, 85.376, 149.524, 133.50400000000002, 127.6, 95.6, 82.769, 132.001, 98.561, 102.4, 110.0, 129.049, 118.84100000000001, 89.321, 84.884, 130.025, 82.996, 114.1, 112.025, 94.649, 104.596, 147.841, 81.881, 110.0, 88.225, 157.616, 138.121, 83.225, 144.529, 118.84100000000001, 136.049, 155.849, 84.884, 141.824, 125.696, 94.649, 82.321, 130.025, 122.9, 113.26400000000001, 119.729, 85.625, 87.161, 118.84100000000001, 97.556, 134.51600000000002, 91.025, 86.384, 128.08100000000002, 98.224, 133.001, 136.049, 121.98400000000001, 81.449, 82.321, 121.076, 80.404, 106.864, 84.641, 145.625, 85.376, 147.841, 160.0, 144.529, 90.449, 115.369, 155.264, 80.201, 120.176, 102.761, 96.244, 134.00900000000001, 142.9, 103.489, 133.001, 151.796, 90.449, 105.344, 124.756, 82.544, 99.929, 139.16899999999998, 87.689, 92.801, 114.944, 89.881, 141.289, 104.596, 88.225, 89.044, 130.025, 83.225, 86.129, 104.969, 145.07600000000002, 103.856, 97.225, 93.409, 135.536, 86.641, 85.876, 83.924, 95.281, 85.625, 93.104, 108.809, 158.804, 158.804, 130.51600000000002, 87.424, 98.561, 141.289, 84.884, 117.089, 83.456, 83.456, 133.001, 83.924, 81.025, 91.025, 98.561, 85.376, 93.104, 145.625, 119.729, 143.98399999999998, 85.129, 92.801, 108.809, 85.876, 86.384, 121.98400000000001, 137.08100000000002, 112.025, 89.044, 116.656, 117.961, 117.524, 93.409, 102.041, 117.961, 110.804, 85.876, 123.361, 133.001, 85.376, 82.544, 94.025, 115.369, 81.236, 114.944, 124.289, 154.1, 84.4, 157.025, 146.72899999999998, 84.161, 96.896, 112.849, 147.284, 89.881, 82.544, 157.616, 133.001, 135.536, 92.5, 86.384, 94.649, 111.209, 127.12100000000001, 158.804, 95.6, 123.824, 147.841, 135.536, 83.68900000000001, 82.544, 88.769, 97.225, 120.176, 144.529, 95.6, 89.321, 125.696, 150.089, 123.824, 104.225, 112.436, 87.689, 117.524, 99.241, 152.94400000000002, 93.71600000000001, 123.824, 85.625, 143.98399999999998], "p": [155, 25, 94, 16, 21, 24, 182, 152, 140, 60, 13, 149, 69, 80, 100, 143, 121, 39, 22, 145, 14, 110, 105, 57, 86, 179, 9, 100, 35, 196, 161, 15, 173, 121, 157, 193, 22, 168, 136, 57, 11, 145, 130, 108, 123, 25, 31, 121, 66, 154, 45, 28, 141, 68, 151, 157, 128, 7, 11, 126, 2, 92, 21, 175, 24, 179, 200, 173, 43, 113, 192, 1, 124, 81, 62, 153, 170, 83, 151, 186, 43, 88, 134, 12, 73, 163, 33, 51, 112, 41, 167, 86, 35, 38, 145, 15, 27, 87, 174, 84, 65, 53, 156, 29, 26, 18, 59, 25, 52, 97, 198, 198, 146, 32, 69, 167, 22, 117, 16, 16, 151, 18, 5, 45, 69, 24, 52, 175, 123, 172, 23, 51, 97, 26, 28, 128, 159, 105, 38, 116, 119, 118, 53, 79, 119, 102, 26, 131, 151, 24, 12, 55, 113, 6, 112, 133, 190, 20, 195, 177, 19, 64, 107, 178, 41, 12, 196, 151, 156, 50, 28, 57, 103, 139, 198, 60, 132, 179, 156, 17, 12, 37, 65, 124, 173, 60, 39, 136, 183, 132, 85, 106, 33, 118, 71, 188, 54, 132, 25, 172], "q": [0, 12.108052620946314, 58.25596780989162, 9.915909414449638, 15.749999999999996, 21.166010488516726, 136.49999999999997, 49.9599839871872, 123.46839451634757, 37.184660304186146, 4.272893367325221, 0, 22.67920325734156, 49.57954707224819, 48.432210483785255, 88.62344039164364, 106.71196954627182, 34.39476704383968, 13.634375444868253, 47.659195250935156, 8.676420737643435, 82.49999999999997, 92.60129588726068, 35.32542728897684, 64.49999999999999, 157.86316156018725, 7.937253933193772, 0, 16.951273669324838, 0, 0, 7.264831572567787, 129.74999999999997, 74.98906494677539, 51.603404513081514, 0, 16.499999999999996, 55.21892967004901, 0, 42.74999999999999, 5.327543153216378, 89.86292906844984, 0, 80.99999999999997, 92.24999999999997, 0, 15.013985249973427, 106.71196954627182, 21.693150941804966, 0, 39.68626966596886, 17.35284147528687, 105.74999999999997, 50.999999999999986, 0, 138.46098527904692, 0, 0, 0, 61.02458520956942, 0, 68.99999999999999, 10.170764201594903, 0, 7.888418524292716, 0, 96.86442096757051, 0, 32.24999999999999, 0, 63.107348194341725, 0, 0, 60.74999999999998, 54.67886042866821, 74.10128204019144, 55.87629788040673, 73.19911960612033, 49.631299882008335, 0, 26.6490065513334, 0, 0, 3.944209262146358, 23.993939678057007, 78.94450308856996, 29.103264421710495, 24.70042734673048, 98.77471561307806, 0, 103.4973045133181, 0, 21.691051844108582, 23.55028485931789, 127.87798003478855, 11.249999999999996, 20.249999999999993, 28.595517150561093, 84.27204624178633, 52.0585244258606, 48.749999999999986, 39.74999999999999, 51.27472040790265, 9.531839050187031, 16.113352798480662, 0, 0, 15.49360846007756, 45.85968939178624, 0, 174.61958653026298, 95.89577675789481, 109.49999999999997, 23.999999999999993, 60.852280154485584, 125.24999999999996, 0, 103.18430113151904, 14.11067365901115, 5.25894568286181, 93.58139509886846, 11.155398091255844, 3.098721692015512, 27.888495228139607, 42.76235934981406, 21.166010488516726, 32.226705596961324, 57.519718406301045, 76.22855362358159, 56.53366609076446, 0, 44.97777228809804, 60.115200825100935, 12.592374725784165, 13.56101893545987, 79.3272753155971, 98.53934980609328, 92.60129588726068, 12.4899959967968, 38.127356200748125, 73.74957626996918, 57.150008370866594, 39.74999999999999, 69.67145119136755, 104.94813533889544, 89.95554457619608, 19.499999999999993, 0, 0, 0, 10.583005244258363, 34.08593861217064, 84.74999999999997, 3.7184660304186146, 54.24407574183948, 99.74999999999997, 62.449979983983994, 9.686442096757052, 146.24999999999994, 132.74999999999997, 6.2449979983984, 0, 35.16919925413836, 133.49999999999997, 13.47604831233339, 5.8118652580542305, 0, 73.13263783051572, 96.68011679088397, 30.98721692015512, 20.999999999999996, 42.74999999999999, 33.8544628334229, 86.14446303803123, 0, 19.721046310731786, 43.38630188360993, 134.24999999999997, 96.68011679088397, 12.749999999999996, 7.436932060837229, 0, 31.480936814460414, 0, 56.86235019594332, 19.721046310731786, 24.170029197720993, 65.86780625794795, 88.63094518532702, 81.80625266920951, 52.6782687642637, 34.84051514895949, 20.45156316730238, 104.06621823520724, 0, 91.05255570951627, 26.153393661244035, 43.38630188360993, 0, 83.30340203211064], "B": 4870.998199864109}, "solution": [0.0, 0.0, 0.0, 0.0, 0.0, 0.0, 1.0, 0.0, 1.0, 0.0, 0.0, 0.0, 0.0, 0.0, 0.0, 0.0, 1.0, 0.0, 0.0, 0.0, 0.0, 0.0, 0.0, 0.0, 0.0, 1.0, 0.0, 0.0, 0.0, 0.0, 0.0, 0.0, 1.0, 0.0, 0.0, 0.0, 0.0, 0.0, 0.0, 0.0, 0.0, 0.0, 0.0, 0.0, 0.0, 0.0, 0.0, 1.0, 0.0, 0.0, 0.0, 0.0, 1.0, 0.0, 0.0, 1.0, 0.0, 0.0, 0.0, 0.0, 0.0, 0.0, 0.0, 0.0, 0.0, 0.0, 1.0, 0.0, 0.0, 0.0, 0.0, 0.0, 0.0, 0.0, 0.0, 0.0, 0.0, 0.0, 0.0, 0.0, 0.0, 0.0, 0.0, 0.0, 0.0, 0.0, 0.0, 0.0, 0.0, 0.0, 1.0, 0.0, 0.0, 0.0, 1.0, 0.0, 0.0, 0.0, 0.0, 0.0, 0.0, 0.0, 0.0, 0.0, 0.0, 0.0, 0.0, 0.0, 0.0, 0.0, 1.0, 1.0, 1.0, 0.0, 0.0, 1.0, 0.0, 0.0, 0.0, 0.0, 1.0, 0.0, 0.0, 0.0, 0.0, 0.0, 0.0, 0.0, 0.0, 0.0, 0.0, 0.0, 0.0, 0.0, 0.0, 0.0, 1.0, 0.0, 0.0, 0.0, 0.0, 0.0, 0.0, 0.0, 0.0, 0.0, 0.0, 0.0, 0.0, 0.0, 0.0, 0.0, 0.0, 0.0, 0.0, 0.0, 0.0, 0.0, 1.0, 1.0, 0.0, 0.0, 0.0, 1.0, 0.0, 0.0, 0.0, 0.0, 0.0, 0.0, 0.0, 0.0, 0.0, 0.0, 0.0, 0.0, 0.0, 1.0, 1.0, 0.0, 0.0, 0.0, 0.0, 0.0, 0.0, 0.0, 0.0, 0.0, 0.0, 0.0, 0.0, 0.0, 0.0, 1.0, 0.0, 1.0, 0.0, 0.0, 0.0, 0.0], "objective_value": 3366.9980000000005, "solve_time": 11.67623257637024}