{"instance": {"c": [136.56400000000002, 88.225, 141.824, 152.369, 82.1, 139.696, 98.9, 92.801, 84.4, 81.881, 82.1, 151.225, 85.625, 146.176, 104.969, 144.529, 143.98399999999998, 82.544, 82.544, 128.08100000000002, 82.321, 84.641, 117.089, 85.876, 103.856, 111.616, 95.281, 122.9, 101.684, 117.524, 114.944, 146.72899999999998, 110.40100000000001, 138.121, 115.79599999999999, 83.924, 98.224, 112.849, 86.384, 92.801, 90.736, 99.584, 95.6, 124.756, 118.4, 131.00900000000001, 117.524, 103.856, 114.521, 110.804, 157.025, 141.289, 80.404, 94.336, 154.681, 117.961, 144.529, 143.98399999999998, 95.281, 84.641, 106.1, 130.51600000000002, 151.796, 100.976, 160.0, 107.249, 106.1, 123.361, 94.964, 119.729, 102.4, 145.625, 147.284, 105.721, 96.896, 129.049, 134.51600000000002, 99.584, 146.72899999999998, 96.569, 153.52100000000002, 102.761, 84.4, 107.249, 114.1, 84.884, 147.841, 83.225, 91.609, 117.961, 139.696, 80.816, 117.961, 122.9, 86.129, 114.1, 117.524, 93.71600000000001, 125.225, 87.161, 131.50400000000002, 91.609, 142.9, 95.281, 128.56400000000002, 148.4, 83.68900000000001, 139.16899999999998, 140.225, 88.769, 83.225, 92.801, 103.856, 137.08100000000002, 89.321, 156.436, 126.16900000000001, 85.625, 102.4, 107.636, 113.26400000000001, 91.609, 93.409, 90.164, 97.225, 116.656, 160.0, 108.025, 93.104, 86.9, 127.6, 86.641, 97.556, 122.441, 130.51600000000002, 155.849, 121.98400000000001, 136.049, 87.424, 123.824, 90.449, 145.625, 102.4, 144.529, 136.56400000000002, 131.00900000000001, 124.756, 121.98400000000001, 102.761, 137.08100000000002, 129.049, 85.625, 114.944, 131.00900000000001, 147.841, 117.089, 97.556, 157.025, 138.644, 138.121, 114.521, 89.881, 90.164, 130.51600000000002, 117.089, 96.896, 83.68900000000001, 155.264, 147.284, 123.361, 144.529, 119.284, 108.025, 113.26400000000001, 159.401, 112.025, 81.664, 91.609, 141.824, 108.025, 105.344, 108.809, 142.9, 97.556, 95.6, 120.625, 92.5, 104.596, 110.0, 83.456, 160.0, 99.241, 152.94400000000002, 89.044, 85.129, 96.896, 157.025, 130.025, 145.625, 94.336], "p": [158, 35, 168, 187, 10, 164, 70, 51, 20, 9, 10, 185, 25, 176, 87, 173, 172, 12, 12, 141, 11, 21, 117, 26, 84, 104, 59, 130, 78, 118, 112, 177, 101, 161, 114, 18, 68, 107, 28, 51, 44, 72, 60, 134, 120, 147, 118, 84, 111, 102, 195, 167, 2, 56, 191, 119, 173, 172, 59, 21, 90, 146, 186, 76, 200, 93, 90, 131, 58, 123, 80, 175, 178, 89, 64, 143, 154, 72, 177, 63, 189, 81, 20, 93, 110, 22, 179, 15, 47, 119, 164, 4, 119, 130, 27, 110, 118, 54, 135, 31, 148, 47, 170, 59, 142, 180, 17, 163, 165, 37, 15, 51, 84, 159, 39, 194, 137, 25, 80, 94, 108, 47, 53, 42, 65, 116, 200, 95, 52, 30, 140, 29, 66, 129, 146, 193, 128, 157, 32, 132, 43, 175, 80, 173, 158, 147, 134, 128, 81, 159, 143, 25, 112, 147, 179, 117, 66, 195, 162, 161, 111, 41, 42, 146, 117, 64, 17, 192, 178, 131, 173, 122, 95, 108, 199, 105, 8, 47, 168, 95, 88, 97, 170, 66, 60, 125, 50, 86, 100, 16, 200, 71, 188, 38, 23, 64, 195, 145, 175, 56], "q": [118.49999999999997, 16.951273669324838, 55.21892967004901, 90.56823360467843, 6.197443384031024, 53.90419324933356, 23.00788736252042, 31.606961258558226, 0, 6.749999999999998, 4.843221048378526, 89.59958939500271, 0, 85.24069045146204, 28.595517150561093, 107.21577054373671, 0, 7.436932060837229, 8.999999999999998, 46.3444588302197, 5.327543153216378, 10.170764201594903, 56.66568626602874, 22.92984469589312, 52.0585244258606, 50.36949890313666, 52.03310911760362, 0, 0, 57.150008370866594, 0, 156.09932735281086, 89.0736274725079, 99.77883848289949, 85.49999999999999, 5.916313893219536, 22.350519152162697, 94.36513009463708, 9.203154945008169, 44.97777228809804, 32.99999999999999, 0, 44.999999999999986, 44.043670093967656, 105.83005244258362, 110.24999999999996, 104.06621823520724, 74.08103670980854, 53.75975363700163, 76.49999999999999, 94.44281044338125, 0, 0, 27.12203787091974, 0, 104.94813533889544, 129.74999999999997, 128.99999999999997, 19.392362205552924, 6.902366208756126, 43.58898943540673, 70.71102730632647, 90.08391149984057, 67.02569988030297, 96.86442096757051, 69.74999999999999, 43.58898943540673, 43.05761777843107, 51.15119201391542, 92.24999999999997, 70.55336829505575, 0, 156.98124445649904, 43.10466733056887, 21.03578273144724, 126.11414582741214, 74.5856041450293, 34.87119154832538, 0, 55.560777532356404, 62.121295878805135, 60.74999999999998, 6.573682103577263, 0, 0, 16.499999999999996, 86.6936567659756, 4.930261577682947, 41.450103873345256, 0, 53.90419324933356, 2.999999999999999, 89.24999999999997, 97.49999999999997, 20.249999999999993, 68.17187722434127, 104.06621823520724, 0, 83.66548568441883, 0, 110.99999999999997, 41.450103873345256, 105.3565375285274, 28.575004185433297, 0, 158.74507866387543, 0, 78.94450308856996, 79.91314729824566, 0, 0, 24.70042734673048, 0, 119.24999999999997, 18.88856208867625, 0, 0, 0, 0, 30.896305886813135, 0, 41.450103873345256, 25.669071556406184, 13.804732417512252, 48.749999999999986, 0, 65.73682103577262, 31.224989991991997, 32.226705596961324, 26.457513110645905, 46.01577472504084, 25.57559600695771, 21.693150941804966, 113.76730637577741, 109.49999999999997, 119.61065731179878, 79.3272753155971, 117.74999999999996, 28.2213473180223, 63.930517838596536, 37.92243545859247, 84.7563683466242, 49.57954707224819, 107.21577054373671, 76.5228925643807, 71.19534941116432, 100.49999999999997, 42.07156546289448, 60.74999999999998, 52.26077272343924, 88.62344039164364, 15.49360846007756, 69.41136590114748, 48.31656346129288, 0, 0, 49.49999999999999, 0, 78.4601809837321, 120.74999999999997, 68.79162156274437, 0, 26.0292622129303, 0, 72.51008759316298, 0, 14.992590762699349, 0, 133.49999999999997, 63.44619573375868, 0, 91.49999999999999, 31.224989991991997, 66.93238854753506, 0, 0, 2.629472841430905, 22.763138927379067, 104.1170488517212, 0, 65.99999999999999, 72.74999999999999, 149.92590762699348, 31.965258919298268, 29.059326290271148, 41.085513147357894, 30.98721692015512, 28.26683304538223, 32.86841051788631, 0, 123.94886768062048, 0, 91.05255570951627, 18.404239983838398, 20.284093384828527, 21.03578273144724, 64.09340050987832, 108.74999999999997, 57.519718406301045, 34.70568295057374], "B": 10728.22819223392}, "solution": [1.0, 0.0, 0.0, 1.0, 0.0, 0.0, 0.0, 0.0, 0.0, 0.0, 0.0, 1.0, 0.0, 1.0, 0.0, 1.0, 0.0, 0.0, 0.0, 0.0, 0.0, 0.0, 0.0, 0.0, 0.0, 0.0, 0.0, 0.0, 0.0, 0.0, 0.0, 1.0, 0.0, 1.0, 1.0, 0.0, 0.0, 1.0, 0.0, 0.0, 0.0, 0.0, 0.0, 0.0, 1.0, 1.0, 1.0, 0.0, 0.0, 0.0, 1.0, 0.0, 0.0, 0.0, 0.0, 1.0, 1.0, 1.0, 0.0, 0.0, 0.0, 1.0, 1.0, 0.0, 1.0, 0.0, 0.0, 0.0, 0.0, 1.0, 0.0, 0.0, 1.0, 0.0, 0.0, 1.0, 1.0, 0.0, 0.0, 0.0, 1.0, 0.0, 0.0, 0.0, 0.0, 0.0, 1.0, 0.0, 0.0, 0.0, 0.0, 0.0, 1.0, 1.0, 0.0, 0.0, 1.0, 0.0, 1.0, 0.0, 0.0, 0.0, 1.0, 0.0, 0.0, 1.0, 0.0, 1.0, 1.0, 0.0, 0.0, 0.0, 0.0, 1.0, 0.0, 0.0, 0.0, 0.0, 0.0, 0.0, 0.0, 0.0, 0.0, 0.0, 0.0, 0.0, 1.0, 0.0, 0.0, 0.0, 0.0, 0.0, 0.0, 1.0, 1.0, 1.0, 1.0, 1.0, 0.0, 0.0, 0.0, 1.0, 0.0, 1.0, 1.0, 1.0, 1.0, 0.0, 0.0, 0.0, 1.0, 0.0, 0.0, 0.0, 0.0, 0.0, 0.0, 0.0, 1.0, 1.0, 0.0, 0.0, 0.0, 0.0, 0.0, 0.0, 0.0, 0.0, 1.0, 0.0, 0.0, 1.0, 0.0, 0.0, 0.0, 0.0, 0.0, 0.0, 1.0, 0.0, 0.0, 0.0, 1.0, 0.0, 0.0, 0.0, 0.0, 0.0, 0.0, 0.0, 1.0, 0.0, 1.0, 0.0, 0.0, 0.0, 1.0, 1.0, 1.0, 0.0], "objective_value": 7852.473999999999, "solve_time": 11.81608271598816}