{"instance": {"c": [87.424, 144.529, 158.804, 97.556, 145.07600000000002, 143.441, 87.424, 137.08100000000002, 89.6, 153.52100000000002, 123.361, 139.696, 123.824, 157.616, 102.4, 87.424, 155.264, 101.32900000000001, 96.244, 86.384, 98.561, 115.79599999999999, 84.4, 90.736, 158.209, 124.756, 151.225, 88.225, 95.6, 86.641, 97.556, 142.361, 133.001, 80.201, 141.289, 130.51600000000002, 93.104, 141.289, 80.404, 141.824, 121.98400000000001, 111.616, 87.689, 105.721, 93.71600000000001, 123.824, 90.736, 156.436, 110.40100000000001, 86.641, 130.025, 131.50400000000002, 138.121, 97.889, 157.616, 85.625, 102.041, 100.625, 136.56400000000002, 100.276, 119.729, 102.041, 95.921, 129.049, 110.40100000000001, 126.16900000000001, 147.284, 114.944, 97.556, 134.51600000000002, 154.681, 140.225, 160.0, 146.72899999999998, 89.6, 157.025, 105.344, 157.616, 93.409, 146.72899999999998, 123.824, 111.616, 134.00900000000001, 112.025, 147.284, 154.1, 142.361, 81.236, 155.264, 108.025, 84.161, 81.664, 134.00900000000001, 114.521, 137.08100000000002, 139.16899999999998, 121.529, 155.849, 131.50400000000002, 85.625, 150.089, 123.361, 141.289, 81.025, 113.26400000000001, 97.889, 97.556, 120.176, 131.00900000000001, 130.025, 160.0, 107.249, 90.164, 80.201, 134.00900000000001, 145.625, 89.321, 133.50400000000002, 84.641, 82.769, 133.001, 81.236, 133.001, 134.00900000000001, 154.681, 86.384, 131.00900000000001, 86.9, 121.076, 91.609, 90.736, 98.224, 124.756, 139.696, 94.025, 135.536, 142.9, 137.6, 129.536, 84.884, 157.616, 154.1, 82.996, 157.616, 141.824, 133.001, 114.1, 144.529, 131.00900000000001, 117.089, 102.761, 94.649, 121.076, 83.68900000000001, 95.921, 142.9, 147.284, 82.1, 95.921, 85.129, 113.681, 90.736, 81.664, 143.98399999999998, 112.436, 151.796, 157.025, 141.289, 142.9, 86.129, 91.025, 126.644, 83.456, 138.644, 108.809, 142.361, 123.824, 155.264, 100.276, 91.025, 89.881, 81.449, 149.524, 146.72899999999998, 94.336, 132.001, 94.336, 127.6, 136.56400000000002, 135.536, 124.756, 127.12100000000001, 83.456, 127.12100000000001, 119.284, 112.849, 94.025, 117.524, 80.404, 147.841], "p": [32, 173, 198, 66, 174, 171, 32, 159, 40, 189, 131, 164, 132, 196, 80, 32, 192, 77, 62, 28, 69, 114, 20, 44, 197, 134, 185, 35, 60, 29, 66, 169, 151, 1, 167, 146, 52, 167, 2, 168, 128, 104, 33, 89, 54, 132, 44, 194, 101, 29, 145, 148, 161, 67, 196, 25, 79, 75, 158, 74, 123, 79, 61, 143, 101, 137, 178, 112, 66, 154, 191, 165, 200, 177, 40, 195, 88, 196, 53, 177, 132, 104, 153, 105, 178, 190, 169, 6, 192, 95, 19, 8, 153, 111, 159, 163, 127, 193, 148, 25, 183, 131, 167, 5, 108, 67, 66, 124, 147, 145, 200, 93, 42, 1, 153, 175, 39, 152, 21, 13, 151, 6, 151, 153, 191, 28, 147, 30, 126, 47, 44, 68, 134, 164, 55, 156, 170, 160, 144, 22, 196, 190, 14, 196, 168, 151, 110, 173, 147, 117, 81, 57, 126, 17, 61, 170, 178, 10, 61, 23, 109, 44, 8, 172, 106, 186, 195, 167, 170, 27, 45, 138, 16, 162, 97, 169, 132, 192, 74, 45, 41, 7, 182, 177, 56, 149, 56, 140, 158, 156, 134, 139, 16, 139, 122, 107, 55, 118, 2, 179], "q": [10.51789136572362, 129.74999999999997, 148.49999999999994, 58.20652884342099, 153.45357604174626, 56.2049819855856, 23.999999999999993, 77.00721466921854, 0, 62.121295878805135, 115.53114058315379, 0, 81.80625266920951, 172.8557523228866, 26.294728414309052, 15.498307354811281, 92.98984412886769, 67.90761698399116, 30.027970499946854, 0, 51.749999999999986, 55.21271995151518, 9.686442096757052, 38.80435256228066, 95.41145465305694, 100.49999999999997, 138.74999999999994, 30.867098629086893, 52.91502622129181, 9.531839050187031, 40.90312633460476, 104.7367931901243, 93.58139509886846, 0.8819171036881969, 80.88179150792136, 70.71102730632647, 32.226705596961324, 103.4973045133181, 1.2394886768062048, 125.99999999999997, 112.8853892720892, 50.36949890313666, 0, 66.74999999999999, 40.499999999999986, 63.930517838596536, 0, 63.76471640469945, 75.74999999999999, 14.045341040297723, 0, 71.67967151600216, 120.74999999999997, 32.449581024136116, 146.99999999999997, 18.749999999999993, 38.26144628219035, 24.65130788841474, 51.93208861826037, 24.322623783235873, 0, 25.966044309130186, 0, 69.25806099181291, 62.59417817871335, 45.02972240950425, 133.49999999999997, 54.24407574183948, 0, 74.5856041450293, 168.4461668044456, 79.91314729824566, 176.3834207376394, 58.17708661665877, 13.147364207154526, 146.24999999999994, 54.53750177947301, 146.99999999999997, 17.420257574479745, 109.69474789734912, 63.930517838596536, 91.71937878357248, 94.82088377567466, 92.60129588726068, 86.20933466113775, 92.02119991919197, 149.04399052330527, 4.499999999999999, 118.99091297339567, 31.224989991991997, 0, 2.629472841430905, 74.10128204019144, 68.79162156274437, 52.26077272343924, 0, 78.70753097719401, 144.74999999999994, 48.645247566471745, 15.49360846007756, 60.149191247731956, 98.24999999999997, 125.24999999999996, 3.7499999999999987, 52.30678732248807, 41.52287067300786, 40.90312633460476, 40.756829042179035, 91.10241774525605, 0, 0, 82.01829064300232, 37.04051835490427, 0.7499999999999998, 134.93331686429414, 108.45525922054291, 24.170029197720993, 49.9599839871872, 10.170764201594903, 8.056676399240331, 113.24999999999997, 2.9059326290271152, 113.24999999999997, 134.93331686429414, 143.24999999999997, 0, 129.64181424216494, 18.592330152093073, 94.49999999999997, 35.249999999999986, 21.31017261286551, 32.933903128973974, 44.043670093967656, 144.6344050048643, 26.637715766081886, 75.554248354705, 105.3565375285274, 52.589456828618104, 47.33051114575629, 0, 146.99999999999997, 117.75142429658945, 8.676420737643435, 121.46989032700807, 104.1170488517212, 133.16948265691772, 0, 83.78772413694848, 129.64181424216494, 56.66568626602874, 71.43528539874394, 0, 41.41419725253676, 8.233475782243493, 53.79694332498001, 82.33475782243492, 133.49999999999997, 7.499999999999997, 37.80440464258925, 0, 81.74999999999999, 0, 3.8745768387028203, 56.53366609076446, 65.69289987072885, 115.27244694297704, 0, 125.24999999999996, 82.33475782243492, 20.249999999999993, 0, 66.83645046762365, 9.915909414449638, 53.24682503897583, 31.882358202349725, 81.85043571759708, 81.80625266920951, 0, 55.499999999999986, 0, 0, 5.249999999999999, 136.49999999999997, 132.74999999999997, 27.12203787091974, 92.34190642206225, 49.38735780653903, 86.76420737643433, 139.3429023827351, 0, 83.04574134601572, 67.32077257246151, 0, 86.14446303803123, 40.099460831821304, 94.36513009463708, 26.637715766081886, 73.12983193156609, 0.6573682103577263, 0], "B": 10844.98032216579}, "solution": [0.0, 1.0, 1.0, 0.0, 1.0, 0.0, 0.0, 0.0, 0.0, 0.0, 1.0, 0.0, 0.0, 1.0, 0.0, 0.0, 1.0, 0.0, 0.0, 0.0, 0.0, 0.0, 0.0, 0.0, 1.0, 1.0, 1.0, 0.0, 0.0, 0.0, 0.0, 1.0, 1.0, 0.0, 0.0, 0.0, 0.0, 1.0, 0.0, 1.0, 1.0, 0.0, 0.0, 0.0, 0.0, 0.0, 0.0, 0.0, 0.0, 0.0, 0.0, 0.0, 1.0, 0.0, 1.0, 0.0, 0.0, 0.0, 0.0, 0.0, 0.0, 0.0, 0.0, 0.0, 0.0, 0.0, 1.0, 0.0, 0.0, 0.0, 1.0, 0.0, 1.0, 0.0, 0.0, 1.0, 0.0, 1.0, 0.0, 1.0, 0.0, 0.0, 1.0, 0.0, 0.0, 1.0, 1.0, 0.0, 1.0, 0.0, 0.0, 0.0, 0.0, 0.0, 0.0, 0.0, 0.0, 1.0, 0.0, 0.0, 0.0, 1.0, 1.0, 0.0, 0.0, 0.0, 0.0, 0.0, 0.0, 0.0, 0.0, 0.0, 0.0, 0.0, 1.0, 1.0, 0.0, 0.0, 0.0, 0.0, 1.0, 0.0, 1.0, 1.0, 1.0, 0.0, 1.0, 0.0, 0.0, 0.0, 0.0, 0.0, 0.0, 1.0, 0.0, 0.0, 1.0, 0.0, 0.0, 0.0, 1.0, 1.0, 0.0, 1.0, 1.0, 1.0, 0.0, 0.0, 1.0, 0.0, 0.0, 0.0, 0.0, 0.0, 0.0, 0.0, 1.0, 0.0, 0.0, 0.0, 0.0, 0.0, 0.0, 0.0, 0.0, 1.0, 0.0, 1.0, 0.0, 0.0, 0.0, 0.0, 0.0, 0.0, 0.0, 0.0, 0.0, 0.0, 0.0, 0.0, 0.0, 0.0, 1.0, 1.0, 0.0, 1.0, 0.0, 0.0, 1.0, 0.0, 0.0, 0.0, 0.0, 0.0, 0.0, 0.0, 0.0, 0.0, 0.0, 0.0], "objective_value": 7352.888000000001, "solve_time": 18.312166929244995}