{"instance": {"c": [103.124, 122.9, 81.449, 136.56400000000002, 155.264, 90.164, 158.804, 147.284, 123.824, 138.644, 113.681, 108.809, 143.441, 158.804, 103.124, 84.641, 107.249, 87.956, 80.609, 130.025, 91.904, 110.804, 145.07600000000002, 154.1, 133.50400000000002, 126.16900000000001, 158.209, 117.961, 142.9, 120.625, 141.824, 133.50400000000002, 118.4, 89.044, 90.736, 90.164, 147.284, 113.26400000000001, 112.849, 89.044, 81.236, 87.424, 124.756, 112.436, 136.049, 86.9, 88.225, 93.71600000000001, 119.729, 104.969, 132.5, 123.824, 131.50400000000002, 121.529, 137.08100000000002, 103.489, 136.56400000000002, 83.924, 80.201, 116.225, 97.225, 82.321, 82.996, 86.384, 125.696, 91.316, 83.924, 111.616, 105.721, 96.244, 151.796, 108.809, 150.089, 97.225, 85.129, 116.225, 86.129, 112.849, 108.416, 98.9, 113.26400000000001, 91.609, 117.524, 92.5, 81.449, 89.6, 96.244, 99.241, 155.264, 86.641, 160.0, 99.929, 122.9, 105.344, 86.641, 148.4, 134.00900000000001, 130.025, 116.656, 137.6, 129.536, 84.161, 90.164, 81.881, 134.00900000000001, 158.209, 100.976, 87.424, 156.436, 84.641, 158.804, 141.824, 100.625, 137.08100000000002, 119.729, 147.284, 143.441, 146.72899999999998, 92.201, 82.769, 89.044, 151.225, 99.929, 112.849, 142.9, 91.609, 99.584, 121.98400000000001, 121.98400000000001, 92.801, 86.641, 138.644, 108.809, 112.025, 98.561, 151.225, 125.696, 134.51600000000002, 98.9, 116.656, 151.225, 102.041, 112.849, 93.71600000000001, 90.164, 103.856, 151.796, 157.616, 129.536, 117.524, 81.025, 81.664, 119.284, 93.104, 141.824, 108.416, 159.401, 117.961, 123.361, 131.50400000000002, 127.6, 107.249, 125.225, 158.209, 82.996, 132.5, 102.4, 145.07600000000002, 127.6, 114.944, 100.976, 85.876, 94.649, 84.161, 94.336, 159.401, 95.6, 98.561, 138.644, 80.609, 141.289, 136.56400000000002, 112.436, 88.769, 81.449, 154.681, 107.249, 112.436, 144.529, 119.729, 94.964, 82.321, 102.4, 106.1, 116.225, 84.641, 87.161, 117.089, 81.236, 88.769], "p": [82, 130, 7, 158, 192, 42, 198, 178, 132, 162, 109, 97, 171, 198, 82, 21, 93, 34, 3, 145, 48, 102, 174, 190, 152, 137, 197, 119, 170, 125, 168, 152, 120, 38, 44, 42, 178, 108, 107, 38, 6, 32, 134, 106, 157, 30, 35, 54, 123, 87, 150, 132, 148, 127, 159, 83, 158, 18, 1, 115, 65, 11, 14, 28, 136, 46, 18, 104, 89, 62, 186, 97, 183, 65, 23, 115, 27, 107, 96, 70, 108, 47, 118, 50, 7, 40, 62, 71, 192, 29, 200, 73, 130, 88, 29, 180, 153, 145, 116, 160, 144, 19, 42, 9, 153, 197, 76, 32, 194, 21, 198, 168, 75, 159, 123, 178, 171, 177, 49, 13, 38, 185, 73, 107, 170, 47, 72, 128, 128, 51, 29, 162, 97, 105, 69, 185, 136, 154, 70, 116, 185, 79, 107, 54, 42, 84, 186, 196, 144, 118, 5, 8, 122, 52, 168, 96, 199, 119, 131, 148, 140, 93, 135, 197, 14, 150, 80, 174, 140, 112, 76, 26, 57, 19, 56, 199, 60, 69, 162, 3, 167, 158, 106, 37, 7, 191, 93, 106, 173, 123, 58, 11, 80, 90, 115, 21, 31, 117, 6, 37], "q": [26.95209662466678, 97.49999999999997, 2.3007887362520423, 118.49999999999997, 0, 20.341528403189805, 148.49999999999994, 0, 63.930517838596536, 121.49999999999996, 52.79110942732593, 0, 105.9762818669305, 65.0794528254149, 61.499999999999986, 0, 45.041955749920284, 16.466951564486987, 2.6457513110645907, 0, 23.247461032216922, 76.49999999999999, 57.19103430112219, 62.449979983983994, 73.61695993535359, 45.02972240950425, 0, 0, 82.33475782243492, 41.085513147357894, 148.1620734196171, 134.05139976060593, 89.99999999999997, 0, 32.99999999999999, 0, 58.50577072183764, 66.93238854753506, 0, 12.4899959967968, 1.972104631073179, 15.498307354811281, 64.89916204827223, 34.84051514895949, 97.29986112928707, 0, 0, 0, 92.24999999999997, 65.24999999999999, 0, 81.80625266920951, 0, 61.50890731440727, 119.24999999999997, 51.438780087457495, 97.91960546769018, 8.717797887081344, 0.7499999999999998, 101.42046692414264, 31.480936814460414, 8.249999999999998, 10.499999999999998, 24.693678903269515, 0, 0, 5.916313893219536, 64.45341119392265, 29.25288536091882, 0, 0, 46.97924416927169, 137.24999999999994, 0, 20.284093384828527, 55.69704205635304, 8.874470839829305, 66.31264420913196, 71.99999999999999, 52.499999999999986, 66.93238854753506, 29.12798390494581, 57.150008370866594, 24.216105241892627, 5.249999999999999, 29.99999999999999, 54.67886042866821, 62.61611436186198, 118.99091297339567, 17.97258581368997, 123.94886768062048, 64.37994856923838, 42.72893367325221, 0, 17.97258581368997, 87.17797887081346, 50.28866809236606, 127.87798003478855, 56.18136416119089, 0, 126.99606293110035, 0, 31.499999999999993, 6.749999999999998, 114.74999999999997, 0, 24.9799919935936, 15.498307354811281, 0, 15.749999999999996, 0, 148.1620734196171, 0, 140.2248194864233, 108.47580375364822, 0, 128.24999999999997, 58.17708661665877, 0, 0, 18.404239983838398, 0, 64.37994856923838, 35.16919925413836, 82.33475782243492, 29.12798390494581, 23.665255572878145, 79.3272753155971, 61.993229419245125, 24.70042734673048, 21.749999999999993, 100.39858282130258, 72.74999999999999, 50.85382100797452, 0, 163.15466418231642, 65.86780625794795, 0, 23.00788736252042, 86.99999999999997, 0, 38.26144628219035, 35.16919925413836, 47.62352359916263, 37.04051835490427, 27.609464835024504, 90.08391149984057, 64.42208461505717, 69.74238309665076, 88.49999999999997, 3.7499999999999987, 5.999999999999998, 107.59388664996003, 0, 104.1170488517212, 71.99999999999999, 175.5015036339512, 39.113408516284714, 0, 48.645247566471745, 104.99999999999997, 69.74999999999999, 44.37235419914652, 0, 4.6015774725040846, 0, 70.55336829505575, 107.8355148821398, 67.80509467729935, 83.99999999999999, 24.9799919935936, 8.545786734650441, 0, 9.202119991919199, 34.70568295057374, 65.40813693059377, 37.184660304186146, 42.76235934981406, 142.8705707974879, 2.6457513110645907, 103.4973045133181, 118.49999999999997, 93.48321299094887, 27.749999999999993, 4.338210368821717, 62.77866408916286, 57.63622347148852, 0, 129.74999999999997, 108.47580375364822, 19.063678100374062, 8.249999999999998, 49.57954707224819, 29.581569466097683, 0, 0, 27.339430214334104, 38.45604030592698, 1.972104631073179, 12.161311891617936], "B": 2959.1719425005485}, "solution": [0.0, 0.0, 0.0, 0.0, 0.0, 0.0, 1.0, 0.0, 0.0, 1.0, 0.0, 0.0, 0.0, 0.0, 0.0, 0.0, 0.0, 0.0, 0.0, 0.0, 0.0, 0.0, 0.0, 0.0, 0.0, 0.0, 0.0, 0.0, 0.0, 0.0, 1.0, 1.0, 0.0, 0.0, 0.0, 0.0, 0.0, 0.0, 0.0, 0.0, 0.0, 0.0, 0.0, 0.0, 0.0, 0.0, 0.0, 0.0, 0.0, 0.0, 0.0, 0.0, 0.0, 0.0, 0.0, 0.0, 0.0, 0.0, 0.0, 0.0, 0.0, 0.0, 0.0, 0.0, 0.0, 0.0, 0.0, 0.0, 0.0, 0.0, 0.0, 0.0, 1.0, 0.0, 0.0, 0.0, 0.0, 0.0, 0.0, 0.0, 0.0, 0.0, 0.0, 0.0, 0.0, 0.0, 0.0, 0.0, 0.0, 0.0, 0.0, 0.0, 0.0, 0.0, 0.0, 0.0, 0.0, 1.0, 0.0, 0.0, 1.0, 0.0, 0.0, 0.0, 0.0, 0.0, 0.0, 0.0, 0.0, 0.0, 0.0, 1.0, 0.0, 1.0, 0.0, 0.0, 1.0, 0.0, 0.0, 0.0, 0.0, 0.0, 0.0, 0.0, 0.0, 0.0, 0.0, 0.0, 0.0, 0.0, 0.0, 0.0, 0.0, 0.0, 0.0, 1.0, 0.0, 0.0, 0.0, 0.0, 0.0, 0.0, 0.0, 0.0, 0.0, 0.0, 0.0, 0.0, 0.0, 0.0, 0.0, 0.0, 0.0, 0.0, 0.0, 0.0, 1.0, 0.0, 0.0, 0.0, 0.0, 0.0, 0.0, 0.0, 0.0, 0.0, 0.0, 0.0, 0.0, 0.0, 0.0, 0.0, 0.0, 0.0, 0.0, 0.0, 0.0, 0.0, 1.0, 0.0, 0.0, 0.0, 0.0, 0.0, 0.0, 0.0, 0.0, 0.0, 1.0, 0.0, 0.0, 0.0, 0.0, 0.0, 0.0, 0.0, 0.0, 0.0, 0.0, 0.0], "objective_value": 1998.5710000000001, "solve_time": 145.48763155937195}