{"instance": {"c": [87.424, 119.284, 141.824, 89.881, 158.804, 158.804, 121.98400000000001, 86.9, 103.856, 87.956, 85.876, 100.276, 99.241, 100.976, 113.26400000000001, 99.929, 109.20400000000001, 83.456, 145.625, 81.449, 80.816, 136.56400000000002, 110.40100000000001, 87.956, 145.07600000000002, 113.26400000000001, 107.636, 119.729, 97.889, 81.449, 115.369, 103.856, 144.529, 138.644, 155.264, 90.164, 116.225, 98.561, 82.544, 116.225, 148.961, 146.72899999999998, 132.001, 85.876, 152.94400000000002, 100.276, 143.441, 85.129, 115.79599999999999, 122.9, 119.284, 109.601, 137.08100000000002, 87.956, 146.72899999999998, 148.4, 144.529, 147.841, 84.4, 82.996, 89.044, 106.864, 91.025, 117.961, 94.649, 158.804, 84.641, 87.956, 99.929, 94.964, 100.976, 144.529, 97.556, 81.236, 111.209, 97.556, 88.769, 143.98399999999998, 139.16899999999998, 131.50400000000002, 139.696, 135.536, 85.876, 138.121, 130.51600000000002, 98.561, 152.369, 84.161, 88.769, 91.904, 137.6, 140.225, 155.849, 112.849, 115.369, 112.436, 126.16900000000001, 108.809, 145.625, 106.1, 110.0, 132.5, 104.969, 112.025, 91.904, 132.5, 152.94400000000002, 84.641, 89.044, 100.276, 119.284, 160.0, 146.72899999999998, 121.529, 81.449, 160.0, 83.456, 104.225, 133.001, 97.556, 99.584, 158.209, 126.644, 103.856, 85.376, 137.08100000000002, 86.384, 111.209, 128.56400000000002, 122.441, 93.104, 83.924, 156.436, 88.225, 109.20400000000001, 85.129, 89.6, 118.4, 151.225, 86.384, 96.896, 158.804, 136.049, 146.176, 117.524, 99.584, 135.536, 99.584, 114.521, 132.001, 93.71600000000001, 106.864, 84.4, 155.264, 81.664, 94.336, 158.804, 106.1, 117.524, 138.644, 158.804, 133.50400000000002, 122.9, 117.524, 80.201, 119.729, 138.644, 99.241, 137.08100000000002, 113.26400000000001, 95.921, 134.51600000000002, 94.025, 86.129, 106.1, 80.609, 133.001, 112.025, 105.344, 85.129, 93.409, 85.625, 82.769, 156.436, 91.609, 155.264, 109.20400000000001, 131.00900000000001, 117.089, 136.049, 156.436, 81.881, 81.025, 113.681, 81.025, 89.044, 122.441, 107.249, 101.684, 131.00900000000001], "p": [32, 122, 168, 41, 198, 198, 128, 30, 84, 34, 26, 74, 71, 76, 108, 73, 98, 16, 175, 7, 4, 158, 101, 34, 174, 108, 94, 123, 67, 7, 113, 84, 173, 162, 192, 42, 115, 69, 12, 115, 181, 177, 149, 26, 188, 74, 171, 23, 114, 130, 122, 99, 159, 34, 177, 180, 173, 179, 20, 14, 38, 92, 45, 119, 57, 198, 21, 34, 73, 58, 76, 173, 66, 6, 103, 66, 37, 172, 163, 148, 164, 156, 26, 161, 146, 69, 187, 19, 37, 48, 160, 165, 193, 107, 113, 106, 137, 97, 175, 90, 100, 150, 87, 105, 48, 150, 188, 21, 38, 74, 122, 200, 177, 127, 7, 200, 16, 85, 151, 66, 72, 197, 138, 84, 24, 159, 28, 103, 142, 129, 52, 18, 194, 35, 98, 23, 40, 120, 185, 28, 64, 198, 157, 176, 118, 72, 156, 72, 111, 149, 54, 92, 20, 192, 8, 56, 198, 90, 118, 162, 198, 152, 130, 118, 1, 123, 162, 71, 159, 108, 61, 154, 55, 27, 90, 3, 151, 105, 88, 23, 53, 25, 13, 194, 47, 192, 98, 147, 117, 157, 194, 9, 5, 109, 5, 38, 129, 93, 78, 147], "q": [28.2213473180223, 40.099460831821304, 104.1170488517212, 25.409517874527197, 95.89577675789481, 174.61958653026298, 61.993229419245125, 18.592330152093073, 62.999999999999986, 0, 8.545786734650441, 65.26186567292658, 53.24999999999998, 67.02569988030297, 35.49788335931722, 64.37994856923838, 47.463566274109546, 11.999999999999996, 57.519718406301045, 6.173419725817379, 1.9372884193514102, 0, 33.197094623065176, 0, 0, 66.93238854753506, 58.25596780989162, 0, 59.08844594710919, 5.249999999999999, 99.65663271676625, 0, 129.74999999999997, 142.8705707974879, 92.98984412886769, 31.499999999999993, 0, 0, 10.583005244258363, 37.79867209556926, 159.62699576756364, 132.74999999999997, 0, 8.545786734650441, 140.99999999999994, 35.83983575800108, 150.8078247306817, 20.284093384828527, 37.4699879903904, 62.96187362892083, 107.59388664996003, 0, 0, 21.07130750570548, 0, 0, 83.78772413694848, 58.83445482701651, 0, 6.780509467729935, 33.51284994015148, 0, 14.790784733048842, 104.94813533889544, 42.74999999999999, 122.70937900381428, 10.170764201594903, 16.466951564486987, 54.749999999999986, 19.063678100374062, 24.9799919935936, 129.74999999999997, 21.693150941804966, 4.499999999999999, 77.24999999999997, 21.693150941804966, 17.91991787900054, 151.68974183436987, 78.94450308856996, 91.72216208365916, 0, 51.27472040790265, 22.92984469589312, 99.77883848289949, 0, 0, 140.24999999999997, 14.249999999999995, 22.93054052091479, 35.99999999999999, 119.99999999999996, 102.2578158365119, 63.43603229952059, 51.82246521765022, 54.72839784667734, 0, 102.74999999999999, 72.74999999999999, 57.519718406301045, 29.581569466097683, 88.1917103688197, 132.28756555322954, 28.595517150561093, 34.511831043780624, 15.776837048585431, 49.30261577682948, 165.80041549338102, 0, 0, 65.26186567292658, 75.6088092851785, 0, 156.09932735281086, 41.74288135771562, 3.3902547338649676, 149.99999999999994, 9.915909414449638, 41.16737891121746, 113.24999999999997, 21.693150941804966, 53.999999999999986, 95.41145465305694, 0, 27.609464835024504, 0, 52.26077272343924, 9.203154945008169, 33.8544628334229, 68.77373888697505, 79.94701965400021, 45.85968939178624, 5.916313893219536, 120.23040165020187, 21.691051844108582, 0, 7.559734419113853, 13.147364207154526, 0, 89.59958939500271, 9.203154945008169, 39.66363765779855, 148.49999999999994, 97.29986112928707, 57.84840251147991, 73.12983193156609, 53.999999999999986, 116.99999999999997, 0, 97.89279850938986, 111.74999999999997, 47.62352359916263, 30.23893767645541, 14.999999999999995, 0, 5.999999999999998, 27.12203787091974, 65.0794528254149, 29.581569466097683, 0, 121.49999999999996, 0, 94.20113943727156, 0, 73.12983193156609, 0.32868410517886315, 92.24999999999997, 0, 62.61611436186198, 0, 66.93238854753506, 29.543648395109003, 74.5856041450293, 0, 8.874470839829305, 79.37253933193772, 0, 73.13263783051572, 0, 77.60870512456133, 0, 0, 15.49360846007756, 6.296187362892082, 0, 35.249999999999986, 118.99091297339567, 32.21104230752859, 0, 103.18430113151904, 0, 120.23040165020187, 0, 2.421610524189263, 52.79110942732593, 0, 28.49999999999999, 79.94701965400021, 45.041955749920284, 68.78953408767936, 48.31656346129288], "B": 4889.125543721454}, "solution": [0.0, 0.0, 0.0, 0.0, 0.0, 1.0, 0.0, 0.0, 0.0, 0.0, 0.0, 0.0, 0.0, 0.0, 0.0, 0.0, 0.0, 0.0, 0.0, 0.0, 0.0, 0.0, 0.0, 0.0, 0.0, 0.0, 0.0, 0.0, 0.0, 0.0, 0.0, 0.0, 1.0, 1.0, 0.0, 0.0, 0.0, 0.0, 0.0, 0.0, 1.0, 1.0, 0.0, 0.0, 1.0, 0.0, 1.0, 0.0, 0.0, 0.0, 0.0, 0.0, 0.0, 0.0, 0.0, 0.0, 0.0, 0.0, 0.0, 0.0, 0.0, 0.0, 0.0, 0.0, 0.0, 1.0, 0.0, 0.0, 0.0, 0.0, 0.0, 1.0, 0.0, 0.0, 0.0, 0.0, 0.0, 1.0, 0.0, 0.0, 0.0, 0.0, 0.0, 0.0, 0.0, 0.0, 1.0, 0.0, 0.0, 0.0, 1.0, 0.0, 0.0, 0.0, 0.0, 0.0, 0.0, 0.0, 0.0, 0.0, 0.0, 1.0, 0.0, 0.0, 0.0, 0.0, 0.0, 0.0, 0.0, 0.0, 0.0, 0.0, 1.0, 0.0, 0.0, 1.0, 0.0, 0.0, 1.0, 0.0, 0.0, 0.0, 0.0, 0.0, 0.0, 0.0, 0.0, 0.0, 0.0, 0.0, 0.0, 0.0, 1.0, 0.0, 0.0, 0.0, 0.0, 0.0, 0.0, 0.0, 0.0, 1.0, 0.0, 0.0, 0.0, 0.0, 1.0, 0.0, 0.0, 1.0, 0.0, 0.0, 0.0, 0.0, 0.0, 0.0, 0.0, 0.0, 0.0, 1.0, 0.0, 0.0, 0.0, 0.0, 0.0, 0.0, 0.0, 0.0, 0.0, 0.0, 0.0, 0.0, 0.0, 0.0, 0.0, 0.0, 0.0, 0.0, 0.0, 0.0, 0.0, 0.0, 0.0, 0.0, 0.0, 0.0, 0.0, 0.0, 0.0, 0.0, 1.0, 0.0, 0.0, 0.0, 0.0, 0.0, 0.0, 0.0, 0.0, 0.0], "objective_value": 3221.4250000000006, "solve_time": 46.55106854438782}