{"instance": {"c": [83.456, 119.729, 93.104, 120.176, 104.225, 111.616, 117.961, 131.00900000000001, 120.625, 92.201, 128.08100000000002, 88.769, 96.244, 148.4, 91.316, 128.56400000000002, 84.161, 106.1, 91.904, 82.1, 91.316, 94.336, 83.225, 85.625, 81.025, 135.536, 117.524, 118.84100000000001, 134.00900000000001, 108.809, 103.489, 110.0, 150.656, 143.441, 123.361, 84.161, 119.284, 94.649, 82.769, 133.001, 104.225, 127.12100000000001, 105.344, 129.536, 126.644, 89.881, 157.616, 98.224, 99.584, 81.881, 104.225, 133.50400000000002, 115.79599999999999, 84.161, 83.225, 102.761, 120.176, 150.089, 141.824, 120.176, 148.961, 102.4, 121.529, 97.556, 140.756, 90.449, 129.049, 137.08100000000002, 99.929, 81.025, 85.876, 123.361, 109.601, 97.225, 96.896, 128.56400000000002, 94.649, 111.209, 143.98399999999998, 94.336, 85.876, 88.496, 87.424, 147.284, 83.456, 111.616, 128.56400000000002, 102.041, 90.736, 81.236, 90.164, 132.001, 81.236, 115.79599999999999, 101.32900000000001, 156.436, 87.689, 121.529, 112.436, 111.209, 84.641, 114.521, 105.344, 84.884, 113.681, 138.644, 94.964, 84.4, 101.684, 85.876, 151.225, 112.436, 143.441, 83.68900000000001, 152.369, 121.529, 128.08100000000002, 105.721, 83.225, 111.209, 93.409, 98.9, 147.284, 137.6, 156.436, 104.225, 111.209, 95.6, 131.50400000000002, 113.26400000000001, 127.12100000000001, 107.249, 126.16900000000001, 135.025, 98.224, 90.736, 99.584, 109.20400000000001, 108.025, 116.656, 97.225, 114.521, 145.625, 81.664, 106.481, 94.649, 158.209, 120.625, 83.456, 109.601, 150.089, 108.809, 143.441, 102.4, 144.529, 88.496, 104.225, 137.6, 113.681, 92.201, 106.481, 106.1, 85.129, 109.601, 158.804, 136.56400000000002, 82.769, 133.50400000000002, 112.849, 132.001, 132.001, 94.649, 81.881, 91.904, 80.816, 144.529, 100.625, 110.40100000000001, 84.161, 99.241, 89.6, 97.889, 158.209, 145.625, 82.996, 87.161, 88.769, 98.224, 103.124, 101.684, 107.636, 127.6, 81.449, 85.129, 109.601, 83.924, 94.025, 85.625, 86.384, 100.976], "p": [16, 123, 52, 124, 85, 104, 119, 147, 125, 49, 141, 37, 62, 180, 46, 142, 19, 90, 48, 10, 46, 56, 15, 25, 5, 156, 118, 121, 153, 97, 83, 100, 184, 171, 131, 19, 122, 57, 13, 151, 85, 139, 88, 144, 138, 41, 196, 68, 72, 9, 85, 152, 114, 19, 15, 81, 124, 183, 168, 124, 181, 80, 127, 66, 166, 43, 143, 159, 73, 5, 26, 131, 99, 65, 64, 142, 57, 103, 172, 56, 26, 36, 32, 178, 16, 104, 142, 79, 44, 6, 42, 149, 6, 114, 77, 194, 33, 127, 106, 103, 21, 111, 88, 22, 109, 162, 58, 20, 78, 26, 185, 106, 171, 17, 187, 127, 141, 89, 15, 103, 53, 70, 178, 160, 194, 85, 103, 60, 148, 108, 139, 93, 137, 155, 68, 44, 72, 98, 95, 116, 65, 111, 175, 8, 91, 57, 197, 125, 16, 99, 183, 97, 171, 80, 173, 36, 85, 160, 109, 49, 91, 90, 23, 99, 198, 158, 13, 152, 107, 149, 149, 57, 9, 48, 4, 173, 75, 101, 19, 71, 40, 67, 197, 175, 14, 31, 37, 68, 82, 78, 94, 140, 7, 23, 99, 18, 55, 25, 28, 76], "q": [5.25894568286181, 40.42814493700017, 38.999999999999986, 60.05594099989371, 41.16737891121746, 77.99999999999997, 89.24999999999997, 71.19534941116432, 93.74999999999997, 23.731783137054773, 46.3444588302197, 17.91991787900054, 38.42414898099235, 87.17797887081346, 28.50823956654271, 46.673142935398566, 14.249999999999995, 0, 35.99999999999999, 0, 28.50823956654271, 49.38735780653903, 11.249999999999996, 18.749999999999993, 0, 116.99999999999997, 38.78472441110585, 58.602974685380154, 74.10128204019144, 85.5459590577551, 62.249999999999986, 0, 60.47787535291082, 56.2049819855856, 98.24999999999997, 9.202119991919199, 91.49999999999999, 27.60635997575759, 8.056676399240331, 49.631299882008335, 41.16737891121746, 0, 77.60870512456133, 0, 0, 36.158601251216076, 146.99999999999997, 59.970363050797395, 34.87119154832538, 0, 27.938148940203366, 113.99999999999996, 100.53854982045443, 9.202119991919199, 7.264831572567787, 60.74999999999998, 40.756829042179035, 137.24999999999994, 148.1620734196171, 0, 159.62699576756364, 38.74576838702821, 112.003472168401, 31.965258919298268, 102.87756017491499, 20.82585050802766, 126.11414582741214, 98.53934980609328, 35.355513653163236, 0, 22.92984469589312, 81.18650833080642, 32.53972641270745, 21.364466836626104, 0, 125.23222872372396, 35.32542728897684, 77.24999999999997, 0, 27.12203787091974, 22.92984469589312, 31.74901573277509, 0, 156.98124445649904, 14.11067365901115, 91.71937878357248, 106.49999999999996, 69.67145119136755, 27.268750889736506, 2.9059326290271152, 13.804732417512252, 111.74999999999997, 2.9059326290271152, 70.65085457795368, 25.308676098772462, 0, 0, 41.74288135771562, 93.48321299094887, 49.885176798298815, 18.520259177452136, 0, 42.62034522573102, 19.40217628114033, 67.55213288593816, 100.39858282130258, 51.15119201391542, 12.394886768062047, 37.7771241773525, 8.545786734650441, 60.80655945808968, 34.84051514895949, 150.8078247306817, 10.53565375285274, 90.56823360467843, 78.70753097719401, 68.28941678213721, 78.49062222824952, 11.249999999999996, 33.8544628334229, 39.74999999999999, 43.382103688217164, 86.20933466113775, 52.589456828618104, 171.0919181155102, 41.16737891121746, 33.8544628334229, 29.059326290271148, 110.99999999999997, 66.93238854753506, 86.14446303803123, 45.041955749920284, 0, 50.94603630272379, 22.350519152162697, 0, 23.665255572878145, 86.4278761614433, 71.24999999999997, 38.127356200748125, 57.3246117397328, 0, 0, 4.957954707224819, 56.39673479468232, 0, 122.08963466541118, 41.085513147357894, 7.749153677405641, 87.30979326513149, 88.63094518532702, 0, 150.8078247306817, 49.57954707224819, 107.21577054373671, 22.310796182511687, 63.74999999999998, 141.1067365901115, 52.79110942732593, 43.21393808072165, 68.24999999999999, 79.37253933193772, 0, 47.947888378947404, 65.0794528254149, 76.5228925643807, 6.296187362892082, 49.9599839871872, 94.36513009463708, 92.34190642206225, 48.973931671650604, 42.74999999999999, 6.749999999999998, 0, 1.9372884193514102, 152.57165893805805, 46.48082538023268, 48.9165325886231, 11.775142429658946, 23.336571467699283, 0, 50.249999999999986, 173.7376694265748, 57.519718406301045, 6.780509467729935, 27.339430214334104, 0, 32.933903128973974, 0, 48.340058395441986, 70.49999999999997, 123.46839451634757, 6.173419725817379, 20.284093384828527, 74.24999999999997, 8.717797887081344, 18.077625784837473, 22.047927592204925, 20.999999999999996, 24.9799919935936], "B": 8949.416693537798}, "solution": [0.0, 0.0, 0.0, 0.0, 0.0, 0.0, 1.0, 1.0, 1.0, 0.0, 0.0, 0.0, 0.0, 1.0, 0.0, 0.0, 0.0, 0.0, 0.0, 0.0, 0.0, 0.0, 0.0, 0.0, 0.0, 1.0, 0.0, 0.0, 1.0, 0.0, 0.0, 0.0, 1.0, 0.0, 1.0, 0.0, 1.0, 0.0, 0.0, 0.0, 0.0, 0.0, 0.0, 0.0, 0.0, 0.0, 1.0, 0.0, 0.0, 0.0, 0.0, 1.0, 1.0, 0.0, 0.0, 0.0, 0.0, 1.0, 1.0, 0.0, 1.0, 0.0, 1.0, 0.0, 1.0, 0.0, 1.0, 1.0, 0.0, 0.0, 0.0, 1.0, 0.0, 0.0, 0.0, 1.0, 0.0, 0.0, 0.0, 0.0, 0.0, 0.0, 0.0, 1.0, 0.0, 1.0, 1.0, 0.0, 0.0, 0.0, 0.0, 1.0, 0.0, 0.0, 0.0, 0.0, 0.0, 0.0, 1.0, 0.0, 0.0, 0.0, 0.0, 0.0, 0.0, 1.0, 0.0, 0.0, 0.0, 0.0, 1.0, 0.0, 1.0, 0.0, 1.0, 1.0, 0.0, 0.0, 0.0, 0.0, 0.0, 0.0, 1.0, 0.0, 1.0, 0.0, 0.0, 0.0, 1.0, 0.0, 1.0, 0.0, 0.0, 0.0, 0.0, 0.0, 0.0, 0.0, 0.0, 0.0, 0.0, 0.0, 0.0, 0.0, 0.0, 0.0, 1.0, 0.0, 0.0, 0.0, 1.0, 0.0, 1.0, 0.0, 1.0, 0.0, 0.0, 1.0, 0.0, 0.0, 0.0, 0.0, 0.0, 0.0, 1.0, 1.0, 0.0, 0.0, 1.0, 1.0, 0.0, 0.0, 0.0, 0.0, 0.0, 1.0, 0.0, 0.0, 0.0, 0.0, 0.0, 0.0, 1.0, 0.0, 0.0, 0.0, 0.0, 0.0, 0.0, 0.0, 0.0, 1.0, 0.0, 0.0, 0.0, 0.0, 0.0, 0.0, 0.0, 0.0], "objective_value": 6414.849000000001, "solve_time": 13.785341024398804}