{"instance": {"c": [108.025, 130.025, 132.001, 87.161, 157.025, 86.129, 149.524, 90.164, 156.436, 82.769, 91.316, 132.001, 86.9, 81.025, 146.176, 84.161, 99.929, 82.1, 104.969, 119.729, 116.225, 117.524, 120.625, 121.98400000000001, 87.424, 131.00900000000001, 84.4, 122.9, 86.384, 104.596, 143.98399999999998, 101.684, 88.225, 139.16899999999998, 86.129, 157.025, 118.84100000000001, 93.104, 99.584, 114.521, 108.809, 91.904, 130.025, 132.001, 96.569, 124.756, 86.9, 153.52100000000002, 152.94400000000002, 82.996, 94.025, 142.361, 110.804, 115.79599999999999, 83.924, 157.616, 89.6, 80.404, 91.609, 95.281, 127.6, 95.281, 152.94400000000002, 130.51600000000002, 129.049, 123.361, 93.104, 82.1, 121.529, 90.164, 87.956, 112.849, 96.244, 88.225, 110.804, 103.124, 93.104, 99.241, 146.176, 102.4, 106.864, 115.79599999999999, 134.51600000000002, 93.409, 133.001, 86.9, 141.824, 116.656, 80.816, 108.025, 83.225, 155.849, 111.616, 105.721, 141.824, 85.129, 99.584, 89.6, 140.756, 138.644, 138.644, 114.944, 94.964, 85.876, 144.529, 112.436, 94.336, 91.609, 124.756, 99.584, 133.001, 143.441, 133.50400000000002, 96.569, 132.001, 99.929, 92.201, 140.225, 115.79599999999999, 108.809, 90.736, 120.625, 152.369, 84.161, 87.424, 157.025, 114.1, 92.801, 118.84100000000001, 81.025, 152.94400000000002, 157.025, 80.404, 102.4, 125.225, 128.08100000000002, 116.225, 130.51600000000002, 139.696, 87.424, 157.025, 95.6, 86.384, 122.9, 87.424, 138.121, 156.436, 87.956, 87.424, 147.284, 92.801, 136.049, 105.721, 135.536, 107.636, 89.6, 87.161, 93.71600000000001, 87.424, 89.6, 139.16899999999998, 117.524, 130.025, 157.616, 131.00900000000001, 142.9, 155.264, 82.1, 151.225, 141.289, 108.809, 83.924, 82.1, 100.976, 138.644, 136.56400000000002, 103.856, 88.769, 112.436, 85.376, 81.881, 157.616, 108.416, 103.489, 88.225, 139.696, 149.524, 98.224, 86.641, 107.636, 122.9, 115.369, 130.51600000000002, 134.51600000000002, 157.025, 111.209, 115.79599999999999, 106.481, 160.0, 92.5], "p": [95, 145, 149, 31, 195, 27, 182, 42, 194, 13, 46, 149, 30, 5, 176, 19, 73, 10, 87, 123, 115, 118, 125, 128, 32, 147, 20, 130, 28, 86, 172, 78, 35, 163, 27, 195, 121, 52, 72, 111, 97, 48, 145, 149, 63, 134, 30, 189, 188, 14, 55, 169, 102, 114, 18, 196, 40, 2, 47, 59, 140, 59, 188, 146, 143, 131, 52, 10, 127, 42, 34, 107, 62, 35, 102, 82, 52, 71, 176, 80, 92, 114, 154, 53, 151, 30, 168, 116, 4, 95, 15, 193, 104, 89, 168, 23, 72, 40, 166, 162, 162, 112, 58, 26, 173, 106, 56, 47, 134, 72, 151, 171, 152, 63, 149, 73, 49, 165, 114, 97, 44, 125, 187, 19, 32, 195, 110, 51, 121, 5, 188, 195, 2, 80, 135, 141, 115, 146, 164, 32, 195, 60, 28, 130, 32, 161, 194, 34, 32, 178, 51, 157, 89, 156, 94, 40, 31, 54, 32, 40, 163, 118, 145, 196, 147, 170, 192, 10, 185, 167, 97, 18, 10, 76, 162, 158, 84, 37, 106, 24, 9, 196, 96, 83, 35, 164, 182, 68, 29, 94, 130, 113, 146, 154, 195, 103, 114, 91, 200, 50], "q": [0, 127.87798003478855, 0, 19.212074490496175, 120.85014598860498, 20.249999999999993, 0, 20.341528403189805, 145.49999999999997, 11.46492234794656, 34.49999999999999, 72.16399362084003, 0, 4.409585518440984, 85.24069045146204, 11.775142429658946, 0, 6.197443384031024, 65.24999999999999, 92.24999999999997, 101.42046692414264, 0, 41.085513147357894, 61.993229419245125, 10.51789136572362, 71.19534941116432, 12.394886768062047, 114.6492234794656, 17.35284147528687, 64.49999999999999, 106.5960262053336, 25.637360203951324, 26.249999999999993, 122.24999999999997, 13.076696830622017, 64.09340050987832, 74.98906494677539, 38.999999999999986, 23.665255572878145, 97.89279850938986, 72.74999999999999, 29.747728243348917, 70.22670520148861, 0, 55.560777532356404, 0, 22.499999999999993, 141.74999999999997, 0, 10.499999999999998, 18.077625784837473, 55.54761377522787, 63.21392251711645, 37.4699879903904, 11.155398091255844, 64.42208461505717, 35.276684147527874, 1.4999999999999996, 41.450103873345256, 19.392362205552924, 123.46839451634757, 28.575004185433297, 140.99999999999994, 0, 0, 63.44619573375868, 17.091573469300883, 4.843221048378526, 112.003472168401, 26.0292622129303, 21.07130750570548, 80.24999999999999, 54.67886042866821, 16.951273669324838, 63.21392251711645, 61.499999999999986, 38.999999999999986, 44.00184802662027, 57.84840251147991, 26.294728414309052, 0, 85.49999999999999, 74.5856041450293, 0, 49.631299882008335, 14.529663145135574, 125.99999999999997, 71.89034325475988, 2.4789773536124096, 83.78212485037871, 9.296165076046536, 170.21000101182202, 50.36949890313666, 78.49062222824952, 55.21892967004901, 17.249999999999996, 53.999999999999986, 35.276684147527874, 54.56156145969128, 53.24682503897583, 100.39858282130258, 98.77471561307806, 51.15119201391542, 0, 83.78772413694848, 0, 34.70568295057374, 0, 0, 63.49803146555018, 113.24999999999997, 105.9762818669305, 113.99999999999996, 47.249999999999986, 72.16399362084003, 23.993939678057007, 16.105521153764293, 102.2578158365119, 70.65085457795368, 72.74999999999999, 38.80435256228066, 77.4680423003878, 0, 6.2449979983984, 23.999999999999993, 146.24999999999994, 0, 0, 74.98906494677539, 0, 140.99999999999994, 64.09340050987832, 1.4999999999999996, 59.99999999999998, 44.37235419914652, 105.74999999999997, 55.69704205635304, 47.987879356114014, 122.99999999999997, 23.999999999999993, 64.09340050987832, 0, 24.693678903269515, 62.96187362892083, 0, 77.97585887889426, 120.23040165020187, 29.985181525398698, 23.999999999999993, 156.98124445649904, 24.70042734673048, 97.29986112928707, 66.74999999999999, 75.554248354705, 30.896305886813135, 19.372884193514103, 0, 26.153393661244035, 10.51789136572362, 29.99999999999999, 122.24999999999997, 88.49999999999997, 0, 146.99999999999997, 71.19534941116432, 127.49999999999996, 92.98984412886769, 8.819171036881968, 0, 0, 60.115200825100935, 15.874507866387544, 6.197443384031024, 0, 121.49999999999996, 139.3429023827351, 40.68305680637961, 12.161311891617936, 0, 7.888418524292716, 6.749999999999998, 146.99999999999997, 0, 40.19873470154176, 30.867098629086893, 53.90419324933356, 136.49999999999997, 42.14261501141096, 17.97258581368997, 45.526277854758135, 42.72893367325221, 70.03111023955057, 70.71102730632647, 0, 146.24999999999994, 49.885176798298815, 70.65085457795368, 68.24999999999999, 149.99999999999994, 44.09585518440985], "B": 8211.763704362134}, "solution": [0.0, 1.0, 0.0, 0.0, 1.0, 0.0, 0.0, 0.0, 1.0, 0.0, 0.0, 0.0, 0.0, 0.0, 1.0, 0.0, 0.0, 0.0, 0.0, 1.0, 1.0, 0.0, 0.0, 0.0, 0.0, 0.0, 0.0, 1.0, 0.0, 0.0, 1.0, 0.0, 0.0, 1.0, 0.0, 0.0, 0.0, 0.0, 0.0, 1.0, 0.0, 0.0, 0.0, 0.0, 0.0, 0.0, 0.0, 1.0, 0.0, 0.0, 0.0, 0.0, 0.0, 0.0, 0.0, 0.0, 0.0, 0.0, 0.0, 0.0, 1.0, 0.0, 1.0, 0.0, 0.0, 0.0, 0.0, 0.0, 1.0, 0.0, 0.0, 0.0, 0.0, 0.0, 0.0, 0.0, 0.0, 0.0, 0.0, 0.0, 0.0, 0.0, 0.0, 0.0, 0.0, 0.0, 1.0, 0.0, 0.0, 0.0, 0.0, 1.0, 0.0, 0.0, 0.0, 0.0, 0.0, 0.0, 0.0, 0.0, 1.0, 1.0, 0.0, 0.0, 1.0, 0.0, 0.0, 0.0, 0.0, 0.0, 1.0, 1.0, 1.0, 0.0, 0.0, 0.0, 0.0, 1.0, 0.0, 0.0, 0.0, 0.0, 0.0, 0.0, 0.0, 1.0, 0.0, 0.0, 0.0, 0.0, 1.0, 0.0, 0.0, 0.0, 0.0, 1.0, 0.0, 0.0, 1.0, 0.0, 0.0, 0.0, 0.0, 0.0, 0.0, 1.0, 1.0, 0.0, 0.0, 1.0, 0.0, 1.0, 0.0, 0.0, 0.0, 0.0, 0.0, 0.0, 0.0, 0.0, 1.0, 0.0, 0.0, 1.0, 0.0, 1.0, 1.0, 0.0, 0.0, 0.0, 0.0, 0.0, 0.0, 0.0, 0.0, 1.0, 0.0, 0.0, 0.0, 0.0, 0.0, 1.0, 0.0, 0.0, 0.0, 0.0, 1.0, 0.0, 0.0, 0.0, 0.0, 0.0, 0.0, 0.0, 1.0, 0.0, 0.0, 0.0, 1.0, 0.0], "objective_value": 5659.058999999999, "solve_time": 10.967230796813965}