{"instance": {"c": [122.9, 157.025, 112.025, 90.164, 91.609, 85.876, 156.436, 115.369, 119.729, 131.50400000000002, 87.161, 114.1, 151.225, 148.4, 118.4, 112.436, 102.761, 95.921, 87.689, 92.201, 132.5, 155.849, 97.889, 109.601, 89.044, 158.804, 145.07600000000002, 95.6, 100.976, 116.225, 154.681, 112.436, 86.384, 132.5, 84.884, 132.001, 88.769, 89.321, 112.025, 83.68900000000001, 80.201, 100.976, 137.08100000000002, 85.129, 108.025, 93.71600000000001, 90.164, 108.416, 152.94400000000002, 115.369, 84.884, 152.369, 154.681, 93.409, 113.26400000000001, 128.56400000000002, 84.641, 82.769, 111.209, 110.40100000000001, 121.076, 89.321, 83.924, 103.856, 141.289, 104.225, 82.996, 133.50400000000002, 154.1, 116.656, 125.696, 139.16899999999998, 96.569, 81.664, 92.201, 114.1, 112.025, 128.56400000000002, 82.321, 124.756, 84.161, 139.16899999999998, 118.4, 103.124, 133.001, 135.536, 96.569, 109.20400000000001, 144.529, 122.9, 137.6, 83.924, 152.94400000000002, 123.824, 137.08100000000002, 108.809, 148.4, 130.51600000000002, 129.536, 92.201, 91.025, 83.456, 133.001, 82.996, 115.369, 99.584, 112.436, 113.26400000000001, 99.929, 113.26400000000001, 140.756, 115.369, 110.0, 147.284, 133.001, 157.025, 83.456, 85.376, 138.644, 87.689, 117.089, 131.50400000000002, 91.025, 139.16899999999998, 97.225, 93.409, 108.025, 102.4, 145.625, 144.529, 142.9, 94.025, 114.521, 157.616, 108.809, 93.409, 99.929, 111.616, 133.50400000000002, 125.225, 85.625, 160.0, 116.656, 127.6, 113.26400000000001, 106.481, 100.276, 99.241, 110.40100000000001, 157.616, 157.616, 147.284, 111.209, 148.4, 156.436, 84.161, 85.376, 94.336, 116.656, 95.281, 138.644, 140.225, 90.449, 130.025, 110.40100000000001, 139.16899999999998, 141.824, 84.4, 100.976, 110.0, 111.209, 87.424, 102.041, 128.08100000000002, 135.536, 121.076, 154.681, 156.436, 104.596, 93.409, 158.804, 157.025, 139.696, 82.996, 84.641, 83.456, 96.569, 108.025, 81.881, 132.5, 107.636, 155.849, 155.849, 133.001, 91.609, 103.856, 104.225, 108.416, 105.721, 106.864], "p": [130, 195, 105, 42, 47, 26, 194, 113, 123, 148, 31, 110, 185, 180, 120, 106, 81, 61, 33, 49, 150, 193, 67, 99, 38, 198, 174, 60, 76, 115, 191, 106, 28, 150, 22, 149, 37, 39, 105, 17, 1, 76, 159, 23, 95, 54, 42, 96, 188, 113, 22, 187, 191, 53, 108, 142, 21, 13, 103, 101, 126, 39, 18, 84, 167, 85, 14, 152, 190, 116, 136, 163, 63, 8, 49, 110, 105, 142, 11, 134, 19, 163, 120, 82, 151, 156, 63, 98, 173, 130, 160, 18, 188, 132, 159, 97, 180, 146, 144, 49, 45, 16, 151, 14, 113, 72, 106, 108, 73, 108, 166, 113, 100, 178, 151, 195, 16, 24, 162, 33, 117, 148, 45, 163, 65, 53, 95, 80, 175, 173, 170, 55, 111, 196, 97, 53, 73, 104, 152, 135, 25, 200, 116, 140, 108, 91, 74, 71, 101, 196, 196, 178, 103, 180, 194, 19, 24, 56, 116, 59, 162, 165, 43, 145, 101, 163, 168, 20, 76, 100, 103, 32, 79, 141, 156, 126, 191, 194, 86, 53, 198, 195, 164, 14, 21, 16, 63, 95, 9, 150, 94, 193, 193, 151, 47, 84, 85, 96, 89, 92], "q": [97.49999999999997, 94.44281044338125, 78.74999999999997, 37.04051835490427, 35.249999999999986, 19.499999999999993, 63.76471640469945, 54.72839784667734, 76.22855362358159, 48.645247566471745, 10.189207260544759, 82.49999999999997, 138.74999999999994, 158.74507866387543, 89.99999999999997, 79.49999999999999, 71.43528539874394, 53.79694332498001, 15.982629459649134, 16.105521153764293, 72.64831572567788, 63.43603229952059, 59.08844594710919, 32.53972641270745, 28.49999999999999, 95.89577675789481, 107.8355148821398, 29.059326290271148, 36.808479967676796, 86.24999999999997, 143.24999999999997, 65.69289987072885, 9.203154945008169, 92.96165076046536, 16.499999999999996, 131.40564844954133, 27.749999999999993, 24.170029197720993, 34.511831043780624, 12.749999999999996, 0.8819171036881969, 36.808479967676796, 140.2248194864233, 20.284093384828527, 58.875712148294724, 47.62352359916263, 20.341528403189805, 46.494922064433844, 140.99999999999994, 70.03111023955057, 0, 164.91849838969281, 92.50552202402983, 32.846449935364426, 35.49788335931722, 46.673142935398566, 6.902366208756126, 0, 63.83366685551955, 33.197094623065176, 78.0877866387909, 0, 13.499999999999996, 0, 103.4973045133181, 63.74999999999998, 10.499999999999998, 94.20113943727156, 117.75142429658945, 102.30238402783084, 101.99999999999997, 122.24999999999997, 20.70709862626838, 7.055336829505575, 16.105521153764293, 36.155251569674945, 0, 68.77373888697505, 5.327543153216378, 100.49999999999997, 16.75642497007574, 101.01832715970569, 58.118652580542296, 61.499999999999986, 113.24999999999997, 51.27472040790265, 47.249999999999986, 60.73494516350404, 107.21577054373671, 114.6492234794656, 0, 0, 0, 63.930517838596536, 119.24999999999997, 31.882358202349725, 0, 109.49999999999997, 47.33051114575629, 0, 0, 5.25894568286181, 49.631299882008335, 8.676420737643435, 0, 0, 93.48321299094887, 66.93238854753506, 45.24133670342648, 95.24704719832526, 102.87756017491499, 0, 32.86841051788631, 58.50577072183764, 73.13263783051572, 0, 5.25894568286181, 11.623730516108461, 100.39858282130258, 10.846575470902483, 38.45604030592698, 0, 14.790784733048842, 78.94450308856996, 0, 32.846449935364426, 71.24999999999997, 49.57954707224819, 131.24999999999994, 83.78772413694848, 149.92590762699348, 0, 53.75975363700163, 94.92713254821909, 60.115200825100935, 17.420257574479745, 54.749999999999986, 64.45341119392265, 113.99999999999996, 44.37235419914652, 15.49360846007756, 149.99999999999994, 71.89034325475988, 104.99999999999997, 52.30678732248807, 0, 45.86108104182958, 53.24999999999998, 89.0736274725079, 94.92713254821909, 172.8557523228866, 156.98124445649904, 63.83366685551955, 158.74507866387543, 120.23040165020187, 9.202119991919199, 21.166010488516726, 0, 71.89034325475988, 28.575004185433297, 142.8705707974879, 123.74999999999996, 0, 0, 75.74999999999999, 122.24999999999997, 81.36611361275922, 17.638342073763937, 24.9799919935936, 48.432210483785255, 77.24999999999997, 19.831818828899276, 0, 87.38395171483744, 96.68011679088397, 0, 92.50552202402983, 120.23040165020187, 0, 17.420257574479745, 122.70937900381428, 64.09340050987832, 79.42882519340782, 12.346839451634757, 18.520259177452136, 5.25894568286181, 30.51229260478471, 31.224989991991997, 4.358898943540672, 49.30261577682948, 45.526277854758135, 63.43603229952059, 0, 0, 22.763138927379067, 0, 41.16737891121746, 71.99999999999999, 55.15724611787611, 68.99999999999999], "B": 4255.682534817235}, "solution": [0.0, 0.0, 0.0, 0.0, 0.0, 0.0, 1.0, 0.0, 0.0, 0.0, 0.0, 0.0, 1.0, 1.0, 0.0, 0.0, 0.0, 0.0, 0.0, 0.0, 0.0, 0.0, 0.0, 0.0, 0.0, 0.0, 0.0, 0.0, 0.0, 0.0, 1.0, 0.0, 0.0, 0.0, 0.0, 1.0, 0.0, 0.0, 0.0, 0.0, 0.0, 0.0, 1.0, 0.0, 0.0, 0.0, 0.0, 0.0, 1.0, 0.0, 0.0, 1.0, 0.0, 0.0, 0.0, 0.0, 0.0, 0.0, 0.0, 0.0, 0.0, 0.0, 0.0, 0.0, 0.0, 0.0, 0.0, 0.0, 0.0, 0.0, 0.0, 1.0, 0.0, 0.0, 0.0, 0.0, 0.0, 0.0, 0.0, 0.0, 0.0, 0.0, 0.0, 0.0, 0.0, 0.0, 0.0, 0.0, 0.0, 0.0, 0.0, 0.0, 0.0, 0.0, 1.0, 0.0, 0.0, 0.0, 0.0, 0.0, 0.0, 0.0, 0.0, 0.0, 0.0, 0.0, 0.0, 0.0, 0.0, 0.0, 0.0, 0.0, 0.0, 0.0, 0.0, 0.0, 0.0, 0.0, 0.0, 0.0, 0.0, 0.0, 0.0, 0.0, 0.0, 0.0, 0.0, 0.0, 1.0, 0.0, 1.0, 0.0, 0.0, 0.0, 0.0, 0.0, 0.0, 0.0, 0.0, 0.0, 0.0, 1.0, 0.0, 0.0, 0.0, 0.0, 0.0, 0.0, 0.0, 0.0, 1.0, 1.0, 0.0, 1.0, 0.0, 0.0, 0.0, 0.0, 0.0, 0.0, 1.0, 1.0, 0.0, 0.0, 0.0, 1.0, 0.0, 0.0, 0.0, 0.0, 0.0, 0.0, 0.0, 0.0, 0.0, 0.0, 0.0, 0.0, 0.0, 0.0, 0.0, 0.0, 0.0, 0.0, 0.0, 0.0, 0.0, 0.0, 0.0, 0.0, 0.0, 0.0, 0.0, 0.0, 0.0, 0.0, 0.0, 0.0, 0.0, 0.0], "objective_value": 2781.2500000000005, "solve_time": 25.88361883163452}