{"instance": {"c": [142.9, 89.321, 82.1, 92.5, 106.864, 81.025, 100.976, 148.4, 138.644, 141.289, 130.51600000000002, 82.321, 115.79599999999999, 81.025, 87.424, 115.79599999999999, 137.6, 121.076, 83.924, 97.889, 146.176, 149.524, 140.756, 87.424, 100.276, 146.72899999999998, 101.32900000000001, 81.025, 135.536, 134.51600000000002, 102.761, 144.529, 141.824, 113.26400000000001, 125.225, 82.769, 122.9, 111.209, 146.72899999999998, 90.449, 112.436, 138.644, 80.816, 83.68900000000001, 82.996, 89.321, 105.721, 158.804, 81.664, 97.556, 115.369, 82.544, 99.584, 88.496, 121.529, 145.625, 81.881, 154.1, 94.336, 81.236, 85.376, 104.225, 104.596, 158.804, 88.769, 91.025, 80.201, 91.609, 117.961, 150.089, 130.025, 108.025, 119.729, 125.225, 98.9, 104.969, 155.264, 121.076, 144.529, 152.94400000000002, 83.225, 96.244, 157.025, 110.40100000000001, 127.6, 99.929, 109.601, 106.481, 85.625, 97.556, 94.336, 137.08100000000002, 82.321, 101.32900000000001, 107.636, 129.049, 159.401, 101.684, 132.5, 110.40100000000001, 124.289, 124.289, 92.201, 92.201, 89.881, 102.761, 98.9, 87.161, 99.929, 97.889, 133.50400000000002, 96.896, 123.361, 128.08100000000002, 138.121, 133.50400000000002, 145.07600000000002, 113.681, 152.369, 131.00900000000001, 131.50400000000002, 87.424, 127.12100000000001, 141.824, 159.401, 97.556, 103.124, 80.609, 85.625, 115.369, 127.12100000000001, 150.656, 128.56400000000002, 143.441, 109.601, 127.6, 105.344, 114.1, 119.729, 101.32900000000001, 102.761, 86.641, 80.609, 90.164, 103.856, 94.336, 131.50400000000002, 123.824, 112.436, 83.225, 90.164, 96.896, 94.336, 114.521, 101.32900000000001, 128.08100000000002, 115.369, 110.0, 100.276, 152.369, 138.121, 124.289, 141.289, 125.225, 114.944, 139.16899999999998, 124.756, 153.52100000000002, 103.124, 107.249, 112.025, 92.201, 119.729, 85.376, 99.241, 86.641, 82.1, 80.201, 150.089, 127.12100000000001, 142.361, 89.044, 118.4, 128.56400000000002, 118.4, 137.6, 88.769, 97.556, 104.225, 91.609, 90.449, 83.225, 90.164, 148.4, 136.56400000000002, 121.076, 111.616, 140.756, 87.689, 148.4], "p": [170, 39, 10, 50, 92, 5, 76, 180, 162, 167, 146, 11, 114, 5, 32, 114, 160, 126, 18, 67, 176, 182, 166, 32, 74, 177, 77, 5, 156, 154, 81, 173, 168, 108, 135, 13, 130, 103, 177, 43, 106, 162, 4, 17, 14, 39, 89, 198, 8, 66, 113, 12, 72, 36, 127, 175, 9, 190, 56, 6, 24, 85, 86, 198, 37, 45, 1, 47, 119, 183, 145, 95, 123, 135, 70, 87, 192, 126, 173, 188, 15, 62, 195, 101, 140, 73, 99, 91, 25, 66, 56, 159, 11, 77, 94, 143, 199, 78, 150, 101, 133, 133, 49, 49, 41, 81, 70, 31, 73, 67, 152, 64, 131, 141, 161, 152, 174, 109, 187, 147, 148, 32, 139, 168, 199, 66, 82, 3, 25, 113, 139, 184, 142, 171, 99, 140, 88, 110, 123, 77, 81, 29, 3, 42, 84, 56, 148, 132, 106, 15, 42, 64, 56, 111, 77, 141, 113, 100, 74, 187, 161, 133, 167, 135, 112, 163, 134, 189, 82, 93, 105, 49, 123, 24, 71, 29, 10, 1, 183, 139, 169, 38, 120, 142, 120, 160, 37, 66, 85, 47, 43, 15, 42, 180, 158, 126, 104, 166, 33, 180], "q": [127.49999999999996, 29.249999999999993, 6.197443384031024, 37.499999999999986, 57.01647913308542, 0, 56.99999999999998, 134.99999999999994, 78.4601809837321, 80.88179150792136, 47.987879356114014, 0, 37.4699879903904, 0, 15.498307354811281, 55.21271995151518, 52.589456828618104, 94.49999999999997, 0, 0, 0, 59.82050714255309, 0, 0, 55.499999999999986, 132.74999999999997, 25.308676098772462, 4.409585518440984, 75.554248354705, 135.81523396798232, 26.623412519487914, 107.21577054373671, 55.21892967004901, 66.93238854753506, 0, 9.749999999999996, 97.49999999999997, 90.83746167988427, 132.74999999999997, 37.92243545859247, 65.69289987072885, 0, 2.4789773536124096, 10.53565375285274, 0, 12.818680101975662, 29.25288536091882, 122.70937900381428, 2.629472841430905, 40.90312633460476, 54.72839784667734, 8.999999999999998, 0, 26.999999999999993, 41.74288135771562, 131.24999999999994, 7.937253933193772, 62.449979983983994, 49.38735780653903, 3.7184660304186146, 0, 63.74999999999998, 75.84487091718493, 174.61958653026298, 32.63093283646329, 0, 0.6197443384031024, 0, 104.94813533889544, 60.149191247731956, 47.659195250935156, 83.78212485037871, 0, 44.37235419914652, 33.902547338649676, 0, 63.107348194341725, 61.02458520956942, 83.78772413694848, 61.79261177362627, 11.249999999999996, 54.67886042866821, 64.09340050987832, 62.59417817871335, 104.99999999999997, 64.37994856923838, 0, 56.39673479468232, 18.749999999999993, 31.965258919298268, 49.38735780653903, 140.2248194864233, 0, 25.308676098772462, 45.526277854758135, 0, 65.40813693059377, 48.340058395441986, 112.49999999999997, 0, 117.29497479053019, 0, 16.105521153764293, 36.74999999999999, 0, 26.623412519487914, 23.00788736252042, 27.339430214334104, 23.993939678057007, 22.021835046983828, 113.99999999999996, 30.996614709622563, 63.44619573375868, 124.35031162003577, 120.74999999999997, 113.99999999999996, 57.19103430112219, 81.74999999999999, 90.56823360467843, 48.31656346129288, 48.645247566471745, 19.831818828899276, 0, 81.36611361275922, 175.5015036339512, 31.965258919298268, 61.499999999999986, 2.2499999999999996, 22.047927592204925, 84.74999999999997, 0, 162.2727470786282, 0, 82.81907992727277, 61.35468950190714, 46.01577472504084, 0, 82.49999999999997, 92.24999999999997, 25.308676098772462, 26.623412519487914, 14.045341040297723, 1.8592330152093073, 37.04051835490427, 27.609464835024504, 49.38735780653903, 110.99999999999997, 0, 93.48321299094887, 4.930261577682947, 20.341528403189805, 0, 34.70568295057374, 68.79162156274437, 47.720314057038884, 124.35031162003577, 37.141303885211535, 0, 24.322623783235873, 61.463927668447404, 99.77883848289949, 64.41483994343439, 125.24999999999996, 119.05880899790658, 83.99999999999999, 78.94450308856996, 64.89916204827223, 141.74999999999997, 26.95209662466678, 69.74999999999999, 50.85382100797452, 16.105521153764293, 92.24999999999997, 7.888418524292716, 34.38686944348753, 14.045341040297723, 7.499999999999997, 0.32868410517886315, 88.63094518532702, 86.14446303803123, 104.7367931901243, 33.51284994015148, 39.44209262146357, 88.00369605324055, 74.36932060837229, 52.589456828618104, 27.749999999999993, 49.49999999999999, 52.6782687642637, 35.249999999999986, 14.133416522691116, 0, 20.341528403189805, 59.163138932195366, 51.93208861826037, 78.0877866387909, 50.36949890313666, 146.39823921224067, 20.45156316730238, 0], "B": 7282.453905038881}, "solution": [1.0, 0.0, 0.0, 0.0, 0.0, 0.0, 0.0, 1.0, 1.0, 1.0, 0.0, 0.0, 0.0, 0.0, 0.0, 0.0, 0.0, 0.0, 0.0, 0.0, 0.0, 0.0, 0.0, 0.0, 0.0, 1.0, 0.0, 0.0, 0.0, 1.0, 0.0, 1.0, 0.0, 0.0, 0.0, 0.0, 1.0, 0.0, 1.0, 0.0, 0.0, 0.0, 0.0, 0.0, 0.0, 0.0, 0.0, 1.0, 0.0, 0.0, 0.0, 0.0, 0.0, 0.0, 0.0, 1.0, 0.0, 0.0, 0.0, 0.0, 0.0, 0.0, 0.0, 1.0, 0.0, 0.0, 0.0, 0.0, 1.0, 0.0, 0.0, 0.0, 0.0, 0.0, 0.0, 0.0, 1.0, 0.0, 1.0, 0.0, 0.0, 0.0, 0.0, 0.0, 1.0, 0.0, 0.0, 0.0, 0.0, 0.0, 0.0, 1.0, 0.0, 0.0, 0.0, 0.0, 0.0, 0.0, 1.0, 0.0, 1.0, 0.0, 0.0, 0.0, 0.0, 0.0, 0.0, 0.0, 0.0, 0.0, 1.0, 0.0, 0.0, 1.0, 1.0, 1.0, 0.0, 0.0, 1.0, 0.0, 0.0, 0.0, 0.0, 1.0, 1.0, 0.0, 0.0, 0.0, 0.0, 0.0, 0.0, 1.0, 0.0, 0.0, 0.0, 0.0, 0.0, 0.0, 0.0, 0.0, 0.0, 0.0, 0.0, 0.0, 0.0, 0.0, 1.0, 0.0, 0.0, 0.0, 0.0, 0.0, 0.0, 0.0, 0.0, 1.0, 0.0, 0.0, 0.0, 0.0, 1.0, 0.0, 1.0, 1.0, 0.0, 0.0, 0.0, 1.0, 0.0, 0.0, 0.0, 0.0, 0.0, 0.0, 0.0, 0.0, 0.0, 0.0, 1.0, 0.0, 1.0, 0.0, 0.0, 0.0, 0.0, 0.0, 0.0, 0.0, 0.0, 0.0, 0.0, 0.0, 0.0, 0.0, 0.0, 0.0, 0.0, 1.0, 0.0, 0.0], "objective_value": 5057.500000000001, "solve_time": 28.06401014328003}