{"instance": {"c": [102.761, 138.644, 136.049, 82.1, 119.284, 155.849, 129.049, 81.881, 92.801, 145.07600000000002, 102.761, 136.049, 127.12100000000001, 152.94400000000002, 104.225, 148.4, 99.241, 107.636, 132.5, 85.625, 110.40100000000001, 149.524, 92.5, 83.225, 94.649, 108.416, 93.409, 147.841, 90.449, 94.336, 125.225, 160.0, 116.225, 117.089, 118.4, 124.756, 96.244, 123.824, 121.529, 160.0, 109.20400000000001, 143.98399999999998, 118.4, 106.1, 80.201, 139.696, 151.225, 98.561, 86.384, 144.529, 117.961, 118.84100000000001, 104.225, 89.044, 103.856, 88.496, 151.796, 107.249, 115.79599999999999, 146.176, 119.729, 80.609, 115.79599999999999, 114.1, 81.025, 110.804, 110.0, 104.596, 87.161, 106.481, 102.041, 90.449, 155.849, 127.12100000000001, 80.201, 82.769, 94.025, 91.904, 99.584, 113.681, 82.1, 128.08100000000002, 83.68900000000001, 104.596, 85.376, 120.625, 127.12100000000001, 127.12100000000001, 127.6, 108.025, 151.225, 89.321, 124.756, 109.601, 87.689, 115.79599999999999, 102.041, 95.281, 136.56400000000002, 137.08100000000002, 131.50400000000002, 155.849, 124.756, 89.881, 96.569, 143.98399999999998, 134.00900000000001, 99.929, 118.84100000000001, 83.68900000000001, 123.824, 160.0, 95.6, 83.68900000000001, 135.025, 136.049, 143.98399999999998, 96.896, 82.321, 80.404, 125.225, 85.129, 124.756, 84.161, 111.616, 151.796, 154.1, 109.601, 87.689, 97.889, 123.824, 100.625, 122.441, 129.049, 93.104, 126.16900000000001, 133.50400000000002, 142.9, 103.124, 137.6, 140.225, 82.544, 143.441, 89.6, 136.56400000000002, 108.025, 108.809, 103.856, 127.6, 86.129, 94.964, 138.644, 103.124, 118.4, 102.4, 89.044, 94.025, 127.12100000000001, 83.456, 128.56400000000002, 110.804, 99.241, 112.849, 147.841, 101.684, 92.201, 90.449, 112.436, 151.796, 87.689, 94.336, 110.0, 155.264, 151.796, 131.50400000000002, 130.025, 99.929, 82.321, 128.56400000000002, 89.881, 136.56400000000002, 96.244, 109.20400000000001, 100.625, 126.16900000000001, 96.244, 81.664, 93.104, 130.51600000000002, 102.041, 107.636, 93.71600000000001, 88.225, 112.436, 104.969, 130.51600000000002, 159.401, 95.281, 101.32900000000001, 103.856], "p": [81, 162, 157, 10, 122, 193, 143, 9, 51, 174, 81, 157, 139, 188, 85, 180, 71, 94, 150, 25, 101, 182, 50, 15, 57, 96, 53, 179, 43, 56, 135, 200, 115, 117, 120, 134, 62, 132, 127, 200, 98, 172, 120, 90, 1, 164, 185, 69, 28, 173, 119, 121, 85, 38, 84, 36, 186, 93, 114, 176, 123, 3, 114, 110, 5, 102, 100, 86, 31, 91, 79, 43, 193, 139, 1, 13, 55, 48, 72, 109, 10, 141, 17, 86, 24, 125, 139, 139, 140, 95, 185, 39, 134, 99, 33, 114, 79, 59, 158, 159, 148, 193, 134, 41, 63, 172, 153, 73, 121, 17, 132, 200, 60, 17, 155, 157, 172, 64, 11, 2, 135, 23, 134, 19, 104, 186, 190, 99, 33, 67, 132, 75, 129, 143, 52, 137, 152, 170, 82, 160, 165, 12, 171, 40, 158, 95, 97, 84, 140, 27, 58, 162, 82, 120, 80, 38, 55, 139, 16, 142, 102, 71, 107, 179, 78, 49, 43, 106, 186, 33, 56, 100, 192, 186, 148, 145, 73, 11, 142, 41, 158, 62, 98, 75, 137, 62, 8, 52, 146, 79, 94, 54, 35, 106, 87, 146, 199, 59, 77, 84], "q": [60.74999999999998, 142.8705707974879, 76.03857045954285, 6.197443384031024, 107.59388664996003, 0, 0, 2.958156946609768, 31.606961258558226, 130.49999999999997, 26.623412519487914, 51.603404513081514, 0, 165.80041549338102, 27.938148940203366, 111.55398091255843, 34.38686944348753, 0, 132.28756555322954, 22.047927592204925, 48.9165325886231, 59.82050714255309, 30.98721692015512, 11.249999999999996, 35.32542728897684, 31.553674097170862, 39.74999999999999, 0, 32.24999999999999, 41.99999999999999, 83.66548568441883, 65.73682103577262, 86.24999999999997, 87.74999999999999, 0, 44.043670093967656, 46.499999999999986, 98.99999999999999, 95.24999999999999, 176.3834207376394, 86.4278761614433, 128.99999999999997, 39.44209262146357, 55.776990456279215, 0.48432210483785254, 144.6344050048643, 138.74999999999994, 33.418225233811825, 9.203154945008169, 107.21577054373671, 73.74957626996918, 39.770776726642445, 63.74999999999998, 12.4899959967968, 0, 31.74901573277509, 90.08391149984057, 69.74999999999999, 100.53854982045443, 109.07500355894602, 76.22855362358159, 1.4529663145135576, 55.21271995151518, 97.01088140570165, 2.421610524189263, 33.52577872824404, 74.99999999999997, 28.26683304538223, 19.212074490496175, 68.24999999999999, 48.95980273384509, 26.6490065513334, 63.43603229952059, 0, 0.48432210483785254, 8.056676399240331, 48.50544070285083, 35.99999999999999, 0, 35.82656746449609, 6.197443384031024, 124.35031162003577, 14.992590762699349, 41.65170101605532, 11.623730516108461, 41.085513147357894, 45.687090619861976, 45.687090619861976, 0, 46.010599959595986, 163.15466418231642, 12.818680101975662, 44.043670093967656, 61.35468950190714, 20.45156316730238, 70.65085457795368, 0, 36.564915965783044, 97.91960546769018, 119.24999999999997, 110.99999999999997, 93.47416623370553, 118.17689189421839, 30.749999999999993, 20.70709862626838, 128.99999999999997, 74.10128204019144, 45.24133670342648, 74.98906494677539, 8.233475782243493, 116.41305768684198, 149.99999999999994, 0, 14.992590762699349, 50.94603630272379, 51.603404513081514, 0, 39.66363765779855, 0, 0.9686442096757051, 65.38348415311009, 7.559734419113853, 44.043670093967656, 16.75642497007574, 0, 0, 92.02119991919197, 61.35468950190714, 15.982629459649134, 22.021835046983828, 43.38630188360993, 24.65130788841474, 42.40024956807334, 126.11414582741214, 0, 0, 49.9599839871872, 105.3565375285274, 39.71441259670391, 0, 102.2578158365119, 8.999999999999998, 105.9762818669305, 24.789773536124095, 97.91960546769018, 31.224989991991997, 0, 40.68305680637961, 123.46839451634757, 16.733097136883764, 28.090682080595446, 78.4601809837321, 26.95209662466678, 0, 26.294728414309052, 33.51284994015148, 18.077625784837473, 67.32077257246151, 0, 125.23222872372396, 0, 62.61611436186198, 66.31264420913196, 86.6936567659756, 58.499999999999986, 36.74999999999999, 0, 65.69289987072885, 115.27244694297704, 29.103264421710495, 27.12203787091974, 0, 63.107348194341725, 0, 48.645247566471745, 108.74999999999997, 35.355513653163236, 8.249999999999998, 106.49999999999996, 13.47604831233339, 97.91960546769018, 30.027970499946854, 86.4278761614433, 36.32415786283894, 120.82264320528297, 54.67886042866821, 0, 32.226705596961324, 70.71102730632647, 69.67145119136755, 30.896305886813135, 17.74894167965861, 21.691051844108582, 65.69289987072885, 42.136023120893164, 47.987879356114014, 65.40813693059377, 28.575004185433297, 47.720314057038884, 40.68305680637961], "B": 5338.830705508663}, "solution": [0.0, 1.0, 0.0, 0.0, 1.0, 0.0, 0.0, 0.0, 0.0, 1.0, 0.0, 0.0, 0.0, 1.0, 0.0, 1.0, 0.0, 0.0, 1.0, 0.0, 0.0, 0.0, 0.0, 0.0, 0.0, 0.0, 0.0, 0.0, 0.0, 0.0, 0.0, 0.0, 0.0, 0.0, 0.0, 0.0, 0.0, 0.0, 0.0, 1.0, 0.0, 1.0, 0.0, 0.0, 0.0, 1.0, 1.0, 0.0, 0.0, 0.0, 0.0, 0.0, 0.0, 0.0, 0.0, 0.0, 0.0, 0.0, 0.0, 1.0, 0.0, 0.0, 0.0, 0.0, 0.0, 0.0, 0.0, 0.0, 0.0, 0.0, 0.0, 0.0, 0.0, 0.0, 0.0, 0.0, 0.0, 0.0, 0.0, 0.0, 0.0, 1.0, 0.0, 0.0, 0.0, 0.0, 0.0, 0.0, 0.0, 0.0, 1.0, 0.0, 0.0, 0.0, 0.0, 0.0, 0.0, 0.0, 0.0, 1.0, 1.0, 0.0, 1.0, 0.0, 0.0, 1.0, 0.0, 0.0, 0.0, 0.0, 1.0, 1.0, 0.0, 0.0, 0.0, 0.0, 0.0, 0.0, 0.0, 0.0, 0.0, 0.0, 0.0, 0.0, 0.0, 0.0, 0.0, 0.0, 0.0, 0.0, 0.0, 0.0, 0.0, 1.0, 0.0, 0.0, 0.0, 0.0, 0.0, 0.0, 0.0, 0.0, 0.0, 0.0, 0.0, 0.0, 0.0, 0.0, 1.0, 0.0, 0.0, 0.0, 0.0, 0.0, 0.0, 0.0, 0.0, 0.0, 0.0, 1.0, 0.0, 0.0, 0.0, 0.0, 0.0, 0.0, 0.0, 0.0, 1.0, 0.0, 0.0, 0.0, 0.0, 0.0, 0.0, 1.0, 0.0, 0.0, 1.0, 0.0, 0.0, 0.0, 0.0, 0.0, 1.0, 0.0, 0.0, 0.0, 0.0, 0.0, 0.0, 0.0, 0.0, 0.0, 0.0, 0.0, 0.0, 0.0, 0.0, 0.0], "objective_value": 3600.150999999999, "solve_time": 115.53296780586243}