{"instance": {"c": [152.369, 146.176, 82.321, 89.881, 146.72899999999998, 129.049, 86.641, 154.681, 130.025, 150.656, 131.50400000000002, 91.025, 152.94400000000002, 146.176, 110.40100000000001, 142.361, 157.025, 126.644, 108.025, 98.561, 93.71600000000001, 138.644, 126.16900000000001, 84.4, 106.1, 87.161, 91.904, 113.681, 137.6, 83.225, 119.729, 100.625, 148.4, 107.249, 98.9, 156.436, 83.924, 109.20400000000001, 88.225, 80.404, 147.841, 91.025, 96.244, 96.896, 135.025, 89.321, 81.025, 104.225, 130.51600000000002, 120.625, 117.961, 86.384, 134.00900000000001, 143.98399999999998, 142.361, 115.79599999999999, 91.609, 87.689, 98.224, 87.956, 93.409, 102.041, 134.00900000000001, 91.609, 127.12100000000001, 96.896, 89.6, 117.524, 87.424, 80.404, 146.72899999999998, 89.044, 87.956, 84.884, 111.616, 81.236, 91.609, 81.664, 111.616, 94.025, 117.961, 130.025, 105.721, 157.616, 87.956, 113.26400000000001, 105.721, 83.225, 156.436, 80.609, 88.496, 83.68900000000001, 114.1, 141.824, 97.225, 95.281, 133.001, 100.976, 91.904, 133.50400000000002, 82.996, 145.07600000000002, 127.6, 96.896, 100.625, 87.161, 82.769, 103.124, 81.881, 141.289, 82.544, 104.969, 121.529, 142.9, 80.609, 88.496, 113.681, 81.881, 86.384, 105.721, 87.689, 81.449, 87.161, 95.921, 106.1, 120.176, 120.176, 119.729, 108.416, 81.025, 87.956, 81.449, 113.26400000000001, 91.904, 84.161, 101.32900000000001, 86.641, 138.644, 157.025, 125.225, 81.449, 112.025, 97.225, 104.969, 107.249, 119.729, 86.384, 98.224, 131.50400000000002, 80.404, 155.849, 111.616, 146.176, 140.225, 86.384, 106.481, 86.384, 85.376, 96.569, 112.849, 96.244, 81.881, 95.6, 129.536, 125.225, 123.361, 158.209, 91.609, 131.50400000000002, 126.16900000000001, 81.449, 110.804, 124.756, 99.584, 102.4, 110.40100000000001, 102.041, 158.209, 100.625, 117.089, 118.4, 82.1, 88.496, 108.809, 82.996, 129.536, 89.321, 160.0, 140.225, 158.209, 114.944, 89.6, 154.1, 134.51600000000002, 81.236, 134.51600000000002, 85.376, 80.816, 92.801, 85.129], "p": [187, 176, 11, 41, 177, 143, 29, 191, 145, 184, 148, 45, 188, 176, 101, 169, 195, 138, 95, 69, 54, 162, 137, 20, 90, 31, 48, 109, 160, 15, 123, 75, 180, 93, 70, 194, 18, 98, 35, 2, 179, 45, 62, 64, 155, 39, 5, 85, 146, 125, 119, 28, 153, 172, 169, 114, 47, 33, 68, 34, 53, 79, 153, 47, 139, 64, 40, 118, 32, 2, 177, 38, 34, 22, 104, 6, 47, 8, 104, 55, 119, 145, 89, 196, 34, 108, 89, 15, 194, 3, 36, 17, 110, 168, 65, 59, 151, 76, 48, 152, 14, 174, 140, 64, 75, 31, 13, 82, 9, 167, 12, 87, 127, 170, 3, 36, 109, 9, 28, 89, 33, 7, 31, 61, 90, 124, 124, 123, 96, 5, 34, 7, 108, 48, 19, 77, 29, 162, 195, 135, 7, 105, 65, 87, 93, 123, 28, 68, 148, 2, 193, 104, 176, 165, 28, 91, 28, 24, 63, 107, 62, 9, 60, 144, 135, 131, 197, 47, 148, 137, 7, 102, 134, 72, 80, 101, 79, 197, 75, 117, 120, 10, 36, 97, 14, 144, 39, 200, 165, 197, 112, 40, 190, 154, 6, 154, 24, 4, 51, 23], "q": [164.91849838969281, 0, 5.327543153216378, 36.158601251216076, 58.17708661665877, 88.62344039164364, 14.045341040297723, 143.24999999999997, 108.74999999999997, 114.03295826617084, 110.99999999999997, 33.749999999999986, 61.79261177362627, 109.07500355894602, 89.0736274725079, 81.85043571759708, 64.09340050987832, 66.83645046762365, 83.78212485037871, 22.67920325734156, 17.74894167965861, 78.4601809837321, 45.02972240950425, 17.638342073763937, 0, 23.249999999999993, 35.99999999999999, 67.55213288593816, 99.15909414449638, 4.930261577682947, 76.22855362358159, 0, 87.17797887081346, 30.567621781634273, 61.734197258173786, 171.0919181155102, 8.717797887081344, 32.21104230752859, 16.951273669324838, 0, 110.93423657415532, 27.888495228139607, 38.42414898099235, 56.4426946360446, 75.06992624986714, 34.39476704383968, 3.7499999999999987, 74.96295381349674, 0, 77.4680423003878, 57.63433047570445, 0, 114.74999999999997, 56.53366609076446, 149.04399052330527, 37.4699879903904, 35.249999999999986, 15.982629459649134, 59.970363050797395, 29.985181525398698, 17.420257574479745, 48.95980273384509, 134.93331686429414, 22.763138927379067, 104.24999999999997, 0, 19.372884193514103, 104.06621823520724, 0, 1.2394886768062048, 132.74999999999997, 18.404239983838398, 16.466951564486987, 19.40217628114033, 64.45341119392265, 5.291502622129181, 29.12798390494581, 7.055336829505575, 50.36949890313666, 48.50544070285083, 104.94813533889544, 108.74999999999997, 66.74999999999999, 64.42208461505717, 16.466951564486987, 66.93238854753506, 78.49062222824952, 4.930261577682947, 171.0919181155102, 1.4529663145135576, 22.310796182511687, 5.587629788040674, 36.155251569674945, 0, 31.480936814460414, 52.03310911760362, 73.13263783051572, 36.808479967676796, 15.776837048585431, 73.61695993535359, 4.6015774725040846, 107.8355148821398, 67.80509467729935, 21.03578273144724, 56.249999999999986, 27.339430214334104, 0, 0, 2.958156946609768, 125.24999999999996, 8.999999999999998, 53.9177574410699, 112.003472168401, 55.87629788040673, 1.4529663145135576, 26.999999999999993, 81.74999999999999, 7.937253933193772, 20.999999999999996, 29.25288536091882, 29.103264421710495, 4.338210368821717, 15.013985249973427, 20.049730415910652, 0, 40.756829042179035, 60.05594099989371, 40.42814493700017, 71.99999999999999, 1.6434205258943158, 29.985181525398698, 4.338210368821717, 95.24704719832526, 42.33202097703345, 9.202119991919199, 47.720314057038884, 17.97258581368997, 121.49999999999996, 171.97383521919838, 83.66548568441883, 4.338210368821717, 0, 40.283381996201655, 65.24999999999999, 0, 76.22855362358159, 0, 22.350519152162697, 91.72216208365916, 1.7638342073763937, 0, 0, 155.21741024912265, 102.2578158365119, 13.56101893545987, 0, 24.693678903269515, 21.166010488516726, 47.249999999999986, 94.36513009463708, 46.499999999999986, 0, 37.184660304186146, 107.99999999999997, 65.38348415311009, 98.24999999999997, 64.75076872023604, 15.448152943406567, 91.72216208365916, 45.02972240950425, 4.338210368821717, 63.21392251711645, 100.49999999999997, 53.999999999999986, 70.55336829505575, 75.74999999999999, 59.249999999999986, 147.74999999999997, 56.249999999999986, 38.45604030592698, 89.99999999999997, 3.2868410517886315, 11.832627786439073, 72.74999999999999, 4.6015774725040846, 47.33051114575629, 29.249999999999993, 96.86442096757051, 0, 64.75076872023604, 0, 29.99999999999999, 117.75142429658945, 74.5856041450293, 4.499999999999999, 95.44062811407777, 14.873864121674458, 0, 24.70042734673048, 0], "B": 8071.618284166045}, "solution": [1.0, 0.0, 0.0, 0.0, 0.0, 1.0, 0.0, 1.0, 1.0, 1.0, 1.0, 0.0, 0.0, 1.0, 0.0, 1.0, 0.0, 0.0, 0.0, 0.0, 0.0, 1.0, 0.0, 0.0, 0.0, 0.0, 0.0, 0.0, 1.0, 0.0, 0.0, 0.0, 1.0, 0.0, 0.0, 1.0, 0.0, 0.0, 0.0, 0.0, 1.0, 0.0, 0.0, 0.0, 0.0, 0.0, 0.0, 0.0, 0.0, 0.0, 0.0, 0.0, 1.0, 0.0, 1.0, 0.0, 0.0, 0.0, 0.0, 0.0, 0.0, 0.0, 1.0, 0.0, 1.0, 0.0, 0.0, 1.0, 0.0, 0.0, 1.0, 0.0, 0.0, 0.0, 0.0, 0.0, 0.0, 0.0, 0.0, 0.0, 1.0, 1.0, 0.0, 0.0, 0.0, 0.0, 0.0, 0.0, 1.0, 0.0, 0.0, 0.0, 0.0, 0.0, 0.0, 0.0, 0.0, 0.0, 0.0, 0.0, 0.0, 1.0, 0.0, 0.0, 0.0, 0.0, 0.0, 0.0, 0.0, 1.0, 0.0, 0.0, 1.0, 0.0, 0.0, 0.0, 0.0, 0.0, 0.0, 0.0, 0.0, 0.0, 0.0, 0.0, 0.0, 0.0, 0.0, 0.0, 0.0, 0.0, 0.0, 0.0, 1.0, 0.0, 0.0, 0.0, 0.0, 1.0, 1.0, 1.0, 0.0, 0.0, 0.0, 0.0, 0.0, 0.0, 0.0, 0.0, 1.0, 0.0, 0.0, 0.0, 1.0, 1.0, 0.0, 0.0, 0.0, 0.0, 0.0, 0.0, 0.0, 0.0, 0.0, 1.0, 0.0, 1.0, 0.0, 0.0, 1.0, 0.0, 0.0, 0.0, 1.0, 0.0, 0.0, 0.0, 0.0, 1.0, 0.0, 0.0, 1.0, 0.0, 0.0, 0.0, 0.0, 0.0, 0.0, 1.0, 0.0, 0.0, 0.0, 0.0, 1.0, 0.0, 0.0, 1.0, 0.0, 0.0, 0.0, 0.0], "objective_value": 5666.255999999999, "solve_time": 14.997570276260376}