{"instance": {"c": [139.696, 104.969, 87.689, 135.536, 94.336, 151.225, 108.025, 80.201, 124.289, 155.264, 139.16899999999998, 118.84100000000001, 134.00900000000001, 106.481, 125.225, 102.4, 140.225, 130.51600000000002, 139.696, 129.536, 154.1, 82.1, 86.384, 101.684, 90.164, 147.284, 145.625, 123.824, 117.089, 83.225, 151.225, 145.07600000000002, 157.616, 137.08100000000002, 116.225, 128.56400000000002, 122.441, 145.07600000000002, 101.684, 114.944, 105.344, 119.284, 126.644, 150.089, 104.596, 81.025, 101.32900000000001, 85.129, 95.921, 81.449, 89.6, 106.481, 99.241, 145.625, 91.904, 100.276, 120.176, 104.969, 84.161, 134.00900000000001, 99.584, 127.6, 102.4, 127.12100000000001, 121.98400000000001, 107.636, 80.609, 87.161, 132.001, 137.6, 91.316, 143.98399999999998, 127.6, 119.284, 157.025, 96.244, 110.40100000000001, 95.921, 88.225, 157.616, 115.79599999999999, 100.976, 94.649, 81.881, 82.769, 113.26400000000001, 124.289, 110.804, 104.225, 80.609, 93.71600000000001, 138.121, 141.824, 84.641, 92.201, 145.625, 90.449, 116.656, 119.729, 90.449, 86.641, 98.9, 89.321, 148.4, 84.161, 102.761, 155.264, 119.284, 154.681, 103.124, 139.16899999999998, 141.824, 142.361, 147.841, 111.209, 96.896, 125.225, 107.249, 90.164, 153.52100000000002, 140.756, 136.049, 141.289, 135.536, 138.121, 112.849, 129.536, 119.729, 146.72899999999998, 97.556, 153.52100000000002, 108.809, 90.449, 140.225, 84.641, 81.449, 82.544, 137.08100000000002, 89.6, 82.1, 133.50400000000002, 97.225, 83.924, 158.209, 145.07600000000002, 126.644, 120.176, 99.929, 139.696, 119.284, 122.9, 141.289, 98.561, 104.969, 82.1, 104.596, 128.08100000000002, 86.384, 156.436, 147.841, 158.804, 94.025, 81.236, 150.656, 83.225, 111.209, 87.689, 138.121, 89.044, 150.656, 94.336, 82.996, 130.51600000000002, 128.56400000000002, 95.921, 90.736, 111.616, 90.164, 118.84100000000001, 85.376, 123.824, 89.044, 104.596, 151.796, 98.561, 101.32900000000001, 112.025, 97.889, 104.969, 125.696, 96.244, 102.761, 113.26400000000001, 117.961, 108.025, 121.076, 103.124, 102.041, 86.641, 99.584], "p": [164, 87, 33, 156, 56, 185, 95, 1, 133, 192, 163, 121, 153, 91, 135, 80, 165, 146, 164, 144, 190, 10, 28, 78, 42, 178, 175, 132, 117, 15, 185, 174, 196, 159, 115, 142, 129, 174, 78, 112, 88, 122, 138, 183, 86, 5, 77, 23, 61, 7, 40, 91, 71, 175, 48, 74, 124, 87, 19, 153, 72, 140, 80, 139, 128, 94, 3, 31, 149, 160, 46, 172, 140, 122, 195, 62, 101, 61, 35, 196, 114, 76, 57, 9, 13, 108, 133, 102, 85, 3, 54, 161, 168, 21, 49, 175, 43, 116, 123, 43, 29, 70, 39, 180, 19, 81, 192, 122, 191, 82, 163, 168, 169, 179, 103, 64, 135, 93, 42, 189, 166, 157, 167, 156, 161, 107, 144, 123, 177, 66, 189, 97, 43, 165, 21, 7, 12, 159, 40, 10, 152, 65, 18, 197, 174, 138, 124, 73, 164, 122, 130, 167, 69, 87, 10, 86, 141, 28, 194, 179, 198, 55, 6, 184, 15, 103, 33, 161, 38, 184, 56, 14, 146, 142, 61, 44, 104, 42, 121, 24, 132, 38, 86, 186, 69, 77, 105, 67, 87, 136, 62, 81, 108, 119, 95, 126, 82, 79, 29, 72], "q": [0, 76.72678802087313, 24.749999999999996, 116.99999999999997, 27.12203787091974, 60.80655945808968, 46.010599959595986, 0.7499999999999998, 43.7149859887888, 92.98984412886769, 0, 74.98906494677539, 50.28866809236606, 80.25445643562593, 119.05880899790658, 59.99999999999998, 54.232877354512425, 0, 53.90419324933356, 126.99606293110035, 167.56424970075741, 8.819171036881968, 20.999999999999996, 48.340058395441986, 26.0292622129303, 110.31449223575223, 131.24999999999994, 63.930517838596536, 56.66568626602874, 4.930261577682947, 89.59958939500271, 84.27204624178633, 0, 0, 71.27059891635678, 0, 79.94701965400021, 153.45357604174626, 25.637360203951324, 69.41136590114748, 65.99999999999999, 59.087296790218005, 85.52471869962812, 113.41321392776773, 41.65170101605532, 3.7499999999999987, 57.749999999999986, 11.139408411270608, 53.79694332498001, 5.249999999999999, 24.789773536124095, 68.24999999999999, 44.00184802662027, 108.45525922054291, 15.776837048585431, 45.86108104182958, 0, 0, 16.75642497007574, 0, 44.621592365023375, 46.01577472504084, 49.57954707224819, 67.32077257246151, 42.07156546289448, 30.896305886813135, 2.2499999999999996, 10.189207260544759, 131.40564844954133, 52.589456828618104, 34.49999999999999, 106.5960262053336, 104.99999999999997, 107.59388664996003, 171.97383521919838, 38.42414898099235, 62.59417817871335, 20.049730415910652, 11.50394368126021, 121.46989032700807, 70.65085457795368, 24.9799919935936, 18.7349939951952, 7.937253933193772, 9.749999999999996, 0, 64.41483994343439, 76.49999999999999, 27.938148940203366, 1.8592330152093073, 40.499999999999986, 120.74999999999997, 148.1620734196171, 18.520259177452136, 43.21393808072165, 131.24999999999994, 20.82585050802766, 102.30238402783084, 40.42814493700017, 0, 9.531839050187031, 23.00788736252042, 24.170029197720993, 134.99999999999994, 14.249999999999995, 71.43528539874394, 143.99999999999997, 91.49999999999999, 168.4461668044456, 0, 143.7524879011761, 81.36611361275922, 149.04399052330527, 110.93423657415532, 49.885176798298815, 39.66363765779855, 44.37235419914652, 69.74999999999999, 37.04051835490427, 91.53687781435413, 124.49999999999997, 138.46098527904692, 147.28015631592888, 116.99999999999997, 0, 66.31264420913196, 89.24318473004675, 0, 109.69474789734912, 31.965258919298268, 0, 0, 26.6490065513334, 145.5163221085525, 13.01463110646515, 5.249999999999999, 7.436932060837229, 119.24999999999997, 29.99999999999999, 6.197443384031024, 73.61695993535359, 31.480936814460414, 15.874507866387544, 95.41145465305694, 0, 66.83645046762365, 76.8482979619847, 35.355513653163236, 0, 59.087296790218005, 62.96187362892083, 80.88179150792136, 22.67920325734156, 0, 4.843221048378526, 53.2980131026668, 0, 0, 93.95848833854338, 157.86316156018725, 0, 48.50544070285083, 0, 0, 9.296165076046536, 63.83366685551955, 24.749999999999996, 120.74999999999997, 23.55028485931789, 60.47787535291082, 34.70568295057374, 10.499999999999998, 70.71102730632647, 125.23222872372396, 0, 21.31017261286551, 0, 0, 106.71196954627182, 0, 0, 23.55028485931789, 28.26683304538223, 90.08391149984057, 33.418225233811825, 67.90761698399116, 50.85382100797452, 32.449581024136116, 76.72678802087313, 101.99999999999997, 54.67886042866821, 26.623412519487914, 66.93238854753506, 0, 46.010599959595986, 61.02458520956942, 72.31720250243215, 0, 17.97258581368997, 0], "B": 9056.945912013538}, "solution": [0.0, 0.0, 0.0, 1.0, 0.0, 0.0, 0.0, 0.0, 0.0, 1.0, 0.0, 0.0, 0.0, 0.0, 1.0, 0.0, 0.0, 0.0, 0.0, 1.0, 1.0, 0.0, 0.0, 0.0, 0.0, 1.0, 1.0, 0.0, 0.0, 0.0, 1.0, 1.0, 0.0, 0.0, 0.0, 0.0, 0.0, 1.0, 0.0, 0.0, 0.0, 0.0, 0.0, 1.0, 0.0, 0.0, 0.0, 0.0, 0.0, 0.0, 0.0, 0.0, 0.0, 1.0, 0.0, 0.0, 0.0, 0.0, 0.0, 0.0, 0.0, 0.0, 0.0, 0.0, 0.0, 0.0, 0.0, 0.0, 1.0, 0.0, 0.0, 1.0, 1.0, 1.0, 1.0, 0.0, 0.0, 0.0, 0.0, 1.0, 0.0, 0.0, 0.0, 0.0, 0.0, 0.0, 0.0, 0.0, 0.0, 0.0, 0.0, 1.0, 1.0, 0.0, 0.0, 1.0, 0.0, 1.0, 0.0, 0.0, 0.0, 0.0, 0.0, 1.0, 0.0, 0.0, 1.0, 1.0, 1.0, 0.0, 1.0, 0.0, 1.0, 1.0, 0.0, 0.0, 0.0, 0.0, 0.0, 0.0, 1.0, 1.0, 1.0, 1.0, 0.0, 0.0, 0.0, 0.0, 1.0, 0.0, 0.0, 0.0, 0.0, 1.0, 0.0, 0.0, 0.0, 1.0, 0.0, 0.0, 0.0, 0.0, 0.0, 0.0, 0.0, 0.0, 0.0, 0.0, 0.0, 0.0, 0.0, 1.0, 0.0, 0.0, 0.0, 0.0, 0.0, 0.0, 1.0, 1.0, 0.0, 0.0, 0.0, 0.0, 0.0, 0.0, 0.0, 1.0, 0.0, 0.0, 0.0, 0.0, 0.0, 1.0, 0.0, 0.0, 0.0, 0.0, 1.0, 0.0, 0.0, 0.0, 0.0, 1.0, 0.0, 0.0, 0.0, 0.0, 0.0, 1.0, 0.0, 0.0, 0.0, 0.0, 0.0, 0.0, 0.0, 0.0, 0.0, 0.0], "objective_value": 6202.646000000002, "solve_time": 57.589362382888794}