{"instance": {"c": [110.804, 99.584, 87.161, 92.5, 101.32900000000001, 88.225, 112.849, 150.656, 134.00900000000001, 98.224, 158.804, 117.089, 123.824, 94.964, 133.001, 92.801, 102.4, 80.609, 95.6, 85.876, 154.1, 86.384, 86.129, 138.644, 136.56400000000002, 135.536, 155.264, 137.08100000000002, 82.544, 125.696, 130.025, 94.025, 142.9, 130.51600000000002, 83.924, 103.856, 114.944, 100.976, 94.964, 94.336, 121.98400000000001, 140.756, 116.225, 83.924, 91.904, 127.12100000000001, 88.225, 137.08100000000002, 138.121, 94.025, 99.929, 109.601, 135.536, 156.436, 98.561, 121.98400000000001, 114.521, 81.236, 114.944, 86.641, 87.956, 134.00900000000001, 88.225, 105.344, 102.761, 91.025, 107.636, 111.616, 113.681, 87.689, 121.529, 91.316, 85.129, 122.441, 116.656, 131.50400000000002, 91.316, 136.56400000000002, 155.849, 110.0, 152.94400000000002, 146.176, 86.9, 95.6, 120.176, 91.904, 125.696, 103.489, 104.596, 104.969, 112.849, 103.489, 86.129, 120.625, 117.961, 141.289, 124.756, 101.32900000000001, 81.236, 122.9, 110.0, 87.956, 129.536, 100.276, 124.756, 101.32900000000001, 150.656, 104.225, 156.436, 97.889, 153.52100000000002, 158.209, 83.68900000000001, 130.025, 81.881, 115.79599999999999, 91.316, 158.804, 126.16900000000001, 117.524, 141.289, 155.264, 147.284, 120.625, 94.649, 80.609, 117.089, 97.225, 126.16900000000001, 87.956, 133.001, 119.284, 97.225, 94.964, 96.896, 137.08100000000002, 148.4, 90.736, 85.376, 110.40100000000001, 144.529, 147.284, 141.289, 143.441, 91.609, 119.729, 125.225, 158.209, 107.636, 96.244, 82.1, 94.336, 94.649, 150.089, 159.401, 118.4, 137.6, 98.9, 98.224, 155.264, 111.616, 103.124, 91.025, 126.644, 133.001, 108.025, 82.544, 151.225, 130.51600000000002, 134.00900000000001, 128.08100000000002, 146.176, 93.71600000000001, 155.264, 85.876, 83.456, 138.644, 121.529, 99.584, 95.281, 85.876, 158.804, 95.281, 102.4, 99.241, 114.521, 90.736, 147.284, 135.536, 89.6, 138.121, 86.641, 126.16900000000001, 157.025, 91.609, 151.796, 104.225, 126.644, 142.9, 108.025], "p": [102, 72, 31, 50, 77, 35, 107, 184, 153, 68, 198, 117, 132, 58, 151, 51, 80, 3, 60, 26, 190, 28, 27, 162, 158, 156, 192, 159, 12, 136, 145, 55, 170, 146, 18, 84, 112, 76, 58, 56, 128, 166, 115, 18, 48, 139, 35, 159, 161, 55, 73, 99, 156, 194, 69, 128, 111, 6, 112, 29, 34, 153, 35, 88, 81, 45, 94, 104, 109, 33, 127, 46, 23, 129, 116, 148, 46, 158, 193, 100, 188, 176, 30, 60, 124, 48, 136, 83, 86, 87, 107, 83, 27, 125, 119, 167, 134, 77, 6, 130, 100, 34, 144, 74, 134, 77, 184, 85, 194, 67, 189, 197, 17, 145, 9, 114, 46, 198, 137, 118, 167, 192, 178, 125, 57, 3, 117, 65, 137, 34, 151, 122, 65, 58, 64, 159, 180, 44, 24, 101, 173, 178, 167, 171, 47, 123, 135, 197, 94, 62, 10, 56, 57, 183, 199, 120, 160, 70, 68, 192, 104, 82, 45, 138, 151, 95, 12, 185, 146, 153, 141, 176, 54, 192, 26, 16, 162, 127, 72, 59, 26, 198, 59, 80, 71, 111, 44, 178, 156, 40, 161, 29, 137, 195, 47, 186, 85, 138, 170, 95], "q": [76.49999999999999, 23.665255572878145, 15.013985249973427, 37.499999999999986, 37.29280207251465, 30.867098629086893, 51.82246521765022, 60.47787535291082, 134.93331686429414, 32.933903128973974, 148.49999999999994, 56.66568626602874, 0, 0, 133.16948265691772, 31.606961258558226, 38.74576838702821, 1.4529663145135576, 44.999999999999986, 0, 167.56424970075741, 24.693678903269515, 8.874470839829305, 142.8705707974879, 139.3429023827351, 96.68011679088397, 0, 52.26077272343924, 5.8118652580542305, 0, 70.22670520148861, 18.077625784837473, 82.33475782243492, 47.987879356114014, 5.916313893219536, 0, 54.24407574183948, 67.02569988030297, 28.090682080595446, 41.99999999999999, 42.07156546289448, 146.39823921224067, 101.42046692414264, 13.499999999999996, 15.776837048585431, 122.58647741265936, 21.691051844108582, 52.26077272343924, 120.74999999999997, 26.637715766081886, 35.355513653163236, 87.30979326513149, 75.554248354705, 145.49999999999997, 33.418225233811825, 0, 68.79162156274437, 4.499999999999999, 36.812619780032676, 14.045341040297723, 29.985181525398698, 0, 16.951273669324838, 28.924201255739955, 39.23009049186605, 39.68626966596886, 58.25596780989162, 91.71937878357248, 67.55213288593816, 10.846575470902483, 41.74288135771562, 34.49999999999999, 14.254119783271355, 79.94701965400021, 102.30238402783084, 130.52373134585315, 28.50823956654271, 76.5228925643807, 144.74999999999994, 0, 165.80041549338102, 131.99999999999997, 14.529663145135574, 29.059326290271148, 40.756829042179035, 0, 84.28523002282192, 0, 64.49999999999999, 65.24999999999999, 94.36513009463708, 40.19873470154176, 20.249999999999993, 77.4680423003878, 89.24999999999997, 125.24999999999996, 118.17689189421839, 67.90761698399116, 5.291502622129181, 62.96187362892083, 0, 16.466951564486987, 89.24318473004675, 35.83983575800108, 83.04574134601572, 37.29280207251465, 60.47787535291082, 63.74999999999998, 120.23040165020187, 0, 141.74999999999997, 173.7376694265748, 5.587629788040674, 0, 7.937253933193772, 70.65085457795368, 22.278816822541216, 122.70937900381428, 66.35212836278579, 0, 0, 118.99091297339567, 156.98124445649904, 0, 0, 1.8592330152093073, 72.51008759316298, 48.749999999999986, 0, 16.466951564486987, 113.24999999999997, 107.59388664996003, 40.283381996201655, 0, 39.66363765779855, 77.00721466921854, 0, 21.31017261286551, 14.873864121674458, 48.9165325886231, 107.21577054373671, 86.20933466113775, 0, 82.81907992727277, 41.450103873345256, 40.42814493700017, 83.66548568441883, 95.41145465305694, 58.25596780989162, 30.027970499946854, 6.197443384031024, 18.406309890016338, 18.7349939951952, 113.41321392776773, 96.38009886273265, 74.36932060837229, 52.589456828618104, 0, 50.999999999999986, 0, 0, 72.31720250243215, 27.888495228139607, 121.70456030897117, 49.631299882008335, 83.78212485037871, 10.583005244258363, 60.80655945808968, 0, 94.82088377567466, 124.35031162003577, 131.99999999999997, 40.499999999999986, 63.107348194341725, 19.499999999999993, 14.11067365901115, 121.49999999999996, 0, 0, 28.575004185433297, 22.92984469589312, 95.89577675789481, 52.03310911760362, 0, 53.24999999999998, 97.89279850938986, 27.268750889736506, 58.50577072183764, 0, 0, 77.97585887889426, 0, 66.35212836278579, 64.09340050987832, 41.450103873345256, 0, 0, 103.49999999999997, 105.3565375285274, 31.224989991991997], "B": 9656.259275540688}, "solution": [0.0, 0.0, 0.0, 0.0, 0.0, 0.0, 0.0, 0.0, 1.0, 0.0, 1.0, 0.0, 0.0, 0.0, 1.0, 0.0, 0.0, 0.0, 0.0, 0.0, 1.0, 0.0, 0.0, 1.0, 1.0, 1.0, 0.0, 0.0, 0.0, 0.0, 0.0, 0.0, 0.0, 0.0, 0.0, 0.0, 0.0, 0.0, 0.0, 0.0, 0.0, 1.0, 1.0, 0.0, 0.0, 1.0, 0.0, 0.0, 1.0, 0.0, 0.0, 0.0, 0.0, 1.0, 0.0, 0.0, 0.0, 0.0, 0.0, 0.0, 0.0, 0.0, 0.0, 0.0, 0.0, 0.0, 0.0, 0.0, 0.0, 0.0, 0.0, 0.0, 0.0, 0.0, 1.0, 1.0, 0.0, 0.0, 1.0, 0.0, 1.0, 1.0, 0.0, 0.0, 0.0, 0.0, 1.0, 0.0, 0.0, 0.0, 0.0, 0.0, 0.0, 0.0, 1.0, 1.0, 1.0, 0.0, 0.0, 0.0, 0.0, 0.0, 1.0, 0.0, 0.0, 0.0, 0.0, 0.0, 1.0, 0.0, 1.0, 1.0, 0.0, 0.0, 0.0, 0.0, 0.0, 1.0, 0.0, 0.0, 0.0, 1.0, 1.0, 0.0, 0.0, 0.0, 0.0, 0.0, 0.0, 0.0, 1.0, 1.0, 0.0, 0.0, 0.0, 1.0, 0.0, 0.0, 0.0, 0.0, 1.0, 1.0, 0.0, 1.0, 0.0, 0.0, 1.0, 1.0, 0.0, 0.0, 0.0, 0.0, 0.0, 1.0, 1.0, 0.0, 0.0, 0.0, 0.0, 0.0, 0.0, 0.0, 0.0, 1.0, 0.0, 0.0, 0.0, 0.0, 0.0, 1.0, 1.0, 1.0, 0.0, 0.0, 0.0, 0.0, 1.0, 0.0, 0.0, 0.0, 0.0, 1.0, 0.0, 0.0, 0.0, 1.0, 0.0, 0.0, 0.0, 0.0, 1.0, 0.0, 0.0, 0.0, 0.0, 0.0, 0.0, 1.0, 1.0, 0.0], "objective_value": 6713.29, "solve_time": 11.505175352096558}