{"instance": {"c": [83.68900000000001, 151.225, 122.9, 144.529, 145.625, 83.225, 100.976, 94.336, 150.656, 82.996, 83.225, 85.376, 119.729, 94.336, 97.556, 87.424, 105.721, 154.1, 132.5, 86.384, 160.0, 122.441, 91.316, 94.336, 97.225, 112.849, 81.881, 82.321, 120.176, 135.025, 81.881, 110.0, 148.961, 108.809, 121.529, 121.529, 117.961, 150.656, 94.025, 99.584, 137.08100000000002, 117.961, 145.625, 85.625, 157.025, 130.025, 150.089, 124.756, 137.6, 137.08100000000002, 136.049, 108.025, 155.264, 96.896, 158.804, 93.104, 93.104, 133.50400000000002, 106.481, 131.00900000000001, 112.436, 84.4, 92.5, 155.849, 117.524, 107.249, 152.369, 108.809, 131.00900000000001, 111.616, 154.681, 131.00900000000001, 104.969, 116.225, 91.609, 89.881, 90.449, 81.449, 145.07600000000002, 138.644, 82.769, 85.376, 135.536, 122.441, 123.824, 88.225, 142.361, 112.436, 85.129, 120.176, 96.569, 102.4, 95.6, 114.521, 81.664, 91.609, 82.1, 123.361, 84.641, 116.656, 97.889, 92.201, 86.384, 98.9, 92.201, 81.236, 117.089, 85.625, 98.561, 89.6, 132.5, 132.5, 112.025, 129.536, 126.16900000000001, 97.556, 92.201, 122.9, 127.6, 120.625, 85.625, 151.796, 148.4, 104.596, 83.924, 82.544, 121.529, 125.225, 126.644, 154.1, 107.636, 83.68900000000001, 91.904, 83.225, 129.049, 94.649, 114.944, 81.664, 104.225, 138.644, 86.384, 155.264, 157.025, 122.9, 144.529, 90.736, 115.369, 81.664, 106.864, 130.51600000000002, 153.52100000000002, 88.769, 104.596, 148.961, 117.961, 145.625, 123.824, 108.416, 105.344, 106.864, 84.641, 91.609, 110.40100000000001, 92.201, 104.225, 130.51600000000002, 115.79599999999999, 118.84100000000001, 158.209, 126.644, 86.9, 109.601, 104.969, 95.921, 112.436, 143.441, 94.336, 103.489, 96.244, 117.961, 107.636, 134.00900000000001, 81.025, 154.681, 123.361, 97.556, 83.225, 144.529, 127.6, 82.996, 152.369, 133.50400000000002, 123.824, 89.321, 112.436, 117.524, 114.521, 133.001, 103.124, 121.98400000000001], "p": [17, 185, 130, 173, 175, 15, 76, 56, 184, 14, 15, 24, 123, 56, 66, 32, 89, 190, 150, 28, 200, 129, 46, 56, 65, 107, 9, 11, 124, 155, 9, 100, 181, 97, 127, 127, 119, 184, 55, 72, 159, 119, 175, 25, 195, 145, 183, 134, 160, 159, 157, 95, 192, 64, 198, 52, 52, 152, 91, 147, 106, 20, 50, 193, 118, 93, 187, 97, 147, 104, 191, 147, 87, 115, 47, 41, 43, 7, 174, 162, 13, 24, 156, 129, 132, 35, 169, 106, 23, 124, 63, 80, 60, 111, 8, 47, 10, 131, 21, 116, 67, 49, 28, 70, 49, 6, 117, 25, 69, 40, 150, 150, 105, 144, 137, 66, 49, 130, 140, 125, 25, 186, 180, 86, 18, 12, 127, 135, 138, 190, 94, 17, 48, 15, 143, 57, 112, 8, 85, 162, 28, 192, 195, 130, 173, 44, 113, 8, 92, 146, 189, 37, 86, 181, 119, 175, 132, 96, 88, 92, 21, 47, 101, 49, 85, 146, 114, 121, 197, 138, 30, 99, 87, 61, 106, 171, 56, 83, 62, 119, 94, 153, 5, 191, 131, 66, 15, 173, 140, 14, 187, 152, 132, 39, 106, 118, 111, 151, 82, 128], "q": [8.233475782243493, 60.80655945808968, 97.49999999999997, 0, 108.45525922054291, 13.228756555322953, 36.808479967676796, 49.38735780653903, 162.2727470786282, 0, 0, 17.999999999999996, 76.22855362358159, 34.70568295057374, 49.49999999999999, 0, 29.25288536091882, 142.49999999999994, 112.49999999999997, 0, 65.73682103577262, 42.40024956807334, 0, 49.38735780653903, 40.283381996201655, 35.16919925413836, 0, 8.249999999999998, 60.05594099989371, 96.06037245248086, 0, 74.99999999999997, 112.17372525096152, 85.5459590577551, 95.24999999999999, 95.24999999999999, 73.74957626996918, 114.03295826617084, 41.249999999999986, 34.87119154832538, 0, 0, 0, 12.108052620946314, 146.24999999999994, 127.87798003478855, 0, 64.89916204827223, 119.99999999999996, 0, 97.29986112928707, 83.78212485037871, 63.107348194341725, 47.999999999999986, 0, 45.85968939178624, 38.999999999999986, 134.05139976060593, 68.24999999999999, 48.31656346129288, 34.84051514895949, 12.394886768062047, 0, 119.61065731179878, 38.78472441110585, 82.01829064300232, 115.89219128138014, 60.115200825100935, 91.10241774525605, 34.183146938601766, 92.50552202402983, 0, 42.136023120893164, 71.27059891635678, 29.12798390494581, 25.409517874527197, 14.133416522691116, 6.173419725817379, 57.19103430112219, 121.49999999999996, 8.056676399240331, 14.873864121674458, 96.68011679088397, 113.76730637577741, 63.930517838596536, 16.951273669324838, 149.04399052330527, 93.48321299094887, 11.139408411270608, 76.8482979619847, 30.51229260478471, 70.55336829505575, 52.91502622129181, 0, 4.957954707224819, 41.450103873345256, 0, 63.44619573375868, 10.170764201594903, 56.18136416119089, 0, 43.21393808072165, 24.693678903269515, 23.00788736252042, 0, 1.972104631073179, 0, 18.749999999999993, 33.418225233811825, 19.372884193514103, 49.30261577682948, 49.30261577682948, 0, 107.99999999999997, 66.35212836278579, 0, 36.74999999999999, 0, 123.46839451634757, 0, 8.217102629471578, 139.49999999999997, 158.74507866387543, 75.84487091718493, 8.717797887081344, 7.436932060837229, 0, 83.66548568441883, 121.70456030897117, 117.75142429658945, 30.896305886813135, 12.749999999999996, 15.776837048585431, 0, 0, 42.74999999999999, 69.41136590114748, 2.629472841430905, 0, 100.39858282130258, 24.693678903269515, 92.98984412886769, 0, 62.96187362892083, 107.21577054373671, 38.80435256228066, 54.72839784667734, 4.957954707224819, 0, 109.49999999999997, 0, 22.93054052091479, 28.26683304538223, 135.74999999999997, 57.63433047570445, 154.33549314543447, 43.38630188360993, 59.49545648669783, 65.99999999999999, 0, 6.902366208756126, 29.12798390494581, 62.59417817871335, 36.74999999999999, 27.938148940203366, 90.48267340685295, 0, 58.602974685380154, 173.7376694265748, 121.70456030897117, 22.499999999999993, 61.35468950190714, 28.595517150561093, 0, 93.48321299094887, 56.2049819855856, 34.70568295057374, 51.438780087457495, 0, 57.63433047570445, 70.49999999999997, 134.93331686429414, 3.098721692015512, 0, 0, 40.90312633460476, 7.264831572567787, 0, 123.46839451634757, 4.6015774725040846, 140.24999999999997, 73.61695993535359, 0, 24.170029197720993, 34.84051514895949, 0, 68.79162156274437, 0, 0, 0], "B": 3782.1476291619156}, "solution": [0.0, 0.0, 0.0, 0.0, 0.0, 0.0, 0.0, 0.0, 1.0, 0.0, 0.0, 0.0, 0.0, 0.0, 0.0, 0.0, 0.0, 1.0, 0.0, 0.0, 0.0, 0.0, 0.0, 0.0, 0.0, 0.0, 0.0, 0.0, 0.0, 0.0, 0.0, 0.0, 0.0, 0.0, 0.0, 0.0, 0.0, 0.0, 0.0, 0.0, 0.0, 0.0, 0.0, 0.0, 1.0, 1.0, 0.0, 0.0, 1.0, 0.0, 0.0, 0.0, 0.0, 0.0, 0.0, 0.0, 0.0, 1.0, 0.0, 0.0, 0.0, 0.0, 0.0, 0.0, 0.0, 0.0, 1.0, 0.0, 0.0, 0.0, 0.0, 0.0, 0.0, 0.0, 0.0, 0.0, 0.0, 0.0, 0.0, 1.0, 0.0, 0.0, 0.0, 0.0, 0.0, 0.0, 1.0, 0.0, 0.0, 0.0, 0.0, 0.0, 0.0, 0.0, 0.0, 0.0, 0.0, 0.0, 0.0, 0.0, 0.0, 0.0, 0.0, 0.0, 0.0, 0.0, 0.0, 0.0, 0.0, 0.0, 0.0, 0.0, 0.0, 0.0, 0.0, 0.0, 0.0, 0.0, 0.0, 0.0, 0.0, 1.0, 1.0, 0.0, 0.0, 0.0, 0.0, 0.0, 0.0, 0.0, 0.0, 0.0, 0.0, 0.0, 0.0, 0.0, 0.0, 0.0, 0.0, 0.0, 0.0, 0.0, 0.0, 0.0, 0.0, 0.0, 0.0, 0.0, 0.0, 0.0, 0.0, 0.0, 0.0, 1.0, 0.0, 1.0, 0.0, 0.0, 0.0, 0.0, 0.0, 0.0, 0.0, 0.0, 0.0, 0.0, 0.0, 0.0, 1.0, 1.0, 0.0, 0.0, 0.0, 0.0, 0.0, 0.0, 0.0, 0.0, 0.0, 0.0, 0.0, 1.0, 0.0, 0.0, 0.0, 0.0, 0.0, 0.0, 0.0, 0.0, 1.0, 0.0, 0.0, 0.0, 0.0, 0.0, 0.0, 0.0, 0.0, 0.0], "objective_value": 2462.297, "solve_time": 16.75338339805603}