{"instance": {"c": [107.636, 126.644, 96.896, 95.6, 124.289, 84.884, 102.041, 94.649, 151.796, 156.436, 122.9, 80.609, 81.236, 101.684, 118.84100000000001, 100.625, 97.556, 143.441, 100.276, 149.524, 80.609, 130.025, 104.969, 151.225, 102.4, 118.4, 92.801, 119.729, 107.636, 150.089, 151.225, 109.20400000000001, 146.176, 90.736, 115.369, 119.729, 121.076, 91.904, 89.6, 130.025, 137.08100000000002, 90.736, 158.209, 110.0, 140.225, 103.489, 84.161, 80.609, 146.72899999999998, 114.944, 85.625, 83.456, 82.769, 134.00900000000001, 146.176, 92.201, 115.79599999999999, 93.104, 81.664, 83.225, 102.041, 111.616, 84.161, 102.761, 102.761, 129.536, 158.804, 157.025, 147.841, 80.404, 84.641, 159.401, 86.129, 95.921, 100.625, 84.884, 110.40100000000001, 100.625, 108.416, 131.00900000000001, 84.884, 108.809, 122.441, 100.625, 81.449, 123.824, 130.51600000000002, 116.656, 152.94400000000002, 85.129, 113.26400000000001, 125.696, 112.436, 81.025, 147.284, 155.264, 93.71600000000001, 109.601, 90.449, 125.696, 82.996, 83.68900000000001, 122.441, 133.50400000000002, 132.5, 112.849, 108.809, 92.801, 80.816, 110.804, 134.00900000000001, 89.881, 104.225, 114.944, 91.609, 92.5, 123.824, 157.616, 109.601, 143.441, 89.881, 125.225, 103.856, 138.644, 85.876, 82.321, 100.625, 140.756, 109.20400000000001, 81.881, 92.801, 133.001, 150.656, 103.489, 147.841, 107.249, 95.6, 99.929, 155.264, 103.489, 93.104, 94.025, 102.041, 133.50400000000002, 97.889, 101.32900000000001, 94.964, 101.684, 81.664, 103.124, 123.824, 125.696, 154.681, 82.544, 88.496, 91.904, 129.049, 99.584, 96.244, 154.1, 158.209, 91.025, 90.736, 135.536, 86.384, 92.5, 113.681, 133.50400000000002, 153.52100000000002, 106.481, 80.816, 104.596, 121.076, 153.52100000000002, 127.12100000000001, 96.896, 91.316, 121.076, 119.729, 156.436, 82.1, 95.921, 90.736, 157.025, 104.225, 146.72899999999998, 109.20400000000001, 115.79599999999999, 125.696, 80.609, 117.089, 108.809, 153.52100000000002, 85.129, 82.321, 85.625, 92.801, 80.201, 115.369, 122.441], "p": [94, 138, 64, 60, 133, 22, 79, 57, 186, 194, 130, 3, 6, 78, 121, 75, 66, 171, 74, 182, 3, 145, 87, 185, 80, 120, 51, 123, 94, 183, 185, 98, 176, 44, 113, 123, 126, 48, 40, 145, 159, 44, 197, 100, 165, 83, 19, 3, 177, 112, 25, 16, 13, 153, 176, 49, 114, 52, 8, 15, 79, 104, 19, 81, 81, 144, 198, 195, 179, 2, 21, 199, 27, 61, 75, 22, 101, 75, 96, 147, 22, 97, 129, 75, 7, 132, 146, 116, 188, 23, 108, 136, 106, 5, 178, 192, 54, 99, 43, 136, 14, 17, 129, 152, 150, 107, 97, 51, 4, 102, 153, 41, 85, 112, 47, 50, 132, 196, 99, 171, 41, 135, 84, 162, 26, 11, 75, 166, 98, 9, 51, 151, 184, 83, 179, 93, 60, 73, 192, 83, 52, 55, 79, 152, 67, 77, 58, 78, 8, 82, 132, 136, 191, 12, 36, 48, 143, 72, 62, 190, 197, 45, 44, 156, 28, 50, 109, 152, 189, 91, 4, 86, 126, 189, 139, 64, 46, 126, 123, 194, 10, 61, 44, 195, 85, 177, 98, 114, 136, 3, 117, 97, 189, 23, 11, 25, 51, 1, 113, 129], "q": [58.25596780989162, 85.52471869962812, 0, 52.91502622129181, 64.41483994343439, 0, 38.26144628219035, 42.74999999999999, 61.135243563268546, 145.49999999999997, 62.96187362892083, 1.8592330152093073, 4.499999999999999, 25.637360203951324, 90.74999999999997, 24.65130788841474, 49.49999999999999, 0, 0, 160.50891287125185, 1.8592330152093073, 47.659195250935156, 0, 114.65270260457393, 26.294728414309052, 39.44209262146357, 31.606961258558226, 76.22855362358159, 82.90020774669051, 137.24999999999994, 89.59958939500271, 60.73494516350404, 57.84840251147991, 21.31017261286551, 0, 59.57161889505586, 111.12155506471281, 29.747728243348917, 29.99999999999999, 89.86292906844984, 52.26077272343924, 38.80435256228066, 147.74999999999997, 0, 102.2578158365119, 73.19911960612033, 16.75642497007574, 2.6457513110645907, 85.7250125562999, 0, 15.49360846007756, 9.915909414449638, 8.056676399240331, 0, 155.21741024912265, 23.731783137054773, 37.4699879903904, 32.226705596961324, 2.629472841430905, 7.264831572567787, 48.95980273384509, 34.183146938601766, 6.2449979983984, 50.19929141065129, 39.23009049186605, 69.74238309665076, 174.61958653026298, 94.44281044338125, 110.93423657415532, 1.7638342073763937, 0, 65.40813693059377, 16.733097136883764, 0, 24.65130788841474, 19.40217628114033, 0, 56.249999999999986, 31.553674097170862, 110.24999999999996, 13.634375444868253, 0, 0, 0, 3.3902547338649676, 116.41305768684198, 70.71102730632647, 0, 140.99999999999994, 17.249999999999996, 66.93238854753506, 65.86780625794795, 51.33814311281237, 3.098721692015512, 58.50577072183764, 118.99091297339567, 0, 87.30979326513149, 37.92243545859247, 119.94072610159479, 12.346839451634757, 14.992590762699349, 62.477551524082976, 49.9599839871872, 132.28756555322954, 0, 46.97924416927169, 24.70042734673048, 1.3147364207154526, 0, 94.82088377567466, 25.409517874527197, 63.74999999999998, 0, 0, 37.499999999999986, 0, 94.92713254821909, 32.53972641270745, 82.81907992727277, 36.158601251216076, 101.24999999999997, 40.68305680637961, 0, 22.92984469589312, 9.701088140570166, 66.14378277661477, 102.87756017491499, 32.21104230752859, 7.937253933193772, 44.97777228809804, 49.631299882008335, 137.99999999999997, 0, 0, 69.74999999999999, 19.721046310731786, 35.355513653163236, 169.3280839081338, 51.438780087457495, 45.85968939178624, 18.077625784837473, 69.67145119136755, 94.20113943727156, 32.449581024136116, 47.720314057038884, 35.94517162737994, 58.499999999999986, 7.055336829505575, 61.499999999999986, 43.38630188360993, 44.701038304325394, 62.77866408916286, 3.944209262146358, 0, 35.99999999999999, 126.11414582741214, 0, 20.378414521089518, 117.75142429658945, 147.74999999999997, 14.790784733048842, 0, 0, 9.203154945008169, 24.216105241892627, 81.74999999999999, 94.20113943727156, 166.68233259706923, 68.24999999999999, 2.4789773536124096, 53.2980131026668, 41.41419725253676, 117.13167995818634, 104.24999999999997, 56.4426946360446, 34.49999999999999, 111.12155506471281, 76.22855362358159, 145.49999999999997, 8.819171036881968, 37.80440464258925, 21.31017261286551, 171.97383521919838, 74.96295381349674, 85.7250125562999, 0, 0, 65.86780625794795, 2.6457513110645907, 0, 85.5459590577551, 117.13167995818634, 17.249999999999996, 0, 8.217102629471578, 38.24999999999999, 0.48432210483785254, 70.03111023955057, 113.76730637577741], "B": 6921.746485043913}, "solution": [0.0, 0.0, 0.0, 0.0, 0.0, 0.0, 0.0, 0.0, 0.0, 1.0, 0.0, 0.0, 0.0, 0.0, 0.0, 0.0, 0.0, 0.0, 0.0, 1.0, 0.0, 0.0, 0.0, 1.0, 0.0, 0.0, 0.0, 0.0, 0.0, 1.0, 0.0, 0.0, 0.0, 0.0, 0.0, 0.0, 1.0, 0.0, 0.0, 0.0, 0.0, 0.0, 1.0, 0.0, 1.0, 0.0, 0.0, 0.0, 0.0, 0.0, 0.0, 0.0, 0.0, 0.0, 1.0, 0.0, 0.0, 0.0, 0.0, 0.0, 0.0, 0.0, 0.0, 0.0, 0.0, 0.0, 1.0, 1.0, 1.0, 0.0, 0.0, 0.0, 0.0, 0.0, 0.0, 0.0, 0.0, 0.0, 0.0, 1.0, 0.0, 0.0, 0.0, 0.0, 0.0, 1.0, 0.0, 0.0, 1.0, 0.0, 0.0, 0.0, 0.0, 0.0, 0.0, 1.0, 0.0, 0.0, 0.0, 1.0, 0.0, 0.0, 0.0, 0.0, 1.0, 0.0, 0.0, 0.0, 0.0, 0.0, 1.0, 0.0, 0.0, 0.0, 0.0, 0.0, 0.0, 1.0, 0.0, 0.0, 0.0, 0.0, 0.0, 0.0, 0.0, 0.0, 0.0, 1.0, 0.0, 0.0, 0.0, 0.0, 1.0, 0.0, 0.0, 0.0, 0.0, 0.0, 1.0, 0.0, 0.0, 0.0, 0.0, 0.0, 0.0, 0.0, 0.0, 0.0, 0.0, 0.0, 0.0, 0.0, 0.0, 0.0, 0.0, 0.0, 1.0, 0.0, 0.0, 1.0, 1.0, 0.0, 0.0, 0.0, 0.0, 0.0, 0.0, 0.0, 1.0, 0.0, 0.0, 0.0, 0.0, 1.0, 0.0, 0.0, 0.0, 1.0, 0.0, 1.0, 0.0, 0.0, 0.0, 1.0, 0.0, 0.0, 0.0, 0.0, 0.0, 0.0, 0.0, 0.0, 1.0, 0.0, 0.0, 0.0, 0.0, 0.0, 0.0, 1.0], "objective_value": 4655.066999999999, "solve_time": 18.05254292488098}