{"instance": {"c": [130.025, 142.361, 121.529, 146.72899999999998, 133.50400000000002, 113.26400000000001, 115.369, 91.609, 158.209, 115.79599999999999, 130.51600000000002, 121.98400000000001, 131.00900000000001, 80.201, 129.049, 95.281, 108.025, 146.72899999999998, 142.361, 157.616, 106.864, 80.816, 117.524, 99.241, 87.689, 157.616, 88.225, 108.809, 116.225, 88.225, 82.996, 135.536, 111.616, 91.609, 96.569, 87.161, 120.625, 100.276, 130.51600000000002, 143.98399999999998, 136.56400000000002, 87.424, 157.616, 146.176, 84.4, 139.16899999999998, 91.316, 135.025, 123.361, 84.641, 125.696, 128.08100000000002, 108.809, 108.025, 140.225, 112.849, 114.1, 86.384, 80.816, 140.756, 141.824, 150.089, 123.824, 110.40100000000001, 144.529, 114.944, 98.224, 117.524, 90.736, 101.684, 93.71600000000001, 136.049, 83.225, 154.681, 99.929, 83.924, 104.596, 117.961, 93.71600000000001, 143.98399999999998, 152.94400000000002, 94.649, 99.241, 147.284, 101.684, 154.681, 102.761, 122.441, 147.284, 149.524, 109.601, 91.316, 103.124, 86.641, 87.161, 152.369, 104.969, 117.089, 80.404, 84.4, 99.584, 85.625, 85.625, 127.12100000000001, 101.684, 102.041, 108.025, 84.161, 115.369, 100.276, 94.649, 124.756, 114.944, 93.409, 121.529, 89.6, 95.281, 130.51600000000002, 101.32900000000001, 152.369, 90.164, 123.361, 81.025, 118.4, 101.684, 104.969, 149.524, 108.025, 155.849, 85.876, 112.436, 158.209, 122.441, 128.08100000000002, 127.6, 151.225, 98.561, 121.529, 81.881, 114.944, 96.896, 93.71600000000001, 108.025, 123.361, 84.4, 107.249, 127.6, 153.52100000000002, 148.4, 91.609, 160.0, 101.684, 123.824, 122.441, 82.1, 158.209, 127.6, 138.644, 94.025, 127.6, 82.321, 106.481, 90.164, 99.929, 160.0, 141.289, 102.761, 131.00900000000001, 103.124, 114.1, 134.00900000000001, 154.681, 91.316, 83.68900000000001, 80.816, 85.376, 89.881, 132.001, 102.041, 138.644, 141.289, 106.481, 125.696, 85.625, 146.72899999999998, 128.56400000000002, 126.16900000000001, 80.816, 110.40100000000001, 156.436, 92.201, 120.625, 136.56400000000002, 128.56400000000002, 138.644, 81.449, 102.4, 95.6, 101.684, 89.044], "p": [145, 169, 127, 177, 152, 108, 113, 47, 197, 114, 146, 128, 147, 1, 143, 59, 95, 177, 169, 196, 92, 4, 118, 71, 33, 196, 35, 97, 115, 35, 14, 156, 104, 47, 63, 31, 125, 74, 146, 172, 158, 32, 196, 176, 20, 163, 46, 155, 131, 21, 136, 141, 97, 95, 165, 107, 110, 28, 4, 166, 168, 183, 132, 101, 173, 112, 68, 118, 44, 78, 54, 157, 15, 191, 73, 18, 86, 119, 54, 172, 188, 57, 71, 178, 78, 191, 81, 129, 178, 182, 99, 46, 82, 29, 31, 187, 87, 117, 2, 20, 72, 25, 25, 139, 78, 79, 95, 19, 113, 74, 57, 134, 112, 53, 127, 40, 59, 146, 77, 187, 42, 131, 5, 120, 78, 87, 182, 95, 193, 26, 106, 197, 129, 141, 140, 185, 69, 127, 9, 112, 64, 54, 95, 131, 20, 93, 140, 189, 180, 47, 200, 78, 132, 129, 10, 197, 140, 162, 55, 140, 11, 91, 42, 73, 200, 167, 81, 147, 82, 110, 153, 191, 46, 17, 4, 24, 41, 149, 79, 162, 167, 91, 136, 25, 177, 142, 137, 4, 101, 194, 49, 125, 158, 142, 162, 7, 80, 60, 78, 38], "q": [0, 126.74999999999997, 78.70753097719401, 58.17708661665877, 134.05139976060593, 35.49788335931722, 0, 22.763138927379067, 95.41145465305694, 70.65085457795368, 128.75989713847676, 79.3272753155971, 91.10241774525605, 0.48432210483785254, 0, 19.392362205552924, 58.875712148294724, 58.17708661665877, 55.54761377522787, 0, 68.99999999999999, 3.5276684147527875, 0, 53.24999999999998, 20.45156316730238, 94.92713254821909, 30.867098629086893, 0, 86.24999999999997, 21.691051844108582, 0, 51.27472040790265, 91.71937878357248, 35.249999999999986, 0, 23.249999999999993, 93.74999999999997, 24.322623783235873, 0, 151.68974183436987, 51.93208861826037, 10.51789136572362, 146.99999999999997, 57.84840251147991, 0, 122.24999999999997, 0, 96.06037245248086, 115.53114058315379, 6.902366208756126, 119.94072610159479, 105.74999999999997, 85.5459590577551, 83.78212485037871, 54.232877354512425, 80.24999999999999, 36.155251569674945, 20.999999999999996, 3.5276684147527875, 80.39746940308352, 104.1170488517212, 113.41321392776773, 116.41305768684198, 48.9165325886231, 83.78772413694848, 69.41136590114748, 0, 38.78472441110585, 32.99999999999999, 37.7771241773525, 40.499999999999986, 138.46098527904692, 9.296165076046536, 143.24999999999997, 54.749999999999986, 8.717797887081344, 75.84487091718493, 104.94813533889544, 0, 0, 91.05255570951627, 18.7349939951952, 44.00184802662027, 156.98124445649904, 68.78953408767936, 0, 60.74999999999998, 79.94701965400021, 58.50577072183764, 88.14662308048915, 0, 15.119468838227705, 39.71441259670391, 0, 23.249999999999993, 164.91849838969281, 28.595517150561093, 56.66568626602874, 1.7638342073763937, 6.573682103577263, 53.999999999999986, 18.749999999999993, 8.217102629471578, 0, 37.7771241773525, 59.249999999999986, 31.224989991991997, 6.2449979983984, 54.72839784667734, 24.322623783235873, 35.32542728897684, 0, 0, 17.420257574479745, 78.70753097719401, 13.147364207154526, 36.564915965783044, 0, 67.90761698399116, 164.91849838969281, 26.0292622129303, 43.05761777843107, 0, 89.99999999999997, 37.7771241773525, 65.24999999999999, 136.49999999999997, 46.010599959595986, 170.21000101182202, 0, 93.48321299094887, 64.75076872023604, 0, 105.74999999999997, 104.99999999999997, 89.59958939500271, 51.749999999999986, 78.70753097719401, 0, 36.812619780032676, 30.996614709622563, 26.153393661244035, 31.224989991991997, 0, 12.394886768062047, 30.567621781634273, 46.01577472504084, 141.74999999999997, 111.55398091255843, 41.450103873345256, 65.73682103577262, 58.499999999999986, 0, 0, 7.499999999999997, 95.41145465305694, 86.76420737643433, 0, 48.50544070285083, 104.99999999999997, 5.327543153216378, 68.24999999999999, 37.04051835490427, 35.355513653163236, 123.94886768062048, 103.4973045133181, 50.19929141065129, 91.10241774525605, 39.71441259670391, 97.01088140570165, 50.28866809236606, 92.50552202402983, 0, 12.749999999999996, 3.5276684147527875, 14.873864121674458, 0, 92.34190642206225, 48.95980273384509, 53.24682503897583, 80.88179150792136, 44.073311540244575, 44.701038304325394, 12.108052620946314, 156.09932735281086, 0, 84.90497436122503, 2.999999999999999, 75.74999999999999, 120.23040165020187, 30.36747258175202, 77.4680423003878, 97.91960546769018, 88.00369605324055, 142.8705707974879, 3.3902547338649676, 70.55336829505575, 44.999999999999986, 68.78953408767936, 0], "B": 8033.981332961359}, "solution": [0.0, 1.0, 0.0, 0.0, 1.0, 0.0, 0.0, 0.0, 1.0, 0.0, 1.0, 0.0, 1.0, 0.0, 0.0, 0.0, 0.0, 0.0, 0.0, 0.0, 0.0, 0.0, 0.0, 0.0, 0.0, 0.0, 0.0, 0.0, 0.0, 0.0, 0.0, 0.0, 0.0, 0.0, 0.0, 0.0, 0.0, 0.0, 0.0, 1.0, 0.0, 0.0, 1.0, 0.0, 0.0, 1.0, 0.0, 1.0, 1.0, 0.0, 1.0, 1.0, 0.0, 0.0, 0.0, 0.0, 0.0, 0.0, 0.0, 0.0, 1.0, 1.0, 1.0, 0.0, 0.0, 0.0, 0.0, 0.0, 0.0, 0.0, 0.0, 1.0, 0.0, 1.0, 0.0, 0.0, 0.0, 1.0, 0.0, 0.0, 0.0, 0.0, 0.0, 1.0, 0.0, 0.0, 0.0, 0.0, 0.0, 0.0, 0.0, 0.0, 0.0, 0.0, 0.0, 1.0, 0.0, 0.0, 0.0, 0.0, 0.0, 0.0, 0.0, 0.0, 0.0, 0.0, 0.0, 0.0, 0.0, 0.0, 0.0, 0.0, 0.0, 0.0, 0.0, 0.0, 0.0, 0.0, 0.0, 1.0, 0.0, 0.0, 0.0, 0.0, 0.0, 0.0, 1.0, 0.0, 1.0, 0.0, 0.0, 0.0, 0.0, 1.0, 1.0, 1.0, 0.0, 0.0, 0.0, 0.0, 0.0, 0.0, 0.0, 0.0, 0.0, 0.0, 0.0, 1.0, 1.0, 0.0, 0.0, 0.0, 0.0, 0.0, 0.0, 1.0, 0.0, 0.0, 0.0, 1.0, 0.0, 0.0, 0.0, 0.0, 1.0, 1.0, 0.0, 1.0, 0.0, 0.0, 0.0, 1.0, 0.0, 0.0, 0.0, 0.0, 0.0, 1.0, 0.0, 0.0, 0.0, 0.0, 0.0, 0.0, 1.0, 0.0, 0.0, 0.0, 0.0, 1.0, 0.0, 0.0, 1.0, 0.0, 1.0, 0.0, 0.0, 0.0, 0.0, 0.0], "objective_value": 5522.343000000001, "solve_time": 47.690075397491455}