{"instance": {"c": [87.161, 112.849, 114.521, 146.176, 112.436, 155.264, 107.249, 160.0, 91.609, 86.384, 98.9, 132.5, 103.489, 84.161, 82.1, 102.761, 154.1, 80.201, 122.441, 125.696, 142.9, 147.841, 136.56400000000002, 144.529, 100.625, 93.409, 116.656, 111.209, 111.616, 118.4, 139.16899999999998, 133.50400000000002, 153.52100000000002, 119.284, 160.0, 130.025, 103.856, 103.124, 121.98400000000001, 103.489, 106.1, 87.956, 126.16900000000001, 158.804, 81.025, 92.5, 98.561, 147.841, 118.4, 89.6, 147.284, 102.761, 158.804, 106.1, 102.761, 143.441, 85.625, 124.289, 96.244, 104.596, 127.12100000000001, 107.636, 95.921, 81.236, 91.609, 143.98399999999998, 135.025, 125.225, 121.076, 103.856, 128.56400000000002, 145.07600000000002, 88.496, 80.609, 103.124, 93.71600000000001, 122.9, 91.609, 98.561, 117.524, 131.50400000000002, 146.176, 103.124, 157.616, 84.161, 129.049, 85.376, 84.161, 117.089, 137.08100000000002, 84.4, 80.201, 83.225, 123.824, 106.481, 114.944, 83.456, 110.40100000000001, 151.796, 114.521, 104.596, 114.944, 155.849, 97.889, 143.441, 112.025, 82.1, 82.321, 83.68900000000001, 117.089, 140.225, 99.929, 134.51600000000002, 112.025, 87.161, 107.249, 134.51600000000002, 139.696, 113.26400000000001, 85.625, 134.00900000000001, 143.441, 134.00900000000001, 84.161, 81.881, 123.824, 86.641, 137.6, 147.841, 137.6, 89.044, 156.436, 115.79599999999999, 93.71600000000001, 103.856, 92.201, 110.0, 98.224, 107.636, 135.025, 122.441, 126.644, 139.16899999999998, 86.384, 110.804, 107.636, 89.881, 123.824, 81.881, 135.025, 99.584, 115.369, 124.289, 89.044, 98.9, 97.225, 81.449, 123.824, 156.436, 140.756, 89.6, 150.089, 108.025, 138.121, 103.489, 142.9, 94.964, 124.289, 98.9, 113.26400000000001, 118.4, 156.436, 97.889, 132.001, 139.696, 124.756, 119.729, 81.881, 157.616, 94.649, 150.656, 106.864, 109.20400000000001, 81.025, 131.50400000000002, 81.449, 89.044, 148.4, 115.369, 85.876, 106.481, 80.201, 80.816, 135.536, 159.401, 152.94400000000002, 94.964, 141.824, 83.68900000000001, 153.52100000000002], "p": [31, 107, 111, 176, 106, 192, 93, 200, 47, 28, 70, 150, 83, 19, 10, 81, 190, 1, 129, 136, 170, 179, 158, 173, 75, 53, 116, 103, 104, 120, 163, 152, 189, 122, 200, 145, 84, 82, 128, 83, 90, 34, 137, 198, 5, 50, 69, 179, 120, 40, 178, 81, 198, 90, 81, 171, 25, 133, 62, 86, 139, 94, 61, 6, 47, 172, 155, 135, 126, 84, 142, 174, 36, 3, 82, 54, 130, 47, 69, 118, 148, 176, 82, 196, 19, 143, 24, 19, 117, 159, 20, 1, 15, 132, 91, 112, 16, 101, 186, 111, 86, 112, 193, 67, 171, 105, 10, 11, 17, 117, 165, 73, 154, 105, 31, 93, 154, 164, 108, 25, 153, 171, 153, 19, 9, 132, 29, 160, 179, 160, 38, 194, 114, 54, 84, 49, 100, 68, 94, 155, 129, 138, 163, 28, 102, 94, 41, 132, 9, 155, 72, 113, 133, 38, 70, 65, 7, 132, 194, 166, 40, 183, 95, 161, 83, 170, 58, 133, 70, 108, 120, 194, 67, 149, 164, 134, 123, 9, 196, 57, 184, 92, 98, 5, 148, 7, 38, 180, 113, 26, 91, 1, 4, 156, 199, 188, 58, 168, 17, 189], "q": [23.249999999999993, 80.24999999999999, 68.79162156274437, 0, 51.33814311281237, 92.98984412886769, 30.567621781634273, 149.99999999999994, 0, 13.56101893545987, 52.499999999999986, 49.30261577682948, 73.19911960612033, 16.75642497007574, 4.843221048378526, 50.19929141065129, 167.56424970075741, 0.48432210483785254, 96.74999999999997, 119.94072610159479, 0, 134.24999999999997, 76.5228925643807, 107.21577054373671, 24.65130788841474, 25.669071556406184, 71.89034325475988, 90.83746167988427, 77.99999999999997, 39.44209262146357, 78.94450308856996, 0, 117.13167995818634, 0, 123.94886768062048, 127.87798003478855, 74.08103670980854, 39.71441259670391, 0, 73.19911960612033, 0, 21.07130750570548, 0, 0, 1.6434205258943158, 0, 51.749999999999986, 110.93423657415532, 39.44209262146357, 19.372884193514103, 110.31449223575223, 39.23009049186605, 65.0794528254149, 43.58898943540673, 71.43528539874394, 82.81907992727277, 12.108052620946314, 64.41483994343439, 46.499999999999986, 75.84487091718493, 0, 45.526277854758135, 20.049730415910652, 5.291502622129181, 41.450103873345256, 0, 50.94603630272379, 65.38348415311009, 0, 0, 106.49999999999996, 84.27204624178633, 22.310796182511687, 0.9860523155365895, 26.95209662466678, 17.74894167965861, 0, 15.448152943406567, 51.749999999999986, 38.78472441110585, 110.99999999999997, 155.21741024912265, 39.71441259670391, 94.92713254821909, 6.2449979983984, 69.25806099181291, 0, 14.249999999999995, 0, 77.00721466921854, 17.638342073763937, 0.7499999999999998, 11.249999999999996, 0, 56.39673479468232, 98.77471561307806, 0, 48.9165325886231, 90.08391149984057, 97.89279850938986, 53.2980131026668, 83.99999999999999, 63.43603229952059, 41.52287067300786, 150.8078247306817, 34.511831043780624, 6.197443384031024, 6.817187722434126, 12.749999999999996, 103.18430113151904, 54.232877354512425, 54.749999999999986, 50.617352197544925, 50.85382100797452, 10.189207260544759, 30.567621781634273, 95.44062811407777, 53.90419324933356, 66.93238854753506, 8.217102629471578, 50.28866809236606, 105.9762818669305, 94.82088377567466, 11.775142429658946, 4.358898943540672, 116.41305768684198, 25.57559600695771, 99.15909414449638, 110.93423657415532, 0, 12.4899959967968, 171.0919181155102, 0, 33.46619427376753, 0, 0, 61.97443384031024, 22.350519152162697, 45.526277854758135, 50.94603630272379, 79.94701965400021, 0, 122.24999999999997, 0, 0, 58.25596780989162, 25.409517874527197, 0, 0, 0, 63.49803146555018, 99.65663271676625, 117.29497479053019, 23.55028485931789, 52.499999999999986, 31.480936814460414, 4.338210368821717, 98.99999999999999, 120.23040165020187, 146.39823921224067, 35.276684147527874, 0, 83.78212485037871, 52.91814093379696, 0, 55.87629788040673, 19.063678100374062, 117.29497479053019, 0, 66.93238854753506, 74.36932060837229, 63.76471640469945, 41.52287067300786, 0, 79.42882519340782, 44.043670093967656, 108.47580375364822, 2.958156946609768, 146.99999999999997, 18.7349939951952, 89.11526729016487, 44.55763364508243, 0, 0, 91.72216208365916, 0, 12.4899959967968, 111.55398091255843, 70.03111023955057, 0, 29.910253571276545, 0.32868410517886315, 1.9372884193514102, 75.554248354705, 96.38009886273265, 61.79261177362627, 35.94517162737994, 148.1620734196171, 0, 166.68233259706923], "B": 5272.50233242342}, "solution": [0.0, 0.0, 0.0, 0.0, 0.0, 0.0, 0.0, 1.0, 0.0, 0.0, 0.0, 0.0, 0.0, 0.0, 0.0, 0.0, 1.0, 0.0, 0.0, 0.0, 0.0, 1.0, 0.0, 0.0, 0.0, 0.0, 0.0, 0.0, 0.0, 0.0, 0.0, 0.0, 1.0, 0.0, 1.0, 1.0, 0.0, 0.0, 0.0, 0.0, 0.0, 0.0, 0.0, 0.0, 0.0, 0.0, 0.0, 1.0, 0.0, 0.0, 1.0, 0.0, 0.0, 0.0, 0.0, 0.0, 0.0, 0.0, 0.0, 0.0, 0.0, 0.0, 0.0, 0.0, 0.0, 0.0, 0.0, 0.0, 0.0, 0.0, 0.0, 0.0, 0.0, 0.0, 0.0, 0.0, 0.0, 0.0, 0.0, 0.0, 1.0, 1.0, 0.0, 1.0, 0.0, 0.0, 0.0, 0.0, 0.0, 0.0, 0.0, 0.0, 0.0, 0.0, 0.0, 0.0, 0.0, 0.0, 0.0, 0.0, 0.0, 0.0, 0.0, 0.0, 1.0, 0.0, 0.0, 0.0, 0.0, 0.0, 0.0, 0.0, 0.0, 0.0, 0.0, 0.0, 0.0, 0.0, 0.0, 0.0, 0.0, 0.0, 0.0, 0.0, 0.0, 1.0, 0.0, 0.0, 1.0, 0.0, 0.0, 1.0, 0.0, 0.0, 0.0, 0.0, 0.0, 0.0, 0.0, 0.0, 0.0, 0.0, 1.0, 0.0, 0.0, 0.0, 0.0, 0.0, 0.0, 0.0, 0.0, 0.0, 0.0, 0.0, 0.0, 0.0, 0.0, 0.0, 1.0, 1.0, 0.0, 0.0, 0.0, 0.0, 0.0, 0.0, 0.0, 1.0, 0.0, 0.0, 0.0, 0.0, 0.0, 0.0, 0.0, 0.0, 0.0, 0.0, 1.0, 0.0, 0.0, 0.0, 0.0, 0.0, 0.0, 0.0, 0.0, 1.0, 0.0, 0.0, 0.0, 0.0, 0.0, 0.0, 1.0, 0.0, 0.0, 1.0, 0.0, 1.0], "objective_value": 3528.8620000000005, "solve_time": 164.74289655685425}