{"instance": {"c": [130.025, 129.049, 103.124, 104.969, 155.849, 97.556, 87.956, 86.641, 87.689, 126.16900000000001, 146.176, 104.969, 92.5, 94.964, 158.209, 127.6, 94.336, 132.5, 114.521, 81.236, 143.441, 146.72899999999998, 82.544, 105.721, 160.0, 85.625, 91.316, 141.289, 122.441, 120.176, 81.236, 122.9, 81.236, 86.9, 151.796, 112.436, 105.344, 119.284, 83.68900000000001, 128.08100000000002, 150.089, 87.424, 137.6, 125.696, 150.656, 99.584, 86.129, 98.224, 80.404, 112.025, 102.4, 87.161, 157.025, 103.124, 95.921, 95.921, 90.736, 97.225, 134.00900000000001, 141.289, 127.12100000000001, 93.409, 91.904, 88.225, 116.225, 118.4, 84.4, 117.524, 92.801, 108.809, 113.26400000000001, 151.225, 88.496, 90.736, 115.369, 81.664, 124.756, 144.529, 99.929, 84.4, 151.796, 142.9, 155.849, 80.404, 91.316, 117.961, 127.12100000000001, 121.529, 106.481, 157.025, 104.225, 98.224, 129.049, 110.0, 91.904, 103.124, 95.281, 87.689, 103.856, 83.225, 83.225, 83.456, 120.625, 140.756, 91.025, 82.544, 145.625, 80.816, 82.1, 87.161, 107.636, 103.489, 95.281, 111.209, 150.656, 139.696, 142.361, 89.044, 130.025, 159.401, 94.649, 112.849, 145.07600000000002, 120.625, 102.4, 123.361, 133.001, 112.436, 84.4, 111.209, 145.07600000000002, 90.736, 87.424, 89.6, 90.164, 155.849, 87.424, 123.824, 89.321, 133.50400000000002, 105.721, 136.56400000000002, 137.08100000000002, 103.489, 112.436, 146.176, 148.4, 81.025, 82.1, 98.9, 90.164, 145.07600000000002, 112.025, 93.71600000000001, 128.08100000000002, 99.241, 157.616, 106.481, 133.50400000000002, 102.041, 141.824, 120.625, 81.025, 128.08100000000002, 93.409, 84.4, 81.236, 85.129, 151.796, 138.644, 119.729, 157.025, 139.696, 83.456, 142.361, 140.756, 97.889, 126.644, 135.025, 151.225, 91.609, 125.696, 82.996, 94.649, 101.32900000000001, 82.544, 150.089, 109.20400000000001, 134.00900000000001, 102.4, 134.51600000000002, 152.94400000000002, 133.001, 85.376, 89.6, 115.369, 137.6, 120.625, 93.409, 81.881], "p": [145, 143, 82, 87, 193, 66, 34, 29, 33, 137, 176, 87, 50, 58, 197, 140, 56, 150, 111, 6, 171, 177, 12, 89, 200, 25, 46, 167, 129, 124, 6, 130, 6, 30, 186, 106, 88, 122, 17, 141, 183, 32, 160, 136, 184, 72, 27, 68, 2, 105, 80, 31, 195, 82, 61, 61, 44, 65, 153, 167, 139, 53, 48, 35, 115, 120, 20, 118, 51, 97, 108, 185, 36, 44, 113, 8, 134, 173, 73, 20, 186, 170, 193, 2, 46, 119, 139, 127, 91, 195, 85, 68, 143, 100, 48, 82, 59, 33, 84, 15, 15, 16, 125, 166, 45, 12, 175, 4, 10, 31, 94, 83, 59, 103, 184, 164, 169, 38, 145, 199, 57, 107, 174, 125, 80, 131, 151, 106, 20, 103, 174, 44, 32, 40, 42, 193, 32, 132, 39, 152, 89, 158, 159, 83, 106, 176, 180, 5, 10, 70, 42, 174, 105, 54, 141, 71, 196, 91, 152, 79, 168, 125, 5, 141, 53, 20, 6, 23, 186, 162, 123, 195, 164, 16, 169, 166, 67, 138, 155, 185, 47, 136, 14, 57, 77, 12, 183, 98, 153, 80, 154, 188, 151, 24, 40, 113, 160, 125, 53, 9], "q": [0, 47.00182704057743, 61.499999999999986, 65.24999999999999, 170.21000101182202, 58.20652884342099, 21.07130750570548, 25.57559600695771, 15.982629459649134, 102.74999999999999, 155.21741024912265, 53.9177574410699, 24.216105241892627, 51.15119201391542, 147.74999999999997, 0, 0, 49.30261577682948, 0, 0, 128.24999999999997, 85.7250125562999, 5.8118652580542305, 55.15724611787611, 65.73682103577262, 15.49360846007756, 34.49999999999999, 125.24999999999996, 113.76730637577741, 60.05594099989371, 3.7184660304186146, 0, 3.7184660304186146, 14.529663145135574, 139.49999999999997, 65.69289987072885, 0, 75.6088092851785, 5.587629788040674, 87.38395171483744, 113.41321392776773, 10.51789136572362, 77.49153677405641, 0, 0, 23.665255572878145, 8.874470839829305, 22.350519152162697, 0.6573682103577263, 78.74999999999997, 70.55336829505575, 27.339430214334104, 0, 26.95209662466678, 0, 0, 21.31017261286551, 48.749999999999986, 134.93331686429414, 80.88179150792136, 86.14446303803123, 32.846449935364426, 29.747728243348917, 11.50394368126021, 71.27059891635678, 39.44209262146357, 17.638342073763937, 0, 31.606961258558226, 60.115200825100935, 80.99999999999997, 163.15466418231642, 0, 21.31017261286551, 70.03111023955057, 2.629472841430905, 83.04574134601572, 129.74999999999997, 35.355513653163236, 9.686442096757052, 139.49999999999997, 82.33475782243492, 0, 1.4999999999999996, 22.278816822541216, 0, 67.32077257246151, 112.003472168401, 68.24999999999999, 94.44281044338125, 0, 0, 107.24999999999997, 0, 15.776837048585431, 72.31720250243215, 36.564915965783044, 24.749999999999996, 62.999999999999986, 13.228756555322953, 9.296165076046536, 5.25894568286181, 77.4680423003878, 102.87756017491499, 39.68626966596886, 10.583005244258363, 57.519718406301045, 1.3147364207154526, 4.843221048378526, 10.189207260544759, 45.526277854758135, 0, 28.575004185433297, 77.24999999999997, 0, 53.90419324933356, 149.04399052330527, 33.51284994015148, 0, 96.38009886273265, 0, 94.36513009463708, 107.8355148821398, 110.23963796102463, 70.55336829505575, 115.53114058315379, 133.16948265691772, 34.84051514895949, 12.394886768062047, 49.885176798298815, 107.8355148821398, 27.268750889736506, 0, 29.99999999999999, 13.804732417512252, 0, 15.498307354811281, 63.930517838596536, 0, 73.61695993535359, 29.25288536091882, 118.49999999999997, 98.53934980609328, 73.19911960612033, 51.33814311281237, 0, 59.163138932195366, 4.409585518440984, 4.843221048378526, 61.734197258173786, 26.0292622129303, 107.8355148821398, 34.511831043780624, 26.153393661244035, 68.28941678213721, 34.38686944348753, 0, 68.24999999999999, 73.61695993535359, 25.966044309130186, 125.99999999999997, 77.4680423003878, 3.7499999999999987, 105.74999999999997, 39.74999999999999, 9.686442096757052, 0, 14.254119783271355, 139.49999999999997, 100.39858282130258, 0, 64.09340050987832, 0, 7.749153677405641, 104.7367931901243, 102.87756017491499, 59.08844594710919, 103.49999999999997, 96.06037245248086, 0, 22.763138927379067, 101.99999999999997, 12.346839451634757, 50.26927491022722, 67.90761698399116, 10.583005244258363, 0, 47.463566274109546, 114.74999999999997, 0, 0, 91.05255570951627, 49.631299882008335, 11.623730516108461, 29.99999999999999, 70.03111023955057, 0, 41.085513147357894, 17.420257574479745, 2.958156946609768], "B": 3018.8530165631337}, "solution": [0.0, 0.0, 0.0, 0.0, 1.0, 0.0, 0.0, 0.0, 0.0, 0.0, 1.0, 0.0, 0.0, 0.0, 1.0, 0.0, 0.0, 0.0, 0.0, 0.0, 1.0, 0.0, 0.0, 0.0, 0.0, 0.0, 0.0, 1.0, 0.0, 0.0, 0.0, 0.0, 0.0, 0.0, 1.0, 0.0, 0.0, 0.0, 0.0, 0.0, 0.0, 0.0, 0.0, 0.0, 0.0, 0.0, 0.0, 0.0, 0.0, 0.0, 0.0, 0.0, 0.0, 0.0, 0.0, 0.0, 0.0, 0.0, 1.0, 0.0, 0.0, 0.0, 0.0, 0.0, 0.0, 0.0, 0.0, 0.0, 0.0, 0.0, 0.0, 1.0, 0.0, 0.0, 0.0, 0.0, 0.0, 1.0, 0.0, 0.0, 1.0, 0.0, 0.0, 0.0, 0.0, 0.0, 0.0, 0.0, 0.0, 0.0, 0.0, 0.0, 0.0, 0.0, 0.0, 0.0, 0.0, 0.0, 0.0, 0.0, 0.0, 0.0, 0.0, 0.0, 0.0, 0.0, 0.0, 0.0, 0.0, 0.0, 0.0, 0.0, 0.0, 0.0, 0.0, 0.0, 1.0, 0.0, 0.0, 0.0, 0.0, 0.0, 0.0, 0.0, 0.0, 0.0, 1.0, 0.0, 0.0, 0.0, 0.0, 0.0, 0.0, 0.0, 0.0, 0.0, 0.0, 0.0, 0.0, 0.0, 0.0, 0.0, 0.0, 0.0, 0.0, 0.0, 0.0, 0.0, 0.0, 0.0, 0.0, 0.0, 0.0, 0.0, 0.0, 0.0, 0.0, 0.0, 0.0, 0.0, 1.0, 0.0, 0.0, 0.0, 0.0, 0.0, 0.0, 0.0, 1.0, 0.0, 0.0, 0.0, 0.0, 0.0, 0.0, 0.0, 0.0, 0.0, 0.0, 0.0, 0.0, 0.0, 0.0, 0.0, 0.0, 0.0, 0.0, 0.0, 0.0, 0.0, 0.0, 0.0, 0.0, 0.0, 0.0, 0.0, 0.0, 0.0, 0.0, 0.0], "objective_value": 2047.301, "solve_time": 52.33375644683838}