{"instance": {"c": [125.225, 147.841, 89.6, 128.08100000000002, 86.129, 138.121, 86.9, 99.584, 90.736, 138.644, 156.436, 84.161, 110.40100000000001, 133.001, 132.5, 104.969, 146.72899999999998, 114.944, 131.50400000000002, 81.881, 99.241, 114.1, 81.449, 92.801, 82.996, 108.809, 80.609, 107.636, 157.616, 94.964, 115.369, 90.736, 120.625, 84.161, 130.025, 113.681, 136.56400000000002, 84.161, 121.529, 122.9, 152.94400000000002, 86.129, 137.6, 88.496, 138.121, 86.384, 81.664, 87.161, 81.236, 96.244, 103.124, 127.6, 147.284, 89.6, 99.584, 139.16899999999998, 85.625, 114.1, 95.281, 126.644, 121.98400000000001, 136.56400000000002, 100.276, 94.025, 151.225, 83.225, 82.996, 135.536, 111.209, 96.896, 139.696, 106.864, 87.424, 103.856, 129.049, 118.4, 103.856, 158.804, 114.1, 91.025, 150.089, 106.864, 106.481, 115.79599999999999, 104.596, 146.176, 102.041, 84.641, 130.51600000000002, 118.4, 80.609, 105.344, 105.344, 119.284, 148.4, 131.50400000000002, 84.4, 84.4, 123.824, 111.209, 103.856, 128.08100000000002, 159.401, 138.644, 108.809, 97.556, 106.1, 111.209, 114.521, 145.07600000000002, 87.956, 108.416, 128.08100000000002, 88.496, 121.98400000000001, 111.616, 146.176, 91.609, 92.5, 112.436, 90.736, 141.824, 122.9, 140.225, 147.841, 136.049, 103.124, 128.56400000000002, 106.864, 97.556, 131.50400000000002, 135.536, 80.609, 122.9, 122.441, 91.316, 87.424, 102.041, 145.07600000000002, 151.225, 130.025, 86.9, 103.489, 106.481, 85.876, 144.529, 140.225, 83.225, 87.956, 156.436, 145.07600000000002, 129.536, 88.225, 84.884, 142.361, 106.481, 143.441, 96.244, 101.684, 114.1, 89.321, 85.625, 81.664, 113.26400000000001, 122.441, 154.681, 124.289, 91.609, 158.804, 119.729, 141.289, 121.98400000000001, 106.864, 148.4, 123.361, 107.636, 136.049, 103.124, 100.276, 134.00900000000001, 89.6, 113.26400000000001, 121.529, 110.0, 85.876, 84.4, 156.436, 82.544, 83.225, 137.6, 121.529, 90.449, 158.209, 147.841, 111.209, 80.201, 94.964, 83.456, 159.401, 110.40100000000001], "p": [135, 179, 40, 141, 27, 161, 30, 72, 44, 162, 194, 19, 101, 151, 150, 87, 177, 112, 148, 9, 71, 110, 7, 51, 14, 97, 3, 94, 196, 58, 113, 44, 125, 19, 145, 109, 158, 19, 127, 130, 188, 27, 160, 36, 161, 28, 8, 31, 6, 62, 82, 140, 178, 40, 72, 163, 25, 110, 59, 138, 128, 158, 74, 55, 185, 15, 14, 156, 103, 64, 164, 92, 32, 84, 143, 120, 84, 198, 110, 45, 183, 92, 91, 114, 86, 176, 79, 21, 146, 120, 3, 88, 88, 122, 180, 148, 20, 20, 132, 103, 84, 141, 199, 162, 97, 66, 90, 103, 111, 174, 34, 96, 141, 36, 128, 104, 176, 47, 50, 106, 44, 168, 130, 165, 179, 157, 82, 142, 92, 66, 148, 156, 3, 130, 129, 46, 32, 79, 174, 185, 145, 30, 83, 91, 26, 173, 165, 15, 34, 194, 174, 144, 35, 22, 169, 91, 171, 62, 78, 110, 39, 25, 8, 108, 129, 191, 133, 47, 198, 123, 167, 128, 92, 180, 131, 94, 157, 82, 74, 153, 40, 108, 127, 100, 26, 20, 194, 12, 15, 160, 127, 43, 197, 179, 103, 1, 58, 16, 199, 101], "q": [119.05880899790658, 134.24999999999997, 13.147364207154526, 105.74999999999997, 13.076696830622017, 52.91814093379696, 0, 53.999999999999986, 21.31017261286551, 0, 93.95848833854338, 6.2449979983984, 89.0736274725079, 0, 72.64831572567788, 0, 58.17708661665877, 83.99999999999999, 130.52373134585315, 4.358898943540672, 0, 36.155251569674945, 4.338210368821717, 31.606961258558226, 10.499999999999998, 60.115200825100935, 2.6457513110645907, 82.90020774669051, 0, 28.090682080595446, 99.65663271676625, 14.462100627869978, 41.085513147357894, 6.2449979983984, 47.659195250935156, 0, 139.3429023827351, 9.202119991919199, 61.50890731440727, 97.49999999999997, 140.99999999999994, 0, 0, 26.999999999999993, 141.9886536937997, 17.35284147528687, 5.999999999999998, 0, 5.291502622129181, 0, 50.81903574905439, 86.76420737643433, 86.20933466113775, 13.147364207154526, 0, 0, 12.108052620946314, 53.27543153216377, 19.392362205552924, 103.49999999999997, 42.07156546289448, 118.49999999999997, 0, 0, 163.15466418231642, 11.249999999999996, 4.6015774725040846, 75.554248354705, 0, 39.66363765779855, 101.63807149810879, 57.01647913308542, 10.51789136572362, 62.999999999999986, 0, 74.36932060837229, 40.68305680637961, 65.0794528254149, 68.17187722434127, 21.794494717703365, 88.63094518532702, 0, 68.24999999999999, 70.65085457795368, 53.2980131026668, 57.84840251147991, 48.95980273384509, 6.902366208756126, 90.48267340685295, 74.36932060837229, 1.8592330152093073, 0, 54.53750177947301, 107.59388664996003, 158.74507866387543, 91.72216208365916, 0, 17.638342073763937, 98.99999999999999, 90.83746167988427, 52.0585244258606, 0, 96.38009886273265, 100.39858282130258, 85.5459590577551, 31.965258919298268, 0, 77.24999999999997, 68.79162156274437, 107.8355148821398, 29.985181525398698, 71.99999999999999, 46.3444588302197, 0, 61.993229419245125, 50.36949890313666, 131.99999999999997, 22.763138927379067, 24.216105241892627, 93.48321299094887, 38.80435256228066, 0, 42.72893367325221, 123.74999999999996, 86.6936567659756, 51.603404513081514, 39.71441259670391, 46.673142935398566, 0, 49.49999999999999, 110.99999999999997, 51.27472040790265, 1.8592330152093073, 114.6492234794656, 113.76730637577741, 40.56818676965705, 19.831818828899276, 48.95980273384509, 130.49999999999997, 138.74999999999994, 89.86292906844984, 22.499999999999993, 40.19873470154176, 56.39673479468232, 19.499999999999993, 129.74999999999997, 145.5163221085525, 9.296165076046536, 16.466951564486987, 171.0919181155102, 84.27204624178633, 69.74238309665076, 16.951273669324838, 19.40217628114033, 126.74999999999997, 0, 150.8078247306817, 38.42414898099235, 48.340058395441986, 68.17187722434127, 12.818680101975662, 12.108052620946314, 5.999999999999998, 35.49788335931722, 62.477551524082976, 118.37116863499256, 0, 41.450103873345256, 65.0794528254149, 108.47580375364822, 125.24999999999996, 42.07156546289448, 0, 158.74507866387543, 81.18650833080642, 0, 0, 26.95209662466678, 55.499999999999986, 94.82088377567466, 19.372884193514103, 52.30678732248807, 0, 61.97443384031024, 22.92984469589312, 14.999999999999995, 171.0919181155102, 7.436932060837229, 9.296165076046536, 52.589456828618104, 0, 32.24999999999999, 0, 157.86316156018725, 0, 0.8819171036881969, 43.499999999999986, 5.25894568286181, 149.24999999999997, 75.74999999999999], "B": 10296.84136661086}, "solution": [1.0, 1.0, 0.0, 1.0, 0.0, 0.0, 0.0, 0.0, 0.0, 0.0, 1.0, 0.0, 0.0, 0.0, 0.0, 0.0, 0.0, 0.0, 1.0, 0.0, 0.0, 0.0, 0.0, 0.0, 0.0, 0.0, 0.0, 0.0, 0.0, 0.0, 1.0, 0.0, 0.0, 0.0, 0.0, 0.0, 1.0, 0.0, 0.0, 1.0, 1.0, 0.0, 0.0, 0.0, 1.0, 0.0, 0.0, 0.0, 0.0, 0.0, 0.0, 1.0, 1.0, 0.0, 0.0, 0.0, 0.0, 0.0, 0.0, 1.0, 0.0, 1.0, 0.0, 0.0, 1.0, 0.0, 0.0, 1.0, 0.0, 0.0, 1.0, 0.0, 0.0, 0.0, 0.0, 0.0, 0.0, 0.0, 0.0, 0.0, 1.0, 0.0, 0.0, 0.0, 0.0, 0.0, 0.0, 0.0, 1.0, 0.0, 0.0, 0.0, 0.0, 1.0, 1.0, 1.0, 0.0, 0.0, 1.0, 1.0, 0.0, 0.0, 1.0, 1.0, 0.0, 0.0, 0.0, 0.0, 0.0, 1.0, 0.0, 0.0, 0.0, 0.0, 0.0, 0.0, 1.0, 0.0, 0.0, 1.0, 0.0, 0.0, 0.0, 1.0, 1.0, 0.0, 0.0, 0.0, 0.0, 0.0, 1.0, 0.0, 0.0, 1.0, 1.0, 0.0, 0.0, 0.0, 1.0, 1.0, 1.0, 0.0, 0.0, 0.0, 0.0, 1.0, 1.0, 0.0, 0.0, 1.0, 1.0, 0.0, 0.0, 0.0, 1.0, 0.0, 1.0, 0.0, 0.0, 0.0, 0.0, 0.0, 0.0, 0.0, 0.0, 1.0, 0.0, 0.0, 0.0, 1.0, 1.0, 0.0, 0.0, 1.0, 1.0, 0.0, 0.0, 0.0, 0.0, 1.0, 0.0, 0.0, 0.0, 0.0, 0.0, 0.0, 1.0, 0.0, 0.0, 0.0, 0.0, 0.0, 0.0, 1.0, 0.0, 0.0, 0.0, 0.0, 1.0, 0.0], "objective_value": 7184.544999999997, "solve_time": 18.127707719802856}