{"instance": {"c": [138.121, 111.616, 114.1, 83.68900000000001, 123.361, 94.336, 128.56400000000002, 113.681, 85.625, 141.824, 134.51600000000002, 80.816, 150.656, 105.344, 128.56400000000002, 82.321, 108.809, 108.809, 118.84100000000001, 106.481, 135.025, 142.9, 138.644, 114.1, 89.881, 81.664, 131.50400000000002, 101.684, 91.609, 97.556, 109.20400000000001, 92.201, 139.16899999999998, 84.4, 91.316, 146.72899999999998, 94.964, 92.5, 109.20400000000001, 86.384, 92.201, 97.889, 86.129, 95.921, 116.656, 84.641, 109.601, 108.025, 137.08100000000002, 116.656, 83.456, 94.964, 136.049, 158.209, 115.79599999999999, 109.601, 82.544, 150.089, 148.4, 121.529, 128.08100000000002, 82.769, 86.9, 106.481, 112.025, 158.804, 97.556, 117.524, 111.209, 82.544, 117.961, 119.729, 142.9, 92.5, 84.641, 122.9, 150.656, 130.025, 121.529, 92.201, 80.201, 124.289, 84.161, 89.881, 136.56400000000002, 83.456, 151.796, 115.79599999999999, 81.881, 151.796, 81.025, 80.201, 96.896, 90.449, 121.529, 98.224, 91.025, 81.881, 150.656, 86.641, 108.416, 80.201, 85.129, 92.5, 152.369, 106.1, 128.56400000000002, 91.316, 95.921, 114.521, 127.6, 99.241, 132.001, 108.025, 86.129, 90.449, 127.6, 102.041, 126.644, 80.404, 127.12100000000001, 124.756, 143.98399999999998, 143.98399999999998, 141.289, 127.6, 88.225, 80.609, 90.736, 146.72899999999998, 124.756, 146.176, 143.441, 119.729, 106.481, 86.641, 102.041, 139.16899999999998, 135.025, 135.536, 106.481, 155.264, 156.436, 97.225, 113.26400000000001, 87.689, 100.276, 128.08100000000002, 111.209, 88.225, 108.416, 159.401, 145.625, 124.289, 111.209, 92.201, 80.404, 143.441, 91.904, 148.4, 146.176, 84.884, 98.9, 103.856, 118.84100000000001, 102.041, 152.369, 117.089, 134.00900000000001, 96.569, 129.536, 141.289, 141.289, 117.089, 98.9, 89.6, 136.049, 154.681, 109.601, 82.321, 85.376, 127.6, 92.801, 133.001, 121.529, 108.025, 141.824, 81.025, 117.089, 91.904, 147.284, 111.209, 87.161, 89.881, 117.961, 91.316, 157.025, 126.16900000000001, 102.4, 81.881], "p": [161, 104, 110, 17, 131, 56, 142, 109, 25, 168, 154, 4, 184, 88, 142, 11, 97, 97, 121, 91, 155, 170, 162, 110, 41, 8, 148, 78, 47, 66, 98, 49, 163, 20, 46, 177, 58, 50, 98, 28, 49, 67, 27, 61, 116, 21, 99, 95, 159, 116, 16, 58, 157, 197, 114, 99, 12, 183, 180, 127, 141, 13, 30, 91, 105, 198, 66, 118, 103, 12, 119, 123, 170, 50, 21, 130, 184, 145, 127, 49, 1, 133, 19, 41, 158, 16, 186, 114, 9, 186, 5, 1, 64, 43, 127, 68, 45, 9, 184, 29, 96, 1, 23, 50, 187, 90, 142, 46, 61, 111, 140, 71, 149, 95, 27, 43, 140, 79, 138, 2, 139, 134, 172, 172, 167, 140, 35, 3, 44, 177, 134, 176, 171, 123, 91, 29, 79, 163, 155, 156, 91, 192, 194, 65, 108, 33, 74, 141, 103, 35, 96, 199, 175, 133, 103, 49, 2, 171, 48, 180, 176, 22, 70, 84, 121, 79, 187, 117, 153, 63, 144, 167, 167, 117, 70, 40, 157, 191, 99, 11, 24, 140, 51, 151, 127, 95, 168, 5, 117, 48, 178, 103, 31, 41, 119, 46, 195, 137, 80, 9], "q": [77.97585887889426, 34.183146938601766, 0, 8.233475782243493, 81.18650833080642, 0, 106.49999999999996, 81.74999999999999, 22.047927592204925, 125.99999999999997, 135.81523396798232, 0, 114.03295826617084, 54.53750177947301, 46.673142935398566, 5.327543153216378, 60.115200825100935, 60.115200825100935, 90.74999999999997, 56.39673479468232, 50.94603630272379, 149.92590762699348, 100.39858282130258, 82.49999999999997, 19.857206298351954, 0, 110.99999999999997, 25.637360203951324, 0, 21.693150941804966, 73.49999999999999, 30.36747258175202, 143.7524879011761, 0, 34.49999999999999, 156.09932735281086, 51.15119201391542, 24.216105241892627, 60.73494516350404, 13.56101893545987, 30.36747258175202, 0, 20.249999999999993, 29.543648395109003, 0, 10.170764201594903, 61.35468950190714, 58.875712148294724, 52.26077272343924, 38.127356200748125, 9.915909414449638, 0, 97.29986112928707, 147.74999999999997, 70.65085457795368, 74.24999999999997, 7.436932060837229, 161.39082997494003, 158.74507866387543, 0, 87.38395171483744, 9.749999999999996, 26.457513110645905, 68.24999999999999, 65.07315553232576, 65.0794528254149, 40.90312633460476, 0, 0, 0, 89.24999999999997, 76.22855362358159, 82.33475782243492, 37.499999999999986, 13.01463110646515, 97.49999999999997, 114.03295826617084, 127.87798003478855, 78.70753097719401, 36.74999999999999, 0.7499999999999998, 0, 14.249999999999995, 36.158601251216076, 0, 11.999999999999996, 139.49999999999997, 100.53854982045443, 4.358898943540672, 0, 0, 0.48432210483785254, 30.996614709622563, 32.24999999999999, 41.74288135771562, 22.350519152162697, 33.749999999999986, 2.958156946609768, 114.03295826617084, 0, 59.49545648669783, 0.7499999999999998, 17.249999999999996, 24.216105241892627, 61.463927668447404, 43.58898943540673, 106.49999999999996, 28.50823956654271, 20.049730415910652, 53.75975363700163, 123.46839451634757, 44.00184802662027, 72.16399362084003, 71.24999999999997, 20.249999999999993, 14.133416522691116, 123.46839451634757, 38.26144628219035, 66.83645046762365, 0.6573682103577263, 0, 44.043670093967656, 151.68974183436987, 83.30340203211064, 80.88179150792136, 104.99999999999997, 0, 2.2499999999999996, 21.31017261286551, 109.69474789734912, 64.89916204827223, 131.99999999999997, 56.2049819855856, 40.42814493700017, 29.910253571276545, 14.045341040297723, 48.95980273384509, 122.24999999999997, 136.6971510716705, 75.554248354705, 68.24999999999999, 143.99999999999997, 120.23040165020187, 48.749999999999986, 66.93238854753506, 24.749999999999996, 65.26186567292658, 87.38395171483744, 0, 0, 71.99999999999999, 65.40813693059377, 84.7563683466242, 64.41483994343439, 49.885176798298815, 23.731783137054773, 1.2394886768062048, 82.81907992727277, 0, 87.17797887081346, 57.84840251147991, 0, 43.382103688217164, 27.609464835024504, 0, 48.95980273384509, 90.56823360467843, 72.51008759316298, 0, 55.560777532356404, 69.74238309665076, 0, 103.4973045133181, 72.51008759316298, 52.499999999999986, 0, 0, 143.24999999999997, 47.947888378947404, 8.249999999999998, 14.873864121674458, 123.46839451634757, 16.76288936412202, 73.13263783051572, 0, 71.24999999999997, 104.1170488517212, 4.409585518440984, 0, 23.247461032216922, 0, 0, 0, 19.857206298351954, 89.24999999999997, 15.119468838227705, 94.44281044338125, 102.74999999999999, 0, 2.958156946609768], "B": 3063.1729522671635}, "solution": [0.0, 0.0, 0.0, 0.0, 0.0, 0.0, 0.0, 0.0, 0.0, 0.0, 1.0, 0.0, 0.0, 0.0, 0.0, 0.0, 0.0, 0.0, 0.0, 0.0, 0.0, 1.0, 0.0, 0.0, 0.0, 0.0, 0.0, 0.0, 0.0, 0.0, 0.0, 0.0, 1.0, 0.0, 0.0, 1.0, 0.0, 0.0, 0.0, 0.0, 0.0, 0.0, 0.0, 0.0, 0.0, 0.0, 0.0, 0.0, 0.0, 0.0, 0.0, 0.0, 0.0, 1.0, 0.0, 0.0, 0.0, 1.0, 1.0, 0.0, 0.0, 0.0, 0.0, 0.0, 0.0, 0.0, 0.0, 0.0, 0.0, 0.0, 0.0, 0.0, 0.0, 0.0, 0.0, 0.0, 0.0, 0.0, 0.0, 0.0, 0.0, 0.0, 0.0, 0.0, 0.0, 0.0, 1.0, 0.0, 0.0, 0.0, 0.0, 0.0, 0.0, 0.0, 0.0, 0.0, 0.0, 0.0, 0.0, 0.0, 0.0, 0.0, 0.0, 0.0, 0.0, 0.0, 0.0, 0.0, 0.0, 0.0, 1.0, 0.0, 0.0, 0.0, 0.0, 0.0, 1.0, 0.0, 0.0, 0.0, 0.0, 0.0, 1.0, 0.0, 0.0, 0.0, 0.0, 0.0, 0.0, 0.0, 0.0, 0.0, 0.0, 0.0, 0.0, 0.0, 0.0, 0.0, 1.0, 0.0, 0.0, 1.0, 0.0, 0.0, 0.0, 0.0, 0.0, 0.0, 0.0, 0.0, 0.0, 0.0, 0.0, 0.0, 0.0, 0.0, 0.0, 0.0, 0.0, 0.0, 0.0, 0.0, 0.0, 0.0, 0.0, 0.0, 0.0, 0.0, 0.0, 0.0, 0.0, 0.0, 0.0, 0.0, 0.0, 0.0, 0.0, 1.0, 0.0, 0.0, 0.0, 0.0, 0.0, 0.0, 0.0, 0.0, 0.0, 0.0, 0.0, 0.0, 0.0, 0.0, 0.0, 0.0, 0.0, 0.0, 0.0, 0.0, 0.0, 0.0], "objective_value": 2015.962, "solve_time": 62.068217039108276}