{"instance": {"c": [150.089, 103.124, 120.176, 86.384, 142.9, 137.08100000000002, 97.556, 120.176, 124.289, 98.561, 91.316, 133.001, 112.849, 89.6, 106.864, 153.52100000000002, 136.56400000000002, 97.225, 98.561, 117.089, 103.489, 81.664, 82.544, 81.881, 131.50400000000002, 122.441, 101.684, 91.025, 116.225, 133.001, 127.12100000000001, 84.161, 149.524, 115.369, 86.641, 130.51600000000002, 131.50400000000002, 114.944, 83.225, 135.536, 154.681, 84.641, 151.225, 130.51600000000002, 154.681, 105.721, 97.225, 88.769, 95.921, 131.50400000000002, 103.489, 82.544, 89.6, 96.569, 111.616, 102.4, 150.089, 93.409, 155.264, 84.4, 118.4, 93.409, 136.56400000000002, 145.625, 89.044, 117.961, 98.561, 91.316, 110.40100000000001, 95.281, 140.756, 99.584, 103.489, 81.236, 105.344, 130.025, 114.1, 92.801, 136.049, 111.616, 86.384, 105.721, 99.929, 151.225, 119.284, 95.6, 102.041, 111.616, 82.544, 81.025, 116.656, 138.121, 84.161, 100.976, 107.249, 108.416, 89.321, 93.104, 83.225, 90.164, 113.681, 90.164, 83.924, 107.636, 95.6, 103.124, 95.6, 157.616, 88.496, 95.921, 154.681, 95.281, 129.536, 109.601, 109.601, 151.225, 116.225, 84.161, 155.849, 80.609, 137.6, 106.1, 83.456, 120.176, 81.664, 88.769, 95.6, 142.361, 90.449, 94.025, 83.225, 131.00900000000001, 82.996, 103.489, 152.94400000000002, 139.16899999999998, 129.049, 81.236, 121.529, 145.625, 137.6, 91.316, 107.249, 85.376, 118.4, 112.436, 135.536, 128.56400000000002, 86.9, 98.224, 99.584, 96.569, 103.489, 147.841, 118.84100000000001, 80.609, 84.884, 92.801, 124.756, 110.0, 110.804, 81.449, 107.636, 151.225, 97.556, 135.025, 83.225, 85.129, 154.681, 142.361, 90.736, 132.5, 81.664, 120.176, 125.225, 104.596, 84.641, 85.129, 106.864, 94.649, 126.16900000000001, 84.884, 117.089, 81.025, 90.736, 108.416, 122.441, 145.625, 156.436, 140.225, 144.529, 94.649, 145.07600000000002, 131.50400000000002, 140.756, 138.644, 110.804, 93.104, 101.32900000000001, 147.841], "p": [183, 82, 124, 28, 170, 159, 66, 124, 133, 69, 46, 151, 107, 40, 92, 189, 158, 65, 69, 117, 83, 8, 12, 9, 148, 129, 78, 45, 115, 151, 139, 19, 182, 113, 29, 146, 148, 112, 15, 156, 191, 21, 185, 146, 191, 89, 65, 37, 61, 148, 83, 12, 40, 63, 104, 80, 183, 53, 192, 20, 120, 53, 158, 175, 38, 119, 69, 46, 101, 59, 166, 72, 83, 6, 88, 145, 110, 51, 157, 104, 28, 89, 73, 185, 122, 60, 79, 104, 12, 5, 116, 161, 19, 76, 93, 96, 39, 52, 15, 42, 109, 42, 18, 94, 60, 82, 60, 196, 36, 61, 191, 59, 144, 99, 99, 185, 115, 19, 193, 3, 160, 90, 16, 124, 8, 37, 60, 169, 43, 55, 15, 147, 14, 83, 188, 163, 143, 6, 127, 175, 160, 46, 93, 24, 120, 106, 156, 142, 30, 68, 72, 63, 83, 179, 121, 3, 22, 51, 134, 100, 102, 7, 94, 185, 66, 155, 15, 23, 191, 169, 44, 150, 8, 124, 135, 86, 21, 23, 92, 57, 137, 22, 117, 5, 44, 96, 129, 175, 194, 165, 173, 57, 174, 148, 166, 162, 102, 52, 77, 179], "q": [0, 50.81903574905439, 76.8482979619847, 9.203154945008169, 55.87629788040673, 98.53934980609328, 40.90312633460476, 60.05594099989371, 99.74999999999997, 60.852280154485584, 40.56818676965705, 73.13263783051572, 80.24999999999999, 0, 81.1363735393141, 117.13167995818634, 139.3429023827351, 48.749999999999986, 42.76235934981406, 0, 40.19873470154176, 4.957954707224819, 8.999999999999998, 0, 91.72216208365916, 79.94701965400021, 25.637360203951324, 39.68626966596886, 101.42046692414264, 49.631299882008335, 67.32077257246151, 14.249999999999995, 112.79346958936463, 70.03111023955057, 21.749999999999993, 0, 91.72216208365916, 83.99999999999999, 9.296165076046536, 0, 118.37116863499256, 13.01463110646515, 0, 90.48267340685295, 168.4461668044456, 0, 31.480936814460414, 0, 37.80440464258925, 0, 51.438780087457495, 10.583005244258363, 29.99999999999999, 20.70709862626838, 77.99999999999997, 70.55336829505575, 60.149191247731956, 0, 118.99091297339567, 14.999999999999995, 39.44209262146357, 0, 76.5228925643807, 0, 12.4899959967968, 89.24999999999997, 51.749999999999986, 0, 48.9165325886231, 52.03310911760362, 54.56156145969128, 23.665255572878145, 0, 5.291502622129181, 42.62034522573102, 127.87798003478855, 97.01088140570165, 24.70042734673048, 0, 0, 13.56101893545987, 78.49062222824952, 54.749999999999986, 89.59958939500271, 59.087296790218005, 52.91502622129181, 38.26144628219035, 91.71937878357248, 10.583005244258363, 3.7499999999999987, 56.18136416119089, 99.77883848289949, 16.75642497007574, 0, 57.63622347148852, 84.6640419540669, 29.249999999999993, 17.091573469300883, 13.228756555322953, 13.804732417512252, 81.74999999999999, 13.804732417512252, 15.874507866387544, 70.49999999999997, 29.059326290271148, 26.95209662466678, 44.999999999999986, 172.8557523228866, 26.999999999999993, 37.80440464258925, 0, 0, 107.99999999999997, 61.35468950190714, 87.30979326513149, 163.15466418231642, 55.69704205635304, 11.775142429658946, 63.43603229952059, 0, 141.1067365901115, 67.49999999999997, 11.999999999999996, 76.8482979619847, 7.055336829505575, 32.63093283646329, 37.184660304186146, 104.7367931901243, 32.24999999999999, 41.249999999999986, 0, 48.31656346129288, 10.499999999999998, 40.19873470154176, 0, 78.94450308856996, 107.24999999999997, 2.9059326290271152, 78.70753097719401, 57.519718406301045, 52.589456828618104, 0, 82.01829064300232, 14.873864121674458, 39.44209262146357, 0, 116.99999999999997, 88.00369605324055, 0, 22.350519152162697, 34.87119154832538, 0, 73.19911960612033, 110.93423657415532, 106.71196954627182, 2.2499999999999996, 7.231050313934989, 16.76288936412202, 83.04574134601572, 32.86841051788631, 49.40085469346096, 5.249999999999999, 58.25596780989162, 138.74999999999994, 0, 96.06037245248086, 7.264831572567787, 20.284093384828527, 92.50552202402983, 126.74999999999997, 38.80435256228066, 92.96165076046536, 3.8745768387028203, 76.8482979619847, 119.05880899790658, 0, 13.01463110646515, 20.284093384828527, 30.23893767645541, 18.7349939951952, 84.90497436122503, 16.499999999999996, 0, 3.098721692015512, 0, 0, 113.76730637577741, 108.45525922054291, 63.76471640469945, 102.2578158365119, 152.57165893805805, 42.74999999999999, 84.27204624178633, 71.67967151600216, 146.39823921224067, 100.39858282130258, 0, 0, 37.29280207251465, 157.86316156018725], "B": 8208.756715409067}, "solution": [0.0, 0.0, 0.0, 0.0, 0.0, 1.0, 0.0, 0.0, 1.0, 0.0, 0.0, 0.0, 0.0, 0.0, 0.0, 1.0, 1.0, 0.0, 0.0, 0.0, 0.0, 0.0, 0.0, 0.0, 1.0, 0.0, 0.0, 0.0, 1.0, 0.0, 0.0, 0.0, 1.0, 0.0, 0.0, 0.0, 1.0, 0.0, 0.0, 0.0, 1.0, 0.0, 0.0, 1.0, 1.0, 0.0, 0.0, 0.0, 0.0, 0.0, 0.0, 0.0, 0.0, 0.0, 0.0, 0.0, 0.0, 0.0, 1.0, 0.0, 0.0, 0.0, 0.0, 0.0, 0.0, 1.0, 0.0, 0.0, 0.0, 0.0, 0.0, 0.0, 0.0, 0.0, 0.0, 1.0, 0.0, 0.0, 0.0, 0.0, 0.0, 0.0, 0.0, 1.0, 0.0, 0.0, 0.0, 1.0, 0.0, 0.0, 0.0, 1.0, 0.0, 0.0, 0.0, 0.0, 0.0, 0.0, 0.0, 0.0, 0.0, 0.0, 0.0, 0.0, 0.0, 0.0, 0.0, 1.0, 0.0, 0.0, 0.0, 0.0, 1.0, 0.0, 0.0, 1.0, 0.0, 0.0, 0.0, 0.0, 1.0, 0.0, 0.0, 0.0, 0.0, 0.0, 0.0, 1.0, 0.0, 0.0, 0.0, 0.0, 0.0, 0.0, 0.0, 0.0, 1.0, 0.0, 0.0, 0.0, 0.0, 0.0, 0.0, 0.0, 0.0, 0.0, 1.0, 1.0, 0.0, 0.0, 0.0, 0.0, 0.0, 1.0, 1.0, 0.0, 0.0, 0.0, 0.0, 0.0, 0.0, 0.0, 0.0, 1.0, 0.0, 1.0, 0.0, 0.0, 1.0, 1.0, 0.0, 1.0, 0.0, 0.0, 1.0, 0.0, 0.0, 0.0, 0.0, 0.0, 1.0, 0.0, 0.0, 0.0, 0.0, 0.0, 1.0, 1.0, 0.0, 1.0, 1.0, 0.0, 0.0, 1.0, 1.0, 1.0, 0.0, 0.0, 0.0, 1.0], "objective_value": 5781.222000000002, "solve_time": 100.1809778213501}