{"instance": {"c": [99.241, 90.449, 146.72899999999998, 121.529, 115.79599999999999, 131.50400000000002, 106.864, 112.849, 91.904, 98.224, 105.344, 109.20400000000001, 143.98399999999998, 99.584, 135.025, 107.636, 111.209, 148.4, 125.225, 98.9, 103.856, 85.876, 106.864, 155.849, 102.4, 99.929, 96.569, 89.044, 137.6, 87.161, 93.71600000000001, 90.164, 85.129, 131.00900000000001, 114.521, 86.384, 120.625, 119.284, 146.176, 159.401, 98.9, 133.50400000000002, 94.025, 140.756, 122.9, 120.176, 80.816, 149.524, 86.9, 131.50400000000002, 89.6, 81.236, 101.684, 131.00900000000001, 125.225, 93.71600000000001, 91.025, 140.225, 81.025, 91.316, 80.816, 81.025, 83.225, 97.225, 145.07600000000002, 150.089, 146.72899999999998, 98.9, 110.804, 155.849, 148.961, 86.384, 95.921, 110.0, 112.025, 129.536, 85.625, 103.489, 151.225, 104.596, 116.656, 107.249, 126.16900000000001, 80.609, 86.9, 109.20400000000001, 101.684, 133.50400000000002, 120.176, 94.025, 93.71600000000001, 86.384, 106.864, 101.32900000000001, 81.025, 158.804, 151.796, 137.08100000000002, 117.524, 80.609, 157.025, 99.241, 111.616, 146.72899999999998, 127.6, 92.201, 133.001, 102.041, 118.84100000000001, 146.176, 138.121, 118.4, 91.904, 145.625, 100.625, 104.596, 106.1, 129.536, 86.9, 102.041, 123.824, 140.225, 80.609, 118.84100000000001, 126.16900000000001, 126.16900000000001, 81.449, 91.025, 87.161, 158.804, 107.636, 121.98400000000001, 99.241, 88.496, 97.556, 157.025, 109.601, 114.1, 108.025, 154.681, 117.961, 158.804, 108.809, 84.884, 101.32900000000001, 144.529, 89.321, 123.361, 157.616, 151.225, 95.921, 86.9, 143.441, 142.9, 97.225, 83.456, 84.161, 109.20400000000001, 153.52100000000002, 85.376, 100.276, 85.876, 145.07600000000002, 102.4, 121.529, 157.616, 127.12100000000001, 91.904, 103.489, 81.025, 132.001, 92.5, 136.56400000000002, 157.025, 85.376, 150.656, 94.964, 138.644, 146.176, 80.201, 135.536, 133.001, 89.881, 81.449, 92.5, 147.284, 87.689, 84.884, 89.881, 126.16900000000001, 85.129, 106.1, 128.08100000000002, 152.94400000000002, 87.956, 96.244, 99.241, 159.401, 95.281, 101.684], "p": [71, 43, 177, 127, 114, 148, 92, 107, 48, 68, 88, 98, 172, 72, 155, 94, 103, 180, 135, 70, 84, 26, 92, 193, 80, 73, 63, 38, 160, 31, 54, 42, 23, 147, 111, 28, 125, 122, 176, 199, 70, 152, 55, 166, 130, 124, 4, 182, 30, 148, 40, 6, 78, 147, 135, 54, 45, 165, 5, 46, 4, 5, 15, 65, 174, 183, 177, 70, 102, 193, 181, 28, 61, 100, 105, 144, 25, 83, 185, 86, 116, 93, 137, 3, 30, 98, 78, 152, 124, 55, 54, 28, 92, 77, 5, 198, 186, 159, 118, 3, 195, 71, 104, 177, 140, 49, 151, 79, 121, 176, 161, 120, 48, 175, 75, 86, 90, 144, 30, 79, 132, 165, 3, 121, 137, 137, 7, 45, 31, 198, 94, 128, 71, 36, 66, 195, 99, 110, 95, 191, 119, 198, 97, 22, 77, 173, 39, 131, 196, 185, 61, 30, 171, 170, 65, 16, 19, 98, 189, 24, 74, 26, 174, 80, 127, 196, 139, 48, 83, 5, 149, 50, 158, 195, 24, 184, 58, 162, 176, 1, 156, 151, 41, 7, 50, 178, 33, 22, 41, 137, 23, 90, 141, 188, 34, 62, 71, 199, 59, 78], "q": [34.38686944348753, 0, 0, 61.50890731440727, 0, 130.52373134585315, 57.01647913308542, 66.31264420913196, 35.99999999999999, 0, 42.62034522573102, 86.4278761614433, 128.99999999999997, 34.87119154832538, 136.6971510716705, 0, 77.24999999999997, 111.55398091255843, 83.66548568441883, 61.734197258173786, 52.0585244258606, 16.113352798480662, 44.55763364508243, 63.43603229952059, 26.294728414309052, 45.24133670342648, 55.560777532356404, 28.49999999999999, 141.1067365901115, 10.189207260544759, 40.499999999999986, 26.0292622129303, 17.249999999999996, 129.64181424216494, 97.89279850938986, 9.203154945008169, 110.23963796102463, 107.59388664996003, 131.99999999999997, 65.40813693059377, 61.734197258173786, 113.99999999999996, 18.077625784837473, 102.87756017491499, 42.72893367325221, 40.756829042179035, 1.9372884193514102, 88.14662308048915, 26.457513110645905, 71.67967151600216, 0, 5.291502622129181, 37.7771241773525, 0, 83.66548568441883, 33.46619427376753, 0, 54.232877354512425, 2.421610524189263, 28.50823956654271, 2.999999999999999, 1.6434205258943158, 7.264831572567787, 0, 0, 161.39082997494003, 109.69474789734912, 33.902547338649676, 76.49999999999999, 0, 135.74999999999997, 13.56101893545987, 45.74999999999999, 61.97443384031024, 34.511831043780624, 0, 8.217102629471578, 0, 163.15466418231642, 41.65170101605532, 0, 30.567621781634273, 102.74999999999999, 1.8592330152093073, 0, 0, 0, 94.20113943727156, 109.35772085733642, 18.077625784837473, 0, 9.203154945008169, 44.55763364508243, 47.720314057038884, 4.409585518440984, 148.49999999999994, 164.03658128600463, 77.00721466921854, 104.06621823520724, 0.9860523155365895, 94.44281044338125, 44.00184802662027, 91.71937878357248, 109.69474789734912, 123.46839451634757, 0, 73.13263783051572, 48.95980273384509, 39.770776726642445, 57.84840251147991, 141.9886536937997, 74.36932060837229, 23.247461032216922, 131.24999999999994, 24.65130788841474, 64.49999999999999, 79.37253933193772, 47.33051114575629, 18.592330152093073, 38.26144628219035, 98.99999999999999, 102.2578158365119, 0, 74.98906494677539, 45.02972240950425, 102.74999999999999, 0, 27.888495228139607, 19.212074490496175, 174.61958653026298, 82.90020774669051, 0, 0, 31.74901573277509, 49.49999999999999, 171.97383521919838, 47.947888378947404, 36.155251569674945, 71.24999999999997, 168.4461668044456, 73.74957626996918, 122.70937900381428, 31.882358202349725, 16.499999999999996, 0, 83.78772413694848, 18.88856208867625, 43.05761777843107, 121.46989032700807, 89.59958939500271, 37.80440464258925, 0, 150.8078247306817, 149.92590762699348, 48.749999999999986, 5.25894568286181, 0, 47.463566274109546, 117.13167995818634, 7.888418524292716, 55.499999999999986, 8.545786734650441, 0, 38.74576838702821, 41.74288135771562, 146.99999999999997, 67.32077257246151, 35.99999999999999, 51.438780087457495, 3.098721692015512, 72.16399362084003, 0, 0, 120.85014598860498, 11.623730516108461, 60.47787535291082, 19.063678100374062, 100.39858282130258, 155.21741024912265, 0.48432210483785254, 51.27472040790265, 113.24999999999997, 13.47604831233339, 6.173419725817379, 24.216105241892627, 110.31449223575223, 0, 10.655086306432755, 19.857206298351954, 0, 0, 55.776990456279215, 46.3444588302197, 140.99999999999994, 0, 46.499999999999986, 62.61611436186198, 0, 52.03310911760362, 58.499999999999986], "B": 9150.56987257077}, "solution": [0.0, 0.0, 0.0, 0.0, 0.0, 1.0, 0.0, 0.0, 0.0, 0.0, 0.0, 0.0, 1.0, 0.0, 1.0, 0.0, 0.0, 1.0, 0.0, 0.0, 0.0, 0.0, 0.0, 0.0, 0.0, 0.0, 0.0, 0.0, 1.0, 0.0, 0.0, 0.0, 0.0, 1.0, 0.0, 0.0, 1.0, 0.0, 1.0, 0.0, 0.0, 1.0, 0.0, 1.0, 0.0, 0.0, 0.0, 0.0, 0.0, 0.0, 0.0, 0.0, 0.0, 0.0, 0.0, 0.0, 0.0, 0.0, 0.0, 0.0, 0.0, 0.0, 0.0, 0.0, 0.0, 1.0, 1.0, 0.0, 0.0, 0.0, 1.0, 0.0, 0.0, 0.0, 0.0, 0.0, 0.0, 0.0, 1.0, 0.0, 0.0, 0.0, 1.0, 0.0, 0.0, 0.0, 0.0, 1.0, 1.0, 0.0, 0.0, 0.0, 0.0, 0.0, 0.0, 1.0, 1.0, 0.0, 0.0, 0.0, 1.0, 0.0, 0.0, 1.0, 1.0, 0.0, 0.0, 0.0, 0.0, 0.0, 1.0, 0.0, 0.0, 1.0, 0.0, 0.0, 0.0, 0.0, 0.0, 0.0, 1.0, 1.0, 0.0, 0.0, 0.0, 1.0, 0.0, 0.0, 0.0, 1.0, 0.0, 0.0, 0.0, 0.0, 0.0, 1.0, 0.0, 0.0, 0.0, 1.0, 0.0, 1.0, 0.0, 0.0, 0.0, 0.0, 0.0, 0.0, 1.0, 1.0, 0.0, 0.0, 1.0, 1.0, 0.0, 0.0, 0.0, 0.0, 1.0, 0.0, 0.0, 0.0, 0.0, 0.0, 0.0, 1.0, 0.0, 0.0, 0.0, 0.0, 0.0, 0.0, 0.0, 1.0, 0.0, 0.0, 0.0, 1.0, 1.0, 0.0, 0.0, 1.0, 0.0, 0.0, 0.0, 1.0, 0.0, 0.0, 0.0, 0.0, 0.0, 0.0, 0.0, 1.0, 0.0, 0.0, 0.0, 0.0, 0.0, 0.0], "objective_value": 6172.061, "solve_time": 27.208566904067993}