{"instance": {"c": [142.361, 157.616, 138.644, 125.696, 121.529, 128.08100000000002, 82.996, 134.00900000000001, 110.0, 82.321, 124.289, 90.164, 96.896, 113.681, 120.625, 126.16900000000001, 84.641, 123.824, 152.94400000000002, 85.376, 112.436, 106.864, 125.696, 100.976, 87.424, 112.025, 143.98399999999998, 139.16899999999998, 94.336, 94.025, 91.609, 101.32900000000001, 105.721, 84.641, 128.08100000000002, 115.369, 129.049, 102.761, 103.856, 159.401, 95.281, 87.161, 114.521, 124.756, 82.321, 140.756, 92.801, 148.961, 133.001, 126.16900000000001, 114.1, 86.641, 127.6, 140.756, 156.436, 103.856, 145.625, 144.529, 129.049, 129.049, 150.656, 153.52100000000002, 157.616, 81.449, 148.4, 86.641, 122.441, 110.40100000000001, 142.361, 97.889, 80.816, 95.6, 91.025, 106.1, 109.601, 141.289, 102.761, 114.521, 107.636, 140.756, 88.496, 91.904, 130.51600000000002, 125.696, 154.681, 87.689, 99.929, 91.609, 94.649, 95.6, 116.656, 104.225, 136.56400000000002, 139.696, 82.996, 160.0, 81.881, 108.025, 108.809, 87.424, 124.289, 98.9, 134.00900000000001, 138.644, 135.536, 112.849, 82.544, 108.416, 94.649, 123.824, 122.441, 156.436, 142.361, 113.681, 90.736, 129.536, 152.369, 84.884, 151.796, 155.849, 108.025, 110.804, 140.225, 122.441, 101.32900000000001, 115.79599999999999, 137.08100000000002, 91.904, 129.536, 109.20400000000001, 89.881, 93.71600000000001, 109.601, 110.0, 110.0, 87.689, 80.609, 82.1, 155.849, 94.336, 159.401, 153.52100000000002, 86.641, 83.456, 138.121, 143.441, 103.856, 112.849, 98.9, 151.796, 130.025, 119.729, 110.804, 92.5, 114.944, 123.361, 82.321, 132.001, 126.16900000000001, 88.496, 159.401, 118.4, 150.089, 111.616, 91.904, 86.384, 159.401, 106.1, 105.721, 90.164, 93.71600000000001, 148.961, 121.98400000000001, 94.025, 146.72899999999998, 112.436, 114.1, 104.969, 134.51600000000002, 125.696, 150.089, 123.361, 89.881, 134.00900000000001, 133.001, 88.496, 84.161, 110.0, 80.201, 89.881, 118.84100000000001, 152.369, 99.929, 134.51600000000002, 114.1, 93.409, 81.449, 141.824, 152.94400000000002, 82.544], "p": [169, 196, 162, 136, 127, 141, 14, 153, 100, 11, 133, 42, 64, 109, 125, 137, 21, 132, 188, 24, 106, 92, 136, 76, 32, 105, 172, 163, 56, 55, 47, 77, 89, 21, 141, 113, 143, 81, 84, 199, 59, 31, 111, 134, 11, 166, 51, 181, 151, 137, 110, 29, 140, 166, 194, 84, 175, 173, 143, 143, 184, 189, 196, 7, 180, 29, 129, 101, 169, 67, 4, 60, 45, 90, 99, 167, 81, 111, 94, 166, 36, 48, 146, 136, 191, 33, 73, 47, 57, 60, 116, 85, 158, 164, 14, 200, 9, 95, 97, 32, 133, 70, 153, 162, 156, 107, 12, 96, 57, 132, 129, 194, 169, 109, 44, 144, 187, 22, 186, 193, 95, 102, 165, 129, 77, 114, 159, 48, 144, 98, 41, 54, 99, 100, 100, 33, 3, 10, 193, 56, 199, 189, 29, 16, 161, 171, 84, 107, 70, 186, 145, 123, 102, 50, 112, 131, 11, 149, 137, 36, 199, 120, 183, 104, 48, 28, 199, 90, 89, 42, 54, 181, 128, 55, 177, 106, 110, 87, 154, 136, 183, 131, 41, 153, 151, 36, 19, 100, 1, 41, 121, 187, 73, 154, 110, 53, 7, 168, 188, 12], "q": [126.74999999999997, 172.8557523228866, 100.39858282130258, 101.99999999999997, 61.50890731440727, 124.35031162003577, 8.676420737643435, 134.93331686429414, 88.1917103688197, 3.6155251569674944, 82.42599700761262, 37.04051835490427, 30.996614709622563, 35.82656746449609, 93.74999999999997, 120.82264320528297, 0, 0, 91.05255570951627, 11.623730516108461, 34.84051514895949, 30.23893767645541, 44.701038304325394, 67.02569988030297, 10.51789136572362, 50.85382100797452, 128.99999999999997, 143.7524879011761, 18.406309890016338, 41.249999999999986, 0, 67.90761698399116, 43.10466733056887, 13.01463110646515, 68.28941678213721, 37.141303885211535, 88.62344039164364, 60.74999999999998, 52.0585244258606, 96.38009886273265, 52.03310911760362, 0, 97.89279850938986, 118.17689189421839, 0, 146.39823921224067, 0, 135.74999999999997, 113.24999999999997, 0, 68.17187722434127, 25.57559600695771, 46.01577472504084, 54.56156145969128, 145.49999999999997, 74.08103670980854, 57.519718406301045, 0, 69.25806099181291, 126.11414582741214, 0, 141.74999999999997, 0, 0, 0, 9.531839050187031, 0, 0, 55.54761377522787, 0, 1.9372884193514102, 44.999999999999986, 21.794494717703365, 43.58898943540673, 61.35468950190714, 54.89024556487015, 26.623412519487914, 68.79162156274437, 70.49999999999997, 102.87756017491499, 17.43559577416269, 0, 90.48267340685295, 65.86780625794795, 168.4461668044456, 29.103264421710495, 54.749999999999986, 29.12798390494581, 18.7349939951952, 0, 102.30238402783084, 52.6782687642637, 139.3429023827351, 122.99999999999997, 6.780509467729935, 176.3834207376394, 4.358898943540672, 31.224989991991997, 85.5459590577551, 23.999999999999993, 64.41483994343439, 43.382103688217164, 74.10128204019144, 100.39858282130258, 116.99999999999997, 51.82246521765022, 8.999999999999998, 84.6640419540669, 50.26927491022722, 63.930517838596536, 62.477551524082976, 0, 126.74999999999997, 67.55213288593816, 38.80435256228066, 69.74238309665076, 140.24999999999997, 0, 61.135243563268546, 93.47416623370553, 31.224989991991997, 0, 0, 79.94701965400021, 47.720314057038884, 70.65085457795368, 98.53934980609328, 0, 0, 47.463566274109546, 36.158601251216076, 47.62352359916263, 74.24999999999997, 48.432210483785255, 48.432210483785255, 0, 0, 6.197443384031024, 0, 0, 123.32912334221739, 91.53687781435413, 17.97258581368997, 0, 141.9886536937997, 128.24999999999997, 40.68305680637961, 0, 61.734197258173786, 115.27244694297704, 47.659195250935156, 92.24999999999997, 0, 24.216105241892627, 36.812619780032676, 63.44619573375868, 5.327543153216378, 92.34190642206225, 102.74999999999999, 17.43559577416269, 175.5015036339512, 74.36932060837229, 161.39082997494003, 34.183146938601766, 35.99999999999999, 0, 123.32912334221739, 67.49999999999997, 55.15724611787611, 13.804732417512252, 47.62352359916263, 112.17372525096152, 95.99999999999997, 18.077625784837473, 109.69474789734912, 65.69289987072885, 53.27543153216377, 0, 0, 44.701038304325394, 137.24999999999994, 63.44619573375868, 30.749999999999993, 74.10128204019144, 73.13263783051572, 26.999999999999993, 9.202119991919199, 0, 0.7499999999999998, 25.409517874527197, 90.74999999999997, 0, 64.37994856923838, 115.49999999999997, 53.27543153216377, 39.74999999999999, 2.3007887362520423, 0, 140.99999999999994, 5.8118652580542305], "B": 7045.64545356141}, "solution": [1.0, 1.0, 0.0, 0.0, 0.0, 1.0, 0.0, 1.0, 0.0, 0.0, 0.0, 0.0, 0.0, 0.0, 0.0, 1.0, 0.0, 0.0, 0.0, 0.0, 0.0, 0.0, 0.0, 0.0, 0.0, 0.0, 1.0, 1.0, 0.0, 0.0, 0.0, 0.0, 0.0, 0.0, 0.0, 0.0, 0.0, 0.0, 0.0, 0.0, 0.0, 0.0, 0.0, 0.0, 0.0, 1.0, 0.0, 1.0, 1.0, 0.0, 0.0, 0.0, 0.0, 0.0, 1.0, 0.0, 0.0, 0.0, 0.0, 1.0, 0.0, 1.0, 0.0, 0.0, 0.0, 0.0, 0.0, 0.0, 0.0, 0.0, 0.0, 0.0, 0.0, 0.0, 0.0, 0.0, 0.0, 0.0, 0.0, 0.0, 0.0, 0.0, 0.0, 0.0, 1.0, 0.0, 0.0, 0.0, 0.0, 0.0, 0.0, 0.0, 1.0, 1.0, 0.0, 1.0, 0.0, 0.0, 0.0, 0.0, 0.0, 0.0, 0.0, 0.0, 1.0, 0.0, 0.0, 0.0, 0.0, 0.0, 0.0, 0.0, 1.0, 0.0, 0.0, 0.0, 1.0, 0.0, 0.0, 0.0, 0.0, 0.0, 0.0, 0.0, 0.0, 0.0, 1.0, 0.0, 0.0, 0.0, 0.0, 0.0, 0.0, 0.0, 0.0, 0.0, 0.0, 0.0, 0.0, 0.0, 1.0, 0.0, 0.0, 0.0, 1.0, 1.0, 0.0, 0.0, 0.0, 1.0, 0.0, 0.0, 0.0, 0.0, 0.0, 0.0, 0.0, 0.0, 0.0, 0.0, 1.0, 0.0, 1.0, 0.0, 0.0, 0.0, 1.0, 0.0, 0.0, 0.0, 0.0, 1.0, 0.0, 0.0, 1.0, 0.0, 0.0, 0.0, 0.0, 0.0, 1.0, 0.0, 0.0, 0.0, 0.0, 0.0, 0.0, 0.0, 0.0, 0.0, 0.0, 0.0, 0.0, 0.0, 0.0, 0.0, 0.0, 0.0, 1.0, 0.0], "objective_value": 4651.773999999999, "solve_time": 15.73621654510498}