{"instance": {"c": [112.436, 81.664, 82.321, 111.209, 90.164, 105.721, 121.076, 83.924, 93.104, 96.896, 130.025, 113.26400000000001, 86.9, 86.641, 95.281, 80.201, 155.264, 135.536, 103.489, 84.884, 96.896, 82.996, 158.209, 97.889, 97.556, 145.07600000000002, 116.656, 158.804, 97.889, 127.12100000000001, 83.225, 107.636, 96.244, 85.376, 111.616, 102.761, 86.129, 145.07600000000002, 121.98400000000001, 103.124, 148.4, 96.896, 138.644, 102.761, 148.4, 122.441, 99.241, 103.489, 104.596, 128.56400000000002, 94.025, 98.224, 150.089, 86.129, 118.84100000000001, 99.929, 85.876, 104.596, 102.761, 139.16899999999998, 95.281, 82.769, 95.281, 149.524, 140.756, 154.1, 154.1, 146.176, 128.08100000000002, 89.6, 138.121, 111.616, 117.089, 154.681, 138.644, 84.884, 105.344, 93.71600000000001, 91.904, 139.696, 99.584, 148.4, 80.609, 147.284, 95.6, 127.6, 133.001, 86.129, 112.849, 98.9, 117.524, 96.244, 89.881, 151.225, 80.404, 93.104, 148.961, 102.4, 90.449, 151.225, 86.9, 104.596, 90.449, 87.956, 99.584, 145.625, 81.449, 148.4, 152.94400000000002, 88.496, 122.9, 128.56400000000002, 158.804, 88.225, 104.969, 91.609, 87.689, 114.521, 104.596, 82.769, 145.07600000000002, 90.164, 92.801, 102.761, 150.089, 116.225, 123.824, 90.164, 93.409, 117.089, 129.049, 115.369, 106.481, 155.264, 111.616, 108.809, 83.924, 138.121, 141.289, 106.481, 138.121, 133.50400000000002, 134.00900000000001, 123.361, 97.556, 93.71600000000001, 93.71600000000001, 107.636, 98.9, 122.441, 85.129, 110.804, 94.649, 151.796, 155.849, 100.625, 106.481, 157.616, 90.164, 119.284, 126.16900000000001, 102.041, 125.696, 150.089, 109.601, 112.436, 91.025, 138.644, 117.524, 82.544, 150.089, 80.404, 114.944, 90.449, 100.625, 120.176, 154.681, 87.689, 115.79599999999999, 136.56400000000002, 105.344, 91.316, 83.225, 84.641, 159.401, 88.496, 89.6, 123.824, 111.209, 143.441, 115.79599999999999, 99.241, 80.201, 131.50400000000002, 121.529, 97.556, 86.9, 131.00900000000001, 152.94400000000002, 127.6], "p": [106, 8, 11, 103, 42, 89, 126, 18, 52, 64, 145, 108, 30, 29, 59, 1, 192, 156, 83, 22, 64, 14, 197, 67, 66, 174, 116, 198, 67, 139, 15, 94, 62, 24, 104, 81, 27, 174, 128, 82, 180, 64, 162, 81, 180, 129, 71, 83, 86, 142, 55, 68, 183, 27, 121, 73, 26, 86, 81, 163, 59, 13, 59, 182, 166, 190, 190, 176, 141, 40, 161, 104, 117, 191, 162, 22, 88, 54, 48, 164, 72, 180, 3, 178, 60, 140, 151, 27, 107, 70, 118, 62, 41, 185, 2, 52, 181, 80, 43, 185, 30, 86, 43, 34, 72, 175, 7, 180, 188, 36, 130, 142, 198, 35, 87, 47, 33, 111, 86, 13, 174, 42, 51, 81, 183, 115, 132, 42, 53, 117, 143, 113, 91, 192, 104, 97, 18, 161, 167, 91, 161, 152, 153, 131, 66, 54, 54, 94, 70, 129, 23, 102, 57, 186, 193, 75, 91, 196, 42, 122, 137, 79, 136, 183, 99, 106, 45, 162, 118, 12, 183, 2, 112, 43, 75, 124, 191, 33, 114, 158, 88, 46, 15, 21, 199, 36, 40, 132, 103, 171, 114, 71, 1, 148, 127, 66, 30, 147, 188, 140], "q": [34.84051514895949, 5.999999999999998, 6.817187722434126, 33.8544628334229, 20.341528403189805, 66.74999999999999, 111.12155506471281, 8.717797887081344, 0, 39.66363765779855, 108.74999999999997, 80.99999999999997, 0, 14.045341040297723, 28.575004185433297, 0, 118.99091297339567, 137.5790681753587, 62.249999999999986, 10.655086306432755, 39.66363765779855, 4.6015774725040846, 95.41145465305694, 32.449581024136116, 49.49999999999999, 0, 56.18136416119089, 174.61958653026298, 41.52287067300786, 67.32077257246151, 9.296165076046536, 58.25596780989162, 30.027970499946854, 21.166010488516726, 50.36949890313666, 60.74999999999998, 13.076696830622017, 84.27204624178633, 79.3272753155971, 0, 0, 0, 121.49999999999996, 60.74999999999998, 59.163138932195366, 62.477551524082976, 62.61611436186198, 27.28078072984564, 41.65170101605532, 125.23222872372396, 18.077625784837473, 50.999999999999986, 0, 20.249999999999993, 90.74999999999997, 45.24133670342648, 19.499999999999993, 28.26683304538223, 71.43528539874394, 101.01832715970569, 52.03310911760362, 4.272893367325221, 28.575004185433297, 0, 0, 167.56424970075741, 0, 85.24069045146204, 105.74999999999997, 24.789773536124095, 141.9886536937997, 91.71937878357248, 72.51008759316298, 118.37116863499256, 78.4601809837321, 19.40217628114033, 65.99999999999999, 33.46619427376753, 42.33202097703345, 101.63807149810879, 34.87119154832538, 111.55398091255843, 1.8592330152093073, 0, 29.059326290271148, 86.76420737643433, 133.16948265691772, 16.733097136883764, 66.31264420913196, 33.902547338649676, 0, 46.499999999999986, 36.158601251216076, 89.59958939500271, 0.9686442096757051, 38.999999999999986, 87.6623009756513, 49.57954707224819, 14.133416522691116, 138.74999999999994, 26.457513110645905, 53.2980131026668, 14.133416522691116, 0, 63.49803146555018, 108.45525922054291, 0, 158.74507866387543, 116.51193561978324, 26.999999999999993, 42.72893367325221, 125.23222872372396, 65.0794528254149, 30.867098629086893, 28.595517150561093, 41.450103873345256, 0, 83.24999999999997, 53.2980131026668, 4.272893367325221, 0, 0, 16.76288936412202, 0, 137.24999999999994, 37.79867209556926, 63.930517838596536, 13.804732417512252, 46.741606495474436, 0, 47.00182704057743, 54.72839784667734, 68.24999999999999, 0, 50.36949890313666, 60.115200825100935, 0, 0, 147.28015631592888, 56.39673479468232, 0, 73.61695993535359, 134.93331686429414, 63.44619573375868, 31.965258919298268, 33.46619427376753, 33.46619427376753, 82.90020774669051, 33.902547338649676, 0, 0, 63.21392251711645, 27.60635997575759, 164.03658128600463, 63.43603229952059, 56.249999999999986, 80.25445643562593, 94.92713254821909, 26.0292622129303, 107.59388664996003, 0, 59.249999999999986, 44.701038304325394, 88.63094518532702, 87.30979326513149, 93.48321299094887, 27.888495228139607, 78.4601809837321, 104.06621823520724, 8.999999999999998, 88.63094518532702, 1.2394886768062048, 98.77471561307806, 32.24999999999999, 36.32415786283894, 0, 118.37116863499256, 15.982629459649134, 37.4699879903904, 51.93208861826037, 65.99999999999999, 40.56818676965705, 13.228756555322953, 0, 65.40813693059377, 31.74901573277509, 13.147364207154526, 98.99999999999999, 63.83366685551955, 82.81907992727277, 37.4699879903904, 53.24999999999998, 0.6197443384031024, 0, 41.74288135771562, 21.693150941804966, 18.592330152093073, 71.19534941116432, 0, 104.99999999999997], "B": 10330.984811585262}, "solution": [0.0, 0.0, 0.0, 0.0, 0.0, 0.0, 1.0, 0.0, 0.0, 0.0, 1.0, 0.0, 0.0, 0.0, 0.0, 0.0, 1.0, 1.0, 0.0, 0.0, 0.0, 0.0, 1.0, 0.0, 0.0, 0.0, 0.0, 1.0, 0.0, 0.0, 0.0, 0.0, 0.0, 0.0, 0.0, 0.0, 0.0, 1.0, 1.0, 0.0, 0.0, 0.0, 1.0, 0.0, 0.0, 0.0, 0.0, 0.0, 0.0, 1.0, 0.0, 0.0, 0.0, 0.0, 1.0, 0.0, 0.0, 0.0, 0.0, 1.0, 0.0, 0.0, 0.0, 0.0, 0.0, 1.0, 0.0, 1.0, 1.0, 0.0, 1.0, 1.0, 0.0, 1.0, 1.0, 0.0, 0.0, 0.0, 0.0, 1.0, 0.0, 1.0, 0.0, 0.0, 0.0, 1.0, 1.0, 0.0, 0.0, 0.0, 0.0, 0.0, 0.0, 1.0, 0.0, 0.0, 1.0, 0.0, 0.0, 1.0, 0.0, 0.0, 0.0, 0.0, 0.0, 1.0, 0.0, 1.0, 1.0, 0.0, 0.0, 1.0, 1.0, 0.0, 0.0, 0.0, 0.0, 1.0, 0.0, 0.0, 0.0, 0.0, 0.0, 0.0, 1.0, 0.0, 1.0, 0.0, 0.0, 0.0, 0.0, 0.0, 0.0, 0.0, 0.0, 0.0, 0.0, 0.0, 1.0, 0.0, 0.0, 0.0, 1.0, 1.0, 0.0, 0.0, 0.0, 0.0, 0.0, 0.0, 0.0, 0.0, 0.0, 1.0, 1.0, 0.0, 0.0, 1.0, 0.0, 1.0, 0.0, 0.0, 0.0, 1.0, 1.0, 1.0, 0.0, 1.0, 1.0, 0.0, 1.0, 0.0, 1.0, 0.0, 0.0, 0.0, 1.0, 0.0, 0.0, 0.0, 0.0, 0.0, 0.0, 0.0, 1.0, 0.0, 0.0, 1.0, 0.0, 1.0, 0.0, 0.0, 0.0, 0.0, 0.0, 0.0, 0.0, 1.0, 0.0, 1.0], "objective_value": 7461.976999999998, "solve_time": 92.50644946098328}