{"instance": {"c": [89.044, 143.441, 130.51600000000002, 135.536, 86.9, 116.656, 84.4, 126.16900000000001, 137.08100000000002, 91.316, 86.9, 80.609, 113.681, 114.944, 85.376, 133.50400000000002, 90.164, 116.225, 154.681, 136.56400000000002, 131.00900000000001, 93.104, 87.424, 160.0, 135.025, 148.961, 105.721, 155.849, 148.4, 153.52100000000002, 129.536, 108.416, 136.049, 102.4, 134.51600000000002, 151.225, 146.72899999999998, 112.849, 101.32900000000001, 100.625, 80.609, 126.644, 143.98399999999998, 151.796, 110.0, 81.025, 115.369, 119.284, 153.52100000000002, 96.569, 98.9, 92.201, 116.656, 114.521, 112.025, 82.769, 100.625, 94.025, 100.976, 84.4, 80.816, 147.841, 83.225, 144.529, 92.201, 123.361, 115.369, 104.969, 155.264, 147.284, 129.536, 91.025, 98.224, 105.721, 128.08100000000002, 89.321, 134.51600000000002, 154.681, 80.201, 90.164, 116.656, 115.369, 135.025, 114.1, 138.121, 129.536, 138.644, 95.281, 137.6, 133.001, 87.161, 122.9, 87.161, 152.369, 82.769, 97.889, 94.336, 112.025, 82.769, 127.12100000000001, 107.249, 125.225, 138.644, 111.209, 81.664, 104.969, 84.641, 114.944, 151.225, 141.289, 80.201, 103.124, 87.956, 104.225, 128.56400000000002, 124.289, 108.809, 117.524, 90.449, 90.736, 122.441, 92.201, 115.79599999999999, 135.536, 88.496, 122.9, 88.769, 143.98399999999998, 146.176, 85.376, 138.121, 91.904, 119.729, 132.001, 157.025, 148.4, 94.649, 96.896, 97.225, 94.964, 155.849, 149.524, 82.769, 129.049, 97.225, 104.969, 84.4, 109.601, 158.209, 106.481, 107.249, 147.841, 121.529, 89.321, 117.961, 131.00900000000001, 137.08100000000002, 89.321, 101.32900000000001, 102.761, 91.316, 134.51600000000002, 104.969, 83.68900000000001, 100.976, 135.025, 92.201, 90.736, 123.361, 83.456, 88.769, 118.4, 131.00900000000001, 107.636, 93.409, 97.225, 108.809, 122.9, 101.32900000000001, 137.08100000000002, 85.876, 157.616, 85.376, 83.924, 129.049, 90.164, 111.616, 91.904, 92.5, 133.001, 85.625, 97.889, 102.761, 132.5, 151.225, 131.50400000000002, 106.1, 138.121, 111.616, 102.041], "p": [38, 171, 146, 156, 30, 116, 20, 137, 159, 46, 30, 3, 109, 112, 24, 152, 42, 115, 191, 158, 147, 52, 32, 200, 155, 181, 89, 193, 180, 189, 144, 96, 157, 80, 154, 185, 177, 107, 77, 75, 3, 138, 172, 186, 100, 5, 113, 122, 189, 63, 70, 49, 116, 111, 105, 13, 75, 55, 76, 20, 4, 179, 15, 173, 49, 131, 113, 87, 192, 178, 144, 45, 68, 89, 141, 39, 154, 191, 1, 42, 116, 113, 155, 110, 161, 144, 162, 59, 160, 151, 31, 130, 31, 187, 13, 67, 56, 105, 13, 139, 93, 135, 162, 103, 8, 87, 21, 112, 185, 167, 1, 82, 34, 85, 142, 133, 97, 118, 43, 44, 129, 49, 114, 156, 36, 130, 37, 172, 176, 24, 161, 48, 123, 149, 195, 180, 57, 64, 65, 58, 193, 182, 13, 143, 65, 87, 20, 99, 197, 91, 93, 179, 127, 39, 119, 147, 159, 39, 77, 81, 46, 154, 87, 17, 76, 155, 49, 44, 131, 16, 37, 120, 147, 94, 53, 65, 97, 130, 77, 159, 26, 196, 24, 18, 143, 42, 104, 48, 50, 151, 25, 67, 81, 150, 185, 148, 90, 161, 104, 79], "q": [18.404239983838398, 56.2049819855856, 128.75989713847676, 51.27472040790265, 0, 86.99999999999997, 17.638342073763937, 0, 119.24999999999997, 15.119468838227705, 18.592330152093073, 1.4529663145135576, 35.82656746449609, 98.77471561307806, 11.623730516108461, 49.9599839871872, 13.804732417512252, 86.24999999999997, 168.4461668044456, 51.93208861826037, 48.31656346129288, 38.999999999999986, 0, 96.86442096757051, 96.06037245248086, 87.6623009756513, 55.15724611787611, 144.74999999999994, 111.55398091255843, 91.53687781435413, 126.99606293110035, 46.494922064433844, 51.603404513081514, 0, 50.617352197544925, 0, 109.69474789734912, 94.36513009463708, 57.749999999999986, 46.48082538023268, 1.4529663145135576, 103.49999999999997, 128.99999999999997, 115.27244694297704, 61.97443384031024, 2.421610524189263, 37.141303885211535, 40.099460831821304, 0, 39.04389331939545, 33.902547338649676, 23.731783137054773, 86.99999999999997, 83.24999999999997, 50.85382100797452, 9.749999999999996, 0, 0, 0, 14.999999999999995, 2.4789773536124096, 157.86316156018725, 4.930261577682947, 129.74999999999997, 43.21393808072165, 63.44619573375868, 37.141303885211535, 42.136023120893164, 143.99999999999997, 58.50577072183764, 47.33051114575629, 27.888495228139607, 59.970363050797395, 0, 124.35031162003577, 24.170029197720993, 0, 168.4461668044456, 0.7499999999999998, 31.499999999999993, 56.18136416119089, 70.03111023955057, 0, 97.01088140570165, 77.97585887889426, 47.33051114575629, 78.4601809837321, 36.564915965783044, 77.49153677405641, 49.631299882008335, 15.013985249973427, 42.72893367325221, 23.249999999999993, 115.89219128138014, 11.46492234794656, 32.449581024136116, 49.38735780653903, 92.60129588726068, 8.056676399240331, 104.24999999999997, 57.63622347148852, 83.66548568441883, 0, 90.83746167988427, 3.8745768387028203, 28.595517150561093, 10.170764201594903, 69.41136590114748, 163.15466418231642, 54.89024556487015, 0, 50.81903574905439, 25.499999999999993, 74.96295381349674, 125.23222872372396, 117.29497479053019, 31.882358202349725, 104.06621823520724, 32.24999999999999, 38.80435256228066, 96.74999999999997, 36.74999999999999, 100.53854982045443, 0, 11.832627786439073, 114.6492234794656, 32.63093283646329, 83.30340203211064, 57.84840251147991, 21.166010488516726, 0, 35.99999999999999, 59.57161889505586, 72.16399362084003, 146.24999999999994, 87.17797887081346, 42.74999999999999, 56.4426946360446, 0, 0, 144.74999999999994, 88.14662308048915, 4.272893367325221, 69.25806099181291, 48.749999999999986, 0, 9.686442096757052, 61.35468950190714, 0, 56.39673479468232, 30.567621781634273, 0, 112.003472168401, 29.249999999999993, 73.74957626996918, 71.19534941116432, 98.53934980609328, 0, 57.749999999999986, 50.19929141065129, 34.49999999999999, 135.81523396798232, 53.9177574410699, 10.53565375285274, 0, 116.24999999999997, 0, 0, 81.18650833080642, 14.11067365901115, 0, 58.118652580542296, 71.19534941116432, 0, 17.420257574479745, 57.3246117397328, 0, 42.72893367325221, 37.29280207251465, 77.00721466921854, 22.92984469589312, 172.8557523228866, 11.623730516108461, 0, 88.62344039164364, 37.04051835490427, 91.71937878357248, 42.33202097703345, 30.98721692015512, 133.16948265691772, 12.108052620946314, 59.08844594710919, 60.74999999999998, 49.30261577682948, 163.15466418231642, 48.645247566471745, 79.37253933193772, 99.77883848289949, 77.99999999999997, 25.966044309130186], "B": 8280.826022006691}, "solution": [0.0, 0.0, 1.0, 0.0, 0.0, 0.0, 0.0, 0.0, 1.0, 0.0, 0.0, 0.0, 0.0, 0.0, 0.0, 0.0, 0.0, 0.0, 1.0, 0.0, 0.0, 0.0, 0.0, 1.0, 1.0, 1.0, 0.0, 1.0, 1.0, 1.0, 1.0, 0.0, 0.0, 0.0, 0.0, 0.0, 1.0, 0.0, 0.0, 0.0, 0.0, 1.0, 1.0, 1.0, 0.0, 0.0, 0.0, 0.0, 0.0, 0.0, 0.0, 0.0, 0.0, 0.0, 0.0, 0.0, 0.0, 0.0, 0.0, 0.0, 0.0, 1.0, 0.0, 1.0, 0.0, 0.0, 0.0, 0.0, 1.0, 0.0, 0.0, 0.0, 0.0, 0.0, 1.0, 0.0, 0.0, 1.0, 0.0, 0.0, 0.0, 0.0, 0.0, 0.0, 0.0, 0.0, 1.0, 0.0, 0.0, 0.0, 0.0, 0.0, 0.0, 1.0, 0.0, 0.0, 0.0, 0.0, 0.0, 1.0, 0.0, 0.0, 0.0, 0.0, 0.0, 0.0, 0.0, 0.0, 1.0, 0.0, 0.0, 0.0, 0.0, 0.0, 1.0, 1.0, 0.0, 0.0, 0.0, 0.0, 0.0, 0.0, 0.0, 0.0, 0.0, 1.0, 0.0, 1.0, 0.0, 0.0, 0.0, 0.0, 0.0, 0.0, 1.0, 1.0, 0.0, 0.0, 0.0, 0.0, 1.0, 1.0, 0.0, 0.0, 0.0, 0.0, 0.0, 0.0, 0.0, 0.0, 0.0, 0.0, 1.0, 0.0, 0.0, 0.0, 1.0, 0.0, 0.0, 0.0, 0.0, 1.0, 0.0, 0.0, 0.0, 1.0, 0.0, 0.0, 0.0, 0.0, 0.0, 0.0, 0.0, 0.0, 0.0, 0.0, 0.0, 0.0, 0.0, 0.0, 0.0, 1.0, 0.0, 0.0, 1.0, 0.0, 0.0, 0.0, 0.0, 1.0, 0.0, 0.0, 0.0, 0.0, 1.0, 0.0, 0.0, 1.0, 0.0, 0.0], "objective_value": 5690.176000000001, "solve_time": 146.75862455368042}