{"instance": {"c": [112.436, 104.225, 102.041, 94.649, 104.596, 125.696, 132.001, 88.496, 102.4, 112.849, 150.089, 117.524, 138.644, 157.025, 98.224, 87.161, 83.68900000000001, 91.904, 158.804, 94.649, 82.1, 107.249, 139.16899999999998, 123.824, 112.436, 98.561, 96.569, 113.26400000000001, 139.696, 90.164, 120.176, 106.864, 146.176, 82.769, 118.84100000000001, 143.98399999999998, 99.929, 98.224, 137.08100000000002, 106.864, 117.089, 115.79599999999999, 112.025, 82.769, 130.025, 105.721, 96.569, 88.496, 116.656, 130.51600000000002, 156.436, 109.20400000000001, 85.129, 123.361, 132.001, 97.556, 86.9, 102.041, 145.625, 102.4, 97.889, 153.52100000000002, 111.616, 126.16900000000001, 96.244, 107.249, 115.79599999999999, 96.896, 92.201, 98.224, 94.025, 134.51600000000002, 106.864, 113.26400000000001, 99.929, 83.456, 104.225, 88.225, 104.969, 112.436, 81.664, 112.436, 88.496, 146.176, 89.044, 99.241, 88.769, 117.961, 151.796, 92.201, 148.961, 143.441, 146.72899999999998, 143.98399999999998, 94.964, 84.884, 119.729, 139.16899999999998, 108.416, 95.921, 122.441, 85.625, 130.025, 134.00900000000001, 84.4, 119.284, 80.609, 86.9, 129.536, 102.041, 81.449, 149.524, 135.536, 90.736, 157.616, 102.4, 105.721, 151.225, 126.16900000000001, 114.521, 81.881, 106.864, 91.609, 160.0, 126.644, 154.681, 154.681, 123.361, 85.876, 123.824, 102.4, 155.264, 160.0, 141.824, 94.025, 136.56400000000002, 112.025, 87.689, 94.025, 93.104, 150.089, 111.209, 87.161, 108.416, 134.00900000000001, 135.536, 158.804, 94.649, 86.129, 128.08100000000002, 118.84100000000001, 116.225, 151.796, 142.9, 87.161, 95.6, 108.025, 143.441, 143.441, 105.721, 89.6, 113.681, 145.625, 93.409, 132.5, 134.51600000000002, 95.921, 111.616, 128.56400000000002, 123.361, 83.924, 89.6, 160.0, 111.616, 139.696, 90.736, 101.684, 141.289, 81.025, 99.929, 91.904, 85.876, 153.52100000000002, 115.369, 147.841, 87.689, 92.5, 107.249, 98.224, 83.225, 81.025, 108.416, 85.625, 159.401, 155.849, 82.769, 147.284, 136.56400000000002, 106.1, 114.944], "p": [106, 85, 79, 57, 86, 136, 149, 36, 80, 107, 183, 118, 162, 195, 68, 31, 17, 48, 198, 57, 10, 93, 163, 132, 106, 69, 63, 108, 164, 42, 124, 92, 176, 13, 121, 172, 73, 68, 159, 92, 117, 114, 105, 13, 145, 89, 63, 36, 116, 146, 194, 98, 23, 131, 149, 66, 30, 79, 175, 80, 67, 189, 104, 137, 62, 93, 114, 64, 49, 68, 55, 154, 92, 108, 73, 16, 85, 35, 87, 106, 8, 106, 36, 176, 38, 71, 37, 119, 186, 49, 181, 171, 177, 172, 58, 22, 123, 163, 96, 61, 129, 25, 145, 153, 20, 122, 3, 30, 144, 79, 7, 182, 156, 44, 196, 80, 89, 185, 137, 111, 9, 92, 47, 200, 138, 191, 191, 131, 26, 132, 80, 192, 200, 168, 55, 158, 105, 33, 55, 52, 183, 103, 31, 96, 153, 156, 198, 57, 27, 141, 121, 115, 186, 170, 31, 60, 95, 171, 171, 89, 40, 109, 175, 53, 150, 154, 61, 104, 142, 131, 18, 40, 200, 104, 164, 44, 78, 167, 5, 73, 48, 26, 189, 113, 179, 33, 50, 93, 68, 15, 5, 96, 25, 199, 193, 13, 178, 158, 90, 112], "q": [0, 41.16737891121746, 48.95980273384509, 27.60635997575759, 0, 65.86780625794795, 131.40564844954133, 0, 59.99999999999998, 0, 60.149191247731956, 57.150008370866594, 121.49999999999996, 94.44281044338125, 50.999999999999986, 15.013985249973427, 10.53565375285274, 0, 95.89577675789481, 50.26927491022722, 7.499999999999997, 82.01829064300232, 101.01832715970569, 43.38630188360993, 0, 22.67920325734156, 30.51229260478471, 95.24704719832526, 79.42882519340782, 31.499999999999993, 40.756829042179035, 0, 109.07500355894602, 11.46492234794656, 74.98906494677539, 0, 45.24133670342648, 32.933903128973974, 140.2248194864233, 57.01647913308542, 56.66568626602874, 55.21271995151518, 0, 0, 0, 55.15724611787611, 39.04389331939545, 22.310796182511687, 71.89034325475988, 109.49999999999997, 63.76471640469945, 47.463566274109546, 14.254119783271355, 0, 0, 21.693150941804966, 26.457513110645905, 59.249999999999986, 84.7563683466242, 70.55336829505575, 59.08844594710919, 62.121295878805135, 50.36949890313666, 84.90497436122503, 46.499999999999986, 30.567621781634273, 70.65085457795368, 30.996614709622563, 36.74999999999999, 0, 0, 115.49999999999997, 81.1363735393141, 52.30678732248807, 54.749999999999986, 9.915909414449638, 52.6782687642637, 26.249999999999993, 65.24999999999999, 34.84051514895949, 2.629472841430905, 51.33814311281237, 22.310796182511687, 109.07500355894602, 23.55028485931789, 44.00184802662027, 22.93054052091479, 57.63433047570445, 0, 43.21393808072165, 135.74999999999997, 82.81907992727277, 156.09932735281086, 56.53366609076446, 0, 19.40217628114033, 108.47580375364822, 78.94450308856996, 59.49545648669783, 0, 96.74999999999997, 8.217102629471578, 47.659195250935156, 0, 0, 107.59388664996003, 0, 22.499999999999993, 107.99999999999997, 38.26144628219035, 3.3902547338649676, 59.82050714255309, 0, 38.80435256228066, 94.92713254821909, 59.99999999999998, 0, 0, 45.02972240950425, 83.24999999999997, 0, 0, 29.12798390494581, 123.94886768062048, 103.49999999999997, 0, 168.4461668044456, 115.53114058315379, 0, 43.38630188360993, 49.57954707224819, 92.98984412886769, 149.99999999999994, 55.21892967004901, 0, 0, 92.60129588726068, 0, 34.08593861217064, 38.999999999999986, 113.41321392776773, 77.24999999999997, 15.013985249973427, 31.553674097170862, 114.74999999999997, 137.5790681753587, 65.0794528254149, 18.7349939951952, 0, 68.28941678213721, 58.602974685380154, 37.79867209556926, 90.08391149984057, 149.92590762699348, 19.212074490496175, 52.91502622129181, 71.24999999999997, 82.81907992727277, 128.24999999999997, 43.10466733056887, 24.789773536124095, 67.55213288593816, 154.33549314543447, 0, 132.28756555322954, 0, 53.79694332498001, 77.99999999999997, 106.49999999999996, 0, 5.916313893219536, 35.276684147527874, 149.99999999999994, 91.71937878357248, 101.63807149810879, 14.462100627869978, 68.78953408767936, 54.89024556487015, 0, 45.24133670342648, 0, 22.92984469589312, 0, 84.74999999999997, 58.83445482701651, 24.749999999999996, 44.09585518440985, 30.567621781634273, 59.970363050797395, 7.264831572567787, 2.421610524189263, 84.6640419540669, 18.749999999999993, 149.24999999999997, 144.74999999999994, 4.272893367325221, 110.31449223575223, 51.93208861826037, 55.776990456279215, 83.99999999999999], "B": 9130.959026246886}, "solution": [0.0, 0.0, 0.0, 0.0, 0.0, 0.0, 1.0, 0.0, 0.0, 0.0, 0.0, 0.0, 1.0, 1.0, 0.0, 0.0, 0.0, 0.0, 1.0, 0.0, 0.0, 0.0, 1.0, 0.0, 0.0, 0.0, 0.0, 0.0, 1.0, 0.0, 0.0, 0.0, 1.0, 0.0, 0.0, 0.0, 0.0, 0.0, 1.0, 0.0, 0.0, 0.0, 0.0, 0.0, 0.0, 0.0, 0.0, 0.0, 0.0, 1.0, 1.0, 0.0, 0.0, 0.0, 0.0, 0.0, 0.0, 0.0, 1.0, 0.0, 0.0, 0.0, 0.0, 1.0, 0.0, 0.0, 0.0, 0.0, 0.0, 0.0, 0.0, 1.0, 0.0, 0.0, 0.0, 0.0, 0.0, 0.0, 0.0, 0.0, 0.0, 0.0, 0.0, 1.0, 0.0, 0.0, 0.0, 0.0, 0.0, 0.0, 1.0, 1.0, 1.0, 0.0, 0.0, 0.0, 1.0, 1.0, 0.0, 0.0, 1.0, 0.0, 0.0, 0.0, 0.0, 1.0, 0.0, 0.0, 1.0, 0.0, 0.0, 0.0, 0.0, 0.0, 1.0, 0.0, 0.0, 0.0, 0.0, 0.0, 0.0, 0.0, 0.0, 1.0, 1.0, 0.0, 1.0, 1.0, 0.0, 0.0, 0.0, 1.0, 1.0, 0.0, 0.0, 0.0, 0.0, 0.0, 0.0, 0.0, 1.0, 0.0, 0.0, 0.0, 1.0, 1.0, 1.0, 0.0, 0.0, 0.0, 0.0, 0.0, 1.0, 1.0, 0.0, 0.0, 0.0, 1.0, 1.0, 0.0, 0.0, 0.0, 1.0, 0.0, 1.0, 0.0, 0.0, 0.0, 1.0, 0.0, 0.0, 0.0, 1.0, 0.0, 1.0, 0.0, 0.0, 0.0, 0.0, 0.0, 0.0, 0.0, 0.0, 0.0, 0.0, 0.0, 0.0, 0.0, 0.0, 0.0, 0.0, 0.0, 0.0, 1.0, 1.0, 0.0, 1.0, 0.0, 0.0, 0.0], "objective_value": 6423.824999999999, "solve_time": 25.326075315475464}