{"instance": {"c": [100.976, 111.209, 121.98400000000001, 95.921, 123.361, 152.369, 151.225, 131.00900000000001, 93.104, 144.529, 91.904, 152.369, 121.98400000000001, 121.076, 115.79599999999999, 114.521, 108.809, 105.344, 109.20400000000001, 94.336, 121.529, 114.1, 91.316, 133.50400000000002, 147.841, 111.209, 92.801, 91.609, 145.07600000000002, 91.316, 103.856, 157.616, 122.9, 157.025, 98.224, 90.449, 157.616, 86.384, 108.809, 86.9, 104.596, 104.969, 139.16899999999998, 141.824, 85.876, 101.32900000000001, 137.6, 123.824, 83.225, 102.761, 94.025, 113.681, 96.896, 106.864, 87.689, 81.236, 157.025, 117.524, 127.6, 112.849, 84.884, 84.4, 152.94400000000002, 134.00900000000001, 95.6, 98.561, 116.656, 97.889, 94.964, 101.32900000000001, 82.1, 109.601, 102.761, 149.524, 136.56400000000002, 99.584, 81.664, 96.896, 85.625, 124.289, 133.50400000000002, 82.1, 82.321, 143.98399999999998, 99.929, 106.481, 84.641, 88.769, 84.4, 92.801, 102.761, 120.176, 95.921, 155.849, 80.201, 155.264, 124.756, 137.08100000000002, 106.864, 92.201, 115.369, 110.804, 85.129, 80.201, 151.796, 89.6, 143.441, 87.956, 120.176, 119.729, 80.201, 143.441, 108.025, 94.649, 116.225, 91.904, 82.544, 107.636, 123.361, 122.441, 118.4, 99.241, 121.529, 157.025, 129.536, 137.6, 105.721, 111.616, 129.536, 93.409, 110.0, 82.996, 80.404, 150.656, 104.596, 81.025, 92.801, 86.384, 89.6, 135.025, 119.729, 102.761, 84.4, 86.129, 95.281, 84.4, 149.524, 144.529, 156.436, 160.0, 95.6, 144.529, 86.641, 114.521, 145.07600000000002, 87.956, 144.529, 157.025, 147.841, 84.4, 99.584, 111.209, 92.801, 151.796, 123.824, 104.225, 100.276, 87.689, 118.4, 140.756, 101.32900000000001, 104.969, 120.625, 89.6, 153.52100000000002, 106.864, 104.225, 127.12100000000001, 90.164, 128.56400000000002, 86.9, 115.79599999999999, 150.089, 130.025, 112.025, 149.524, 106.1, 104.596, 128.56400000000002, 85.376, 157.616, 157.616, 129.049, 143.441, 125.696, 130.025, 120.176, 130.025, 115.79599999999999, 93.409], "p": [76, 103, 128, 61, 131, 187, 185, 147, 52, 173, 48, 187, 128, 126, 114, 111, 97, 88, 98, 56, 127, 110, 46, 152, 179, 103, 51, 47, 174, 46, 84, 196, 130, 195, 68, 43, 196, 28, 97, 30, 86, 87, 163, 168, 26, 77, 160, 132, 15, 81, 55, 109, 64, 92, 33, 6, 195, 118, 140, 107, 22, 20, 188, 153, 60, 69, 116, 67, 58, 77, 10, 99, 81, 182, 158, 72, 8, 64, 25, 133, 152, 10, 11, 172, 73, 91, 21, 37, 20, 51, 81, 124, 61, 193, 1, 192, 134, 159, 92, 49, 113, 102, 23, 1, 186, 40, 171, 34, 124, 123, 1, 171, 95, 57, 115, 48, 12, 94, 131, 129, 120, 71, 127, 195, 144, 160, 89, 104, 144, 53, 100, 14, 2, 184, 86, 5, 51, 28, 40, 155, 123, 81, 20, 27, 59, 20, 182, 173, 194, 200, 60, 173, 29, 111, 174, 34, 173, 195, 179, 20, 72, 103, 51, 186, 132, 85, 74, 33, 120, 166, 77, 87, 125, 40, 189, 92, 85, 139, 42, 142, 30, 114, 183, 145, 105, 182, 90, 86, 142, 24, 196, 196, 143, 171, 136, 145, 124, 145, 114, 53], "q": [24.9799919935936, 0, 42.07156546289448, 45.74999999999999, 43.05761777843107, 0, 60.80655945808968, 129.64181424216494, 0, 107.21577054373671, 29.747728243348917, 61.463927668447404, 61.993229419245125, 41.41419725253676, 85.49999999999999, 53.75975363700163, 72.74999999999999, 28.924201255739955, 73.49999999999999, 18.406309890016338, 78.70753097719401, 36.155251569674945, 28.50823956654271, 113.99999999999996, 58.83445482701651, 63.83366685551955, 44.97777228809804, 0, 153.45357604174626, 28.50823956654271, 0, 146.99999999999997, 114.6492234794656, 94.44281044338125, 59.970363050797395, 0, 94.92713254821909, 20.999999999999996, 72.74999999999999, 0, 75.84487091718493, 0, 101.01832715970569, 104.1170488517212, 8.545786734650441, 0, 141.1067365901115, 98.99999999999999, 0, 0, 26.637715766081886, 81.74999999999999, 0, 57.01647913308542, 10.846575470902483, 5.291502622129181, 146.24999999999994, 73.12983193156609, 46.01577472504084, 94.36513009463708, 7.231050313934989, 17.638342073763937, 0, 134.93331686429414, 44.999999999999986, 42.76235934981406, 0, 22.021835046983828, 28.090682080595446, 37.29280207251465, 8.819171036881968, 87.30979326513149, 39.23009049186605, 136.49999999999997, 139.3429023827351, 44.621592365023375, 0, 0, 12.108052620946314, 64.41483994343439, 134.05139976060593, 6.197443384031024, 9.701088140570166, 128.99999999999997, 54.749999999999986, 68.24999999999999, 18.520259177452136, 17.91991787900054, 14.999999999999995, 44.97777228809804, 71.43528539874394, 109.35772085733642, 0, 119.61065731179878, 0.32868410517886315, 118.99091297339567, 83.04574134601572, 52.26077272343924, 57.01647913308542, 16.105521153764293, 0, 76.49999999999999, 7.559734419113853, 0.6197443384031024, 164.03658128600463, 35.276684147527874, 105.9762818669305, 25.499999999999993, 92.99999999999997, 76.22855362358159, 0.48432210483785254, 105.9762818669305, 71.24999999999997, 18.7349939951952, 55.69704205635304, 29.747728243348917, 3.944209262146358, 45.526277854758135, 98.24999999999997, 62.477551524082976, 105.83005244258362, 34.38686944348753, 95.24999999999999, 120.85014598860498, 0, 99.15909414449638, 0, 77.99999999999997, 0, 17.420257574479745, 61.97443384031024, 6.780509467729935, 1.2394886768062048, 89.11526729016487, 53.2980131026668, 4.409585518440984, 16.76288936412202, 24.693678903269515, 0, 116.24999999999997, 108.47580375364822, 60.74999999999998, 9.686442096757052, 8.874470839829305, 28.575004185433297, 12.394886768062047, 160.50891287125185, 83.78772413694848, 93.95848833854338, 96.86442096757051, 52.91502622129181, 0, 14.045341040297723, 36.48393567485381, 130.49999999999997, 29.985181525398698, 107.21577054373671, 171.97383521919838, 0, 0, 23.665255572878145, 0, 0, 115.27244694297704, 98.99999999999999, 27.938148940203366, 45.86108104182958, 10.846575470902483, 105.83005244258362, 102.87756017491499, 57.749999999999986, 42.136023120893164, 41.085513147357894, 24.789773536124095, 62.121295878805135, 44.55763364508243, 74.96295381349674, 86.14446303803123, 37.04051835490427, 125.23222872372396, 14.529663145135574, 70.65085457795368, 0, 47.659195250935156, 0, 112.79346958936463, 29.581569466097683, 0, 0, 14.873864121674458, 94.92713254821909, 94.92713254821909, 0, 0, 101.99999999999997, 127.87798003478855, 109.35772085733642, 0, 100.53854982045443, 46.741606495474436], "B": 8665.982766255462}, "solution": [0.0, 0.0, 0.0, 0.0, 0.0, 0.0, 0.0, 1.0, 0.0, 1.0, 0.0, 0.0, 0.0, 0.0, 0.0, 0.0, 0.0, 0.0, 0.0, 0.0, 0.0, 0.0, 0.0, 1.0, 0.0, 0.0, 0.0, 0.0, 1.0, 0.0, 0.0, 1.0, 1.0, 1.0, 0.0, 0.0, 1.0, 0.0, 0.0, 0.0, 0.0, 0.0, 1.0, 1.0, 0.0, 0.0, 1.0, 0.0, 0.0, 0.0, 0.0, 0.0, 0.0, 0.0, 0.0, 0.0, 1.0, 0.0, 0.0, 0.0, 0.0, 0.0, 0.0, 1.0, 0.0, 0.0, 0.0, 0.0, 0.0, 0.0, 0.0, 0.0, 0.0, 1.0, 0.0, 0.0, 0.0, 0.0, 0.0, 0.0, 1.0, 0.0, 0.0, 1.0, 0.0, 0.0, 0.0, 0.0, 0.0, 0.0, 0.0, 1.0, 0.0, 1.0, 0.0, 1.0, 0.0, 0.0, 0.0, 0.0, 0.0, 0.0, 0.0, 0.0, 1.0, 0.0, 1.0, 0.0, 0.0, 0.0, 0.0, 1.0, 0.0, 0.0, 0.0, 0.0, 0.0, 0.0, 0.0, 0.0, 0.0, 0.0, 0.0, 1.0, 0.0, 1.0, 0.0, 0.0, 0.0, 0.0, 0.0, 0.0, 0.0, 1.0, 0.0, 0.0, 0.0, 0.0, 0.0, 1.0, 1.0, 0.0, 0.0, 0.0, 0.0, 0.0, 1.0, 0.0, 0.0, 1.0, 0.0, 0.0, 0.0, 0.0, 1.0, 0.0, 1.0, 1.0, 0.0, 0.0, 0.0, 0.0, 0.0, 1.0, 0.0, 0.0, 0.0, 0.0, 1.0, 1.0, 0.0, 0.0, 0.0, 0.0, 0.0, 0.0, 0.0, 0.0, 0.0, 1.0, 0.0, 0.0, 0.0, 0.0, 0.0, 1.0, 0.0, 0.0, 0.0, 0.0, 1.0, 1.0, 0.0, 0.0, 1.0, 1.0, 1.0, 0.0, 0.0, 0.0], "objective_value": 5992.238999999999, "solve_time": 44.78923177719116}