{"instance": {"c": [124.756, 116.656, 137.6, 89.321, 126.644, 114.1, 90.449, 117.089, 146.72899999999998, 126.644, 83.68900000000001, 104.969, 86.129, 80.816, 82.996, 118.4, 83.68900000000001, 145.07600000000002, 89.321, 85.625, 130.51600000000002, 130.51600000000002, 113.26400000000001, 158.209, 132.001, 123.361, 82.769, 133.001, 117.089, 81.881, 154.1, 127.6, 106.864, 130.025, 149.524, 98.9, 105.721, 94.649, 115.79599999999999, 92.201, 118.84100000000001, 80.609, 124.756, 143.441, 103.856, 87.161, 127.12100000000001, 159.401, 113.681, 155.264, 81.664, 128.56400000000002, 114.944, 119.284, 84.4, 82.769, 143.98399999999998, 150.089, 81.236, 89.321, 131.50400000000002, 94.964, 122.9, 141.289, 84.641, 107.249, 87.956, 130.51600000000002, 81.236, 142.361, 92.5, 139.696, 154.1, 94.964, 145.625, 136.049, 129.536, 95.281, 134.00900000000001, 81.025, 82.544, 133.001, 96.896, 86.9, 138.121, 111.209, 159.401, 90.736, 111.209, 94.649, 85.876, 114.944, 82.769, 129.536, 130.025, 94.649, 101.32900000000001, 86.384, 83.68900000000001, 87.424, 120.625, 131.00900000000001, 134.00900000000001, 147.841, 84.4, 80.201, 100.976, 140.225, 94.336, 157.616, 83.68900000000001, 140.756, 119.284, 126.644, 113.681, 151.796, 91.025, 81.881, 84.4, 142.9, 88.496, 84.161, 96.896, 143.441, 91.025, 81.449, 119.284, 81.664, 135.536, 85.376, 117.524, 134.51600000000002, 102.041, 145.07600000000002, 151.796, 128.08100000000002, 141.289, 103.856, 106.864, 89.044, 84.4, 158.804, 89.6, 149.524, 85.625, 98.9, 141.289, 112.025, 89.6, 85.129, 100.276, 91.316, 158.209, 87.689, 116.225, 87.689, 143.98399999999998, 145.625, 121.98400000000001, 135.536, 85.376, 99.584, 83.924, 155.849, 114.944, 107.636, 82.321, 152.94400000000002, 99.929, 84.161, 118.4, 160.0, 104.969, 116.656, 148.4, 108.416, 86.129, 81.236, 85.129, 136.049, 124.289, 114.521, 105.721, 139.696, 139.696, 151.796, 81.236, 132.5, 147.841, 102.761, 110.40100000000001, 111.209, 151.225, 158.209, 97.225, 130.025, 131.00900000000001, 86.641, 84.884, 108.809], "p": [134, 116, 160, 39, 138, 110, 43, 117, 177, 138, 17, 87, 27, 4, 14, 120, 17, 174, 39, 25, 146, 146, 108, 197, 149, 131, 13, 151, 117, 9, 190, 140, 92, 145, 182, 70, 89, 57, 114, 49, 121, 3, 134, 171, 84, 31, 139, 199, 109, 192, 8, 142, 112, 122, 20, 13, 172, 183, 6, 39, 148, 58, 130, 167, 21, 93, 34, 146, 6, 169, 50, 164, 190, 58, 175, 157, 144, 59, 153, 5, 12, 151, 64, 30, 161, 103, 199, 44, 103, 57, 26, 112, 13, 144, 145, 57, 77, 28, 17, 32, 125, 147, 153, 179, 20, 1, 76, 165, 56, 196, 17, 166, 122, 138, 109, 186, 45, 9, 20, 170, 36, 19, 64, 171, 45, 7, 122, 8, 156, 24, 118, 154, 79, 174, 186, 141, 167, 84, 92, 38, 20, 198, 40, 182, 25, 70, 167, 105, 40, 23, 74, 46, 197, 33, 115, 33, 172, 175, 128, 156, 24, 72, 18, 193, 112, 94, 11, 188, 73, 19, 120, 200, 87, 116, 180, 96, 27, 6, 23, 157, 133, 111, 89, 164, 164, 186, 6, 150, 179, 81, 101, 103, 185, 197, 65, 145, 147, 29, 22, 97], "q": [64.89916204827223, 102.30238402783084, 77.49153677405641, 18.88856208867625, 0, 97.01088140570165, 26.6490065513334, 56.66568626602874, 58.17708661665877, 85.52471869962812, 14.992590762699349, 0, 23.811761799581316, 2.999999999999999, 10.499999999999998, 0, 14.992590762699349, 153.45357604174626, 12.818680101975662, 22.047927592204925, 70.71102730632647, 109.49999999999997, 80.99999999999997, 147.74999999999997, 48.973931671650604, 63.44619573375868, 8.056676399240331, 0, 87.74999999999999, 4.358898943540672, 117.75142429658945, 0, 30.23893767645541, 47.659195250935156, 136.49999999999997, 61.734197258173786, 29.25288536091882, 42.74999999999999, 0, 0, 90.74999999999997, 2.6457513110645907, 0, 0, 52.0585244258606, 27.339430214334104, 86.14446303803123, 175.5015036339512, 0, 63.107348194341725, 5.999999999999998, 68.77373888697505, 54.24407574183948, 59.087296790218005, 14.999999999999995, 6.296187362892082, 128.99999999999997, 137.24999999999994, 0, 0, 48.645247566471745, 19.063678100374062, 114.6492234794656, 103.4973045133181, 10.170764201594903, 69.74999999999999, 29.985181525398698, 70.71102730632647, 5.291502622129181, 104.7367931901243, 16.434205258943155, 101.63807149810879, 117.75142429658945, 35.94517162737994, 131.24999999999994, 138.46098527904692, 126.99606293110035, 36.564915965783044, 114.74999999999997, 4.409585518440984, 8.999999999999998, 0, 47.999999999999986, 9.860523155365893, 0, 49.885176798298815, 149.24999999999997, 27.268750889736506, 90.83746167988427, 18.7349939951952, 8.545786734650441, 54.24407574183948, 9.749999999999996, 47.33051114575629, 47.659195250935156, 27.60635997575759, 67.90761698399116, 13.56101893545987, 10.53565375285274, 19.831818828899276, 77.4680423003878, 48.31656346129288, 134.93331686429414, 58.83445482701651, 6.573682103577263, 0.6197443384031024, 36.808479967676796, 54.232877354512425, 41.99999999999999, 0, 8.233475782243493, 0, 0, 103.49999999999997, 0, 0, 0, 6.749999999999998, 6.573682103577263, 0, 22.310796182511687, 6.2449979983984, 39.66363765779855, 105.9762818669305, 33.749999999999986, 3.3902547338649676, 75.6088092851785, 3.8745768387028203, 116.99999999999997, 21.166010488516726, 0, 135.81523396798232, 69.67145119136755, 0, 0, 46.3444588302197, 54.89024556487015, 52.0585244258606, 30.23893767645541, 0, 6.573682103577263, 122.70937900381428, 29.99999999999999, 59.82050714255309, 18.749999999999993, 52.499999999999986, 80.88179150792136, 78.74999999999997, 19.372884193514103, 11.139408411270608, 55.499999999999986, 28.50823956654271, 147.74999999999997, 15.982629459649134, 71.27059891635678, 15.982629459649134, 128.99999999999997, 154.33549314543447, 95.99999999999997, 96.68011679088397, 11.623730516108461, 53.999999999999986, 15.874507866387544, 63.43603229952059, 54.24407574183948, 30.896305886813135, 5.327543153216378, 0, 54.749999999999986, 16.75642497007574, 89.99999999999997, 176.3834207376394, 53.9177574410699, 102.30238402783084, 59.163138932195366, 84.6640419540669, 20.249999999999993, 2.9059326290271152, 14.254119783271355, 76.03857045954285, 64.41483994343439, 83.24999999999997, 29.25288536091882, 144.6344050048643, 0, 139.49999999999997, 4.499999999999999, 112.49999999999997, 86.6936567659756, 50.19929141065129, 48.9165325886231, 49.885176798298815, 89.59958939500271, 64.75076872023604, 40.283381996201655, 127.87798003478855, 0, 14.045341040297723, 19.40217628114033, 85.5459590577551], "B": 7293.920704223328}, "solution": [0.0, 1.0, 0.0, 0.0, 0.0, 0.0, 0.0, 0.0, 0.0, 0.0, 0.0, 0.0, 0.0, 0.0, 0.0, 0.0, 0.0, 1.0, 0.0, 0.0, 0.0, 1.0, 0.0, 1.0, 0.0, 0.0, 0.0, 0.0, 0.0, 0.0, 1.0, 0.0, 0.0, 0.0, 1.0, 0.0, 0.0, 0.0, 0.0, 0.0, 0.0, 0.0, 0.0, 0.0, 0.0, 0.0, 0.0, 1.0, 0.0, 0.0, 0.0, 0.0, 0.0, 0.0, 0.0, 0.0, 1.0, 1.0, 0.0, 0.0, 0.0, 0.0, 1.0, 1.0, 0.0, 0.0, 0.0, 0.0, 0.0, 1.0, 0.0, 1.0, 1.0, 0.0, 1.0, 1.0, 1.0, 0.0, 1.0, 0.0, 0.0, 0.0, 0.0, 0.0, 0.0, 0.0, 1.0, 0.0, 0.0, 0.0, 0.0, 0.0, 0.0, 0.0, 0.0, 0.0, 0.0, 0.0, 0.0, 0.0, 0.0, 0.0, 1.0, 0.0, 0.0, 0.0, 0.0, 0.0, 0.0, 0.0, 0.0, 0.0, 0.0, 1.0, 0.0, 0.0, 0.0, 0.0, 0.0, 0.0, 0.0, 0.0, 0.0, 1.0, 0.0, 0.0, 0.0, 0.0, 1.0, 0.0, 0.0, 1.0, 0.0, 0.0, 0.0, 0.0, 0.0, 0.0, 0.0, 0.0, 0.0, 1.0, 0.0, 0.0, 0.0, 0.0, 0.0, 0.0, 0.0, 0.0, 0.0, 0.0, 1.0, 0.0, 0.0, 0.0, 1.0, 1.0, 0.0, 1.0, 0.0, 0.0, 0.0, 0.0, 0.0, 0.0, 0.0, 0.0, 0.0, 0.0, 0.0, 1.0, 0.0, 1.0, 0.0, 0.0, 0.0, 0.0, 0.0, 0.0, 0.0, 0.0, 0.0, 1.0, 0.0, 1.0, 0.0, 1.0, 0.0, 0.0, 0.0, 0.0, 0.0, 0.0, 0.0, 1.0, 0.0, 0.0, 0.0, 0.0], "objective_value": 4959.498, "solve_time": 120.52514791488647}