{"instance": {"c": [83.456, 113.26400000000001, 121.98400000000001, 117.524, 81.025, 94.025, 116.656, 141.824, 134.51600000000002, 136.56400000000002, 83.68900000000001, 143.98399999999998, 140.756, 82.996, 152.369, 91.609, 145.07600000000002, 101.32900000000001, 140.756, 111.616, 104.225, 90.449, 157.616, 108.809, 102.041, 133.50400000000002, 135.536, 136.049, 118.4, 132.001, 81.881, 122.441, 81.881, 125.696, 121.98400000000001, 92.201, 136.56400000000002, 89.044, 89.321, 97.889, 82.1, 96.244, 85.129, 94.336, 133.50400000000002, 104.596, 158.804, 95.921, 99.584, 86.9, 97.225, 83.225, 80.201, 159.401, 130.025, 140.756, 102.4, 102.761, 104.225, 90.449, 140.225, 144.529, 111.209, 91.609, 81.025, 158.804, 130.025, 141.824, 155.264, 98.224, 155.849, 83.68900000000001, 135.536, 101.32900000000001, 88.769, 119.284, 136.56400000000002, 155.264, 98.9, 119.284, 87.956, 110.0, 122.9, 88.769, 108.809, 133.001, 96.896, 84.161, 125.696, 91.609, 132.5, 121.529, 153.52100000000002, 144.529, 85.129, 93.71600000000001, 88.496, 120.176, 141.824, 117.524, 86.9, 104.969, 108.416, 91.316, 100.276, 81.664, 87.424, 129.049, 149.524, 134.00900000000001, 112.025, 103.489, 83.456, 110.0, 82.544, 99.241, 95.921, 132.001, 98.9, 85.625, 104.969, 106.481, 142.9, 92.5, 90.736, 91.609, 157.025, 144.529, 145.07600000000002, 136.049, 83.456, 88.769, 152.94400000000002, 86.129, 153.52100000000002, 80.404, 105.344, 119.729, 138.644, 91.904, 86.9, 90.449, 120.176, 90.736, 101.32900000000001, 81.449, 125.225, 81.881, 113.26400000000001, 120.176, 82.321, 90.164, 127.12100000000001, 143.98399999999998, 136.56400000000002, 100.976, 124.756, 90.736, 80.609, 93.71600000000001, 131.50400000000002, 127.6, 107.249, 138.121, 112.025, 97.889, 80.201, 106.481, 108.809, 129.536, 89.044, 80.404, 108.809, 83.225, 114.944, 101.684, 82.321, 97.556, 150.656, 97.556, 80.609, 92.801, 143.98399999999998, 89.044, 152.369, 100.976, 102.4, 117.089, 83.225, 146.72899999999998, 144.529, 129.049, 150.656, 114.1, 82.544, 84.884, 144.529, 80.404, 82.321, 86.129], "p": [16, 108, 128, 118, 5, 55, 116, 168, 154, 158, 17, 172, 166, 14, 187, 47, 174, 77, 166, 104, 85, 43, 196, 97, 79, 152, 156, 157, 120, 149, 9, 129, 9, 136, 128, 49, 158, 38, 39, 67, 10, 62, 23, 56, 152, 86, 198, 61, 72, 30, 65, 15, 1, 199, 145, 166, 80, 81, 85, 43, 165, 173, 103, 47, 5, 198, 145, 168, 192, 68, 193, 17, 156, 77, 37, 122, 158, 192, 70, 122, 34, 100, 130, 37, 97, 151, 64, 19, 136, 47, 150, 127, 189, 173, 23, 54, 36, 124, 168, 118, 30, 87, 96, 46, 74, 8, 32, 143, 182, 153, 105, 83, 16, 100, 12, 71, 61, 149, 70, 25, 87, 91, 170, 50, 44, 47, 195, 173, 174, 157, 16, 37, 188, 27, 189, 2, 88, 123, 162, 48, 30, 43, 124, 44, 77, 7, 135, 9, 108, 124, 11, 42, 139, 172, 158, 76, 134, 44, 3, 54, 148, 140, 93, 161, 105, 67, 1, 91, 97, 144, 38, 2, 97, 15, 112, 78, 11, 66, 184, 66, 3, 51, 172, 38, 187, 76, 80, 117, 15, 177, 173, 143, 184, 110, 12, 22, 173, 2, 11, 27], "q": [11.999999999999996, 95.24704719832526, 95.99999999999997, 88.49999999999997, 3.098721692015512, 26.637715766081886, 71.89034325475988, 125.99999999999997, 0, 51.93208861826037, 8.233475782243493, 106.5960262053336, 102.87756017491499, 12.346839451634757, 140.24999999999997, 0, 0, 47.720314057038884, 124.49999999999997, 77.99999999999997, 52.6782687642637, 26.6490065513334, 94.92713254821909, 85.5459590577551, 48.95980273384509, 113.99999999999996, 137.5790681753587, 138.46098527904692, 58.118652580542296, 131.40564844954133, 4.358898943540672, 42.40024956807334, 7.937253933193772, 119.94072610159479, 42.07156546289448, 16.105521153764293, 51.93208861826037, 18.404239983838398, 18.88856208867625, 59.08844594710919, 6.197443384031024, 30.027970499946854, 20.284093384828527, 27.12203787091974, 0, 75.84487091718493, 148.49999999999994, 29.543648395109003, 23.665255572878145, 9.860523155365893, 40.283381996201655, 9.296165076046536, 0.32868410517886315, 175.5015036339512, 127.87798003478855, 146.39823921224067, 59.99999999999998, 71.43528539874394, 74.96295381349674, 20.82585050802766, 54.232877354512425, 107.21577054373671, 49.885176798298815, 41.450103873345256, 2.421610524189263, 0, 0, 81.36611361275922, 63.107348194341725, 0, 63.43603229952059, 12.749999999999996, 0, 25.308676098772462, 17.91991787900054, 107.59388664996003, 97.91960546769018, 143.99999999999997, 61.734197258173786, 40.099460831821304, 29.985181525398698, 88.1917103688197, 80.56676399240331, 17.91991787900054, 46.97924416927169, 133.16948265691772, 21.03578273144724, 14.249999999999995, 101.99999999999997, 41.450103873345256, 112.49999999999997, 0, 91.53687781435413, 56.86235019594332, 11.139408411270608, 26.153393661244035, 31.74901573277509, 92.99999999999997, 148.1620734196171, 57.150008370866594, 18.592330152093073, 42.136023120893164, 59.49545648669783, 34.49999999999999, 55.499999999999986, 7.055336829505575, 23.999999999999993, 126.11414582741214, 112.79346958936463, 94.82088377567466, 0, 62.249999999999986, 7.749153677405641, 61.97443384031024, 5.8118652580542305, 0, 37.80440464258925, 92.34190642206225, 52.499999999999986, 8.217102629471578, 76.72678802087313, 29.910253571276545, 127.49999999999996, 16.434205258943155, 32.99999999999999, 22.763138927379067, 146.24999999999994, 0, 84.27204624178633, 76.03857045954285, 9.915909414449638, 12.161311891617936, 91.05255570951627, 23.811761799581316, 0, 1.7638342073763937, 65.99999999999999, 59.57161889505586, 121.49999999999996, 15.776837048585431, 14.529663145135574, 14.133416522691116, 109.35772085733642, 32.99999999999999, 0, 4.338210368821717, 101.24999999999997, 7.937253933193772, 0, 109.35772085733642, 6.817187722434126, 31.499999999999993, 122.58647741265936, 56.53366609076446, 118.49999999999997, 24.9799919935936, 118.17689189421839, 21.31017261286551, 2.6457513110645907, 17.74894167965861, 71.67967151600216, 46.01577472504084, 0, 0, 92.60129588726068, 50.249999999999986, 0.8819171036881969, 44.073311540244575, 0, 126.99606293110035, 23.55028485931789, 0.9686442096757051, 60.115200825100935, 13.228756555322953, 69.41136590114748, 0, 8.249999999999998, 40.90312633460476, 162.2727470786282, 31.965258919298268, 1.4529663145135576, 31.606961258558226, 0, 33.51284994015148, 115.89219128138014, 56.99999999999998, 26.294728414309052, 72.51008759316298, 13.228756555322953, 156.09932735281086, 107.21577054373671, 126.11414582741214, 89.11526729016487, 53.27543153216377, 3.944209262146358, 7.231050313934989, 83.78772413694848, 0.9686442096757051, 6.817187722434126, 8.874470839829305], "B": 5509.322585171371}, "solution": [0.0, 0.0, 0.0, 0.0, 0.0, 0.0, 0.0, 1.0, 0.0, 0.0, 0.0, 0.0, 0.0, 0.0, 1.0, 0.0, 0.0, 0.0, 1.0, 0.0, 0.0, 0.0, 0.0, 0.0, 0.0, 0.0, 1.0, 1.0, 0.0, 1.0, 0.0, 0.0, 0.0, 1.0, 0.0, 0.0, 0.0, 0.0, 0.0, 0.0, 0.0, 0.0, 0.0, 0.0, 0.0, 0.0, 1.0, 0.0, 0.0, 0.0, 0.0, 0.0, 0.0, 1.0, 1.0, 1.0, 0.0, 0.0, 0.0, 0.0, 0.0, 0.0, 0.0, 0.0, 0.0, 0.0, 0.0, 0.0, 0.0, 0.0, 0.0, 0.0, 0.0, 0.0, 0.0, 0.0, 0.0, 1.0, 0.0, 0.0, 0.0, 0.0, 0.0, 0.0, 0.0, 1.0, 0.0, 0.0, 0.0, 0.0, 0.0, 0.0, 0.0, 0.0, 0.0, 0.0, 0.0, 0.0, 1.0, 0.0, 0.0, 0.0, 0.0, 0.0, 0.0, 0.0, 0.0, 1.0, 0.0, 0.0, 0.0, 0.0, 0.0, 0.0, 0.0, 0.0, 0.0, 0.0, 0.0, 0.0, 0.0, 0.0, 1.0, 0.0, 0.0, 0.0, 1.0, 0.0, 0.0, 0.0, 0.0, 0.0, 0.0, 0.0, 0.0, 0.0, 0.0, 0.0, 1.0, 0.0, 0.0, 0.0, 0.0, 0.0, 0.0, 0.0, 0.0, 0.0, 0.0, 0.0, 0.0, 0.0, 1.0, 0.0, 1.0, 0.0, 1.0, 0.0, 0.0, 0.0, 0.0, 0.0, 0.0, 0.0, 0.0, 0.0, 0.0, 0.0, 0.0, 1.0, 0.0, 0.0, 0.0, 0.0, 0.0, 0.0, 0.0, 0.0, 1.0, 0.0, 0.0, 0.0, 0.0, 0.0, 1.0, 0.0, 0.0, 0.0, 0.0, 1.0, 0.0, 1.0, 0.0, 0.0, 0.0, 0.0, 0.0, 0.0, 0.0, 0.0], "objective_value": 3647.7040000000006, "solve_time": 15.443613767623901}