{"instance": {"c": [99.584, 119.729, 105.721, 100.976, 98.9, 94.649, 117.961, 152.94400000000002, 131.50400000000002, 158.209, 108.809, 112.436, 103.124, 147.841, 135.025, 127.12100000000001, 123.824, 80.816, 82.769, 110.40100000000001, 85.376, 83.225, 126.644, 155.264, 114.521, 92.5, 114.1, 80.201, 112.436, 97.225, 103.856, 92.201, 131.50400000000002, 84.884, 123.361, 89.044, 112.849, 97.225, 150.656, 88.769, 113.681, 130.51600000000002, 152.369, 91.904, 116.656, 147.284, 95.921, 128.08100000000002, 96.244, 86.384, 152.94400000000002, 160.0, 88.496, 99.929, 146.176, 87.161, 102.041, 97.889, 82.996, 84.884, 83.924, 93.71600000000001, 95.921, 102.041, 84.641, 91.904, 108.416, 95.921, 125.696, 117.524, 121.529, 100.625, 142.9, 113.681, 147.284, 113.681, 95.281, 150.089, 156.436, 146.72899999999998, 133.001, 98.9, 131.00900000000001, 80.816, 81.025, 87.956, 109.601, 124.289, 82.996, 89.6, 136.56400000000002, 83.924, 127.6, 154.1, 80.201, 142.361, 90.449, 90.164, 99.241, 103.489, 118.4, 109.601, 105.344, 82.321, 97.889, 98.9, 86.9, 112.025, 125.225, 82.1, 116.225, 130.51600000000002, 96.569, 96.244, 92.201, 135.536, 141.289, 91.609, 102.4, 83.456, 102.041, 92.201, 107.249, 154.681, 140.756, 85.625, 102.761, 132.001, 142.361, 112.025, 92.801, 126.16900000000001, 98.561, 91.316, 110.40100000000001, 84.884, 90.449, 104.596, 154.681, 84.641, 139.696, 90.164, 85.876, 114.1, 130.025, 89.6, 121.98400000000001, 152.369, 108.416, 123.361, 99.584, 154.681, 126.16900000000001, 100.976, 103.124, 115.79599999999999, 103.856, 114.1, 122.9, 86.641, 132.5, 91.904, 105.721, 98.224, 82.1, 133.50400000000002, 101.32900000000001, 117.961, 129.536, 85.625, 84.884, 125.225, 155.264, 136.049, 156.436, 136.049, 148.961, 129.536, 142.9, 102.041, 111.209, 109.20400000000001, 87.689, 149.524, 103.856, 112.849, 160.0, 90.164, 110.40100000000001, 108.809, 142.361, 86.9, 150.089, 125.696, 108.809, 83.225, 93.71600000000001, 80.404, 138.644, 139.696], "p": [72, 123, 89, 76, 70, 57, 119, 188, 148, 197, 97, 106, 82, 179, 155, 139, 132, 4, 13, 101, 24, 15, 138, 192, 111, 50, 110, 1, 106, 65, 84, 49, 148, 22, 131, 38, 107, 65, 184, 37, 109, 146, 187, 48, 116, 178, 61, 141, 62, 28, 188, 200, 36, 73, 176, 31, 79, 67, 14, 22, 18, 54, 61, 79, 21, 48, 96, 61, 136, 118, 127, 75, 170, 109, 178, 109, 59, 183, 194, 177, 151, 70, 147, 4, 5, 34, 99, 133, 14, 40, 158, 18, 140, 190, 1, 169, 43, 42, 71, 83, 120, 99, 88, 11, 67, 70, 30, 105, 135, 10, 115, 146, 63, 62, 49, 156, 167, 47, 80, 16, 79, 49, 93, 191, 166, 25, 81, 149, 169, 105, 51, 137, 69, 46, 101, 22, 43, 86, 191, 21, 164, 42, 26, 110, 145, 40, 128, 187, 96, 131, 72, 191, 137, 76, 82, 114, 84, 110, 130, 29, 150, 48, 89, 68, 10, 152, 77, 119, 144, 25, 22, 135, 192, 157, 194, 157, 181, 144, 170, 79, 103, 98, 33, 182, 84, 107, 200, 42, 101, 97, 169, 30, 183, 136, 97, 15, 54, 2, 162, 164], "q": [23.665255572878145, 108.47580375364822, 29.25288536091882, 24.9799919935936, 33.902547338649676, 0, 89.24999999999997, 61.79261177362627, 0, 173.7376694265748, 0, 79.49999999999999, 26.95209662466678, 58.83445482701651, 50.94603630272379, 86.14446303803123, 63.930517838596536, 2.999999999999999, 8.056676399240331, 75.74999999999999, 7.888418524292716, 7.264831572567787, 121.70456030897117, 143.99999999999997, 68.79162156274437, 24.216105241892627, 53.27543153216377, 0.48432210483785254, 0, 21.364466836626104, 0, 0, 71.67967151600216, 16.499999999999996, 0, 28.49999999999999, 94.36513009463708, 48.749999999999986, 114.03295826617084, 0, 67.55213288593816, 47.987879356114014, 164.91849838969281, 42.33202097703345, 0, 58.50577072183764, 53.79694332498001, 105.74999999999997, 30.027970499946854, 17.35284147528687, 0, 65.73682103577262, 26.999999999999993, 64.37994856923838, 155.21741024912265, 10.189207260544759, 59.249999999999986, 0, 4.6015774725040846, 16.499999999999996, 13.499999999999996, 0, 29.543648395109003, 59.249999999999986, 13.01463110646515, 35.99999999999999, 31.553674097170862, 0, 44.701038304325394, 38.78472441110585, 95.24999999999999, 56.249999999999986, 55.87629788040673, 81.74999999999999, 133.49999999999997, 96.12896430201346, 52.03310911760362, 60.149191247731956, 171.0919181155102, 156.09932735281086, 133.16948265691772, 43.382103688217164, 71.19534941116432, 3.5276684147527875, 0, 25.499999999999993, 32.53972641270745, 117.29497479053019, 0, 29.99999999999999, 51.93208861826037, 15.874507866387544, 104.99999999999997, 142.49999999999994, 0.48432210483785254, 126.74999999999997, 20.82585050802766, 37.04051835490427, 34.38686944348753, 73.19911960612033, 0, 74.24999999999997, 54.53750177947301, 0, 0, 43.382103688217164, 0, 65.07315553232576, 119.05880899790658, 4.843221048378526, 55.69704205635304, 90.48267340685295, 55.560777532356404, 0, 16.105521153764293, 96.68011679088397, 0, 15.448152943406567, 49.57954707224819, 11.999999999999996, 38.26144628219035, 36.74999999999999, 45.041955749920284, 62.77866408916286, 146.39823921224067, 22.047927592204925, 60.74999999999998, 131.40564844954133, 104.7367931901243, 0, 44.97777228809804, 102.74999999999999, 0, 40.56818676965705, 48.9165325886231, 19.40217628114033, 26.6490065513334, 0, 0, 0, 144.6344050048643, 13.804732417512252, 22.92984469589312, 0, 47.659195250935156, 0, 61.993229419245125, 90.56823360467843, 0, 63.44619573375868, 34.87119154832538, 143.24999999999997, 120.82264320528297, 0, 72.31720250243215, 37.4699879903904, 27.609464835024504, 36.155251569674945, 62.96187362892083, 21.749999999999993, 112.49999999999997, 0, 29.25288536091882, 32.933903128973974, 4.843221048378526, 113.99999999999996, 57.749999999999986, 0, 69.74238309665076, 15.49360846007756, 16.499999999999996, 119.05880899790658, 92.98984412886769, 138.46098527904692, 145.49999999999997, 97.29986112928707, 59.49182303737423, 47.33051114575629, 105.3565375285274, 0, 90.83746167988427, 86.4278761614433, 10.846575470902483, 59.82050714255309, 40.68305680637961, 94.36513009463708, 123.94886768062048, 13.804732417512252, 48.9165325886231, 85.5459590577551, 126.74999999999997, 26.457513110645905, 88.63094518532702, 84.28523002282192, 72.74999999999999, 9.296165076046536, 0, 1.7638342073763937, 121.49999999999996, 122.99999999999997], "B": 2798.9679394042823}, "solution": [0.0, 0.0, 0.0, 0.0, 0.0, 0.0, 0.0, 0.0, 0.0, 1.0, 0.0, 0.0, 0.0, 0.0, 0.0, 0.0, 0.0, 0.0, 0.0, 0.0, 0.0, 0.0, 0.0, 1.0, 0.0, 0.0, 0.0, 0.0, 0.0, 0.0, 0.0, 0.0, 0.0, 0.0, 0.0, 0.0, 0.0, 0.0, 0.0, 0.0, 0.0, 0.0, 1.0, 0.0, 0.0, 0.0, 0.0, 0.0, 0.0, 0.0, 0.0, 0.0, 0.0, 0.0, 0.0, 0.0, 0.0, 0.0, 0.0, 0.0, 0.0, 0.0, 0.0, 0.0, 0.0, 0.0, 0.0, 0.0, 0.0, 0.0, 0.0, 0.0, 0.0, 0.0, 1.0, 0.0, 0.0, 0.0, 1.0, 1.0, 1.0, 0.0, 0.0, 0.0, 0.0, 0.0, 0.0, 0.0, 0.0, 0.0, 0.0, 0.0, 0.0, 0.0, 0.0, 0.0, 0.0, 0.0, 0.0, 0.0, 0.0, 0.0, 0.0, 0.0, 0.0, 0.0, 0.0, 0.0, 0.0, 0.0, 0.0, 0.0, 0.0, 0.0, 0.0, 0.0, 0.0, 0.0, 0.0, 0.0, 0.0, 0.0, 0.0, 0.0, 1.0, 0.0, 0.0, 0.0, 0.0, 0.0, 0.0, 0.0, 0.0, 0.0, 0.0, 0.0, 0.0, 0.0, 0.0, 0.0, 1.0, 0.0, 0.0, 0.0, 0.0, 0.0, 0.0, 0.0, 0.0, 0.0, 0.0, 1.0, 0.0, 0.0, 0.0, 0.0, 0.0, 0.0, 0.0, 0.0, 0.0, 0.0, 0.0, 0.0, 0.0, 0.0, 0.0, 0.0, 0.0, 0.0, 0.0, 0.0, 0.0, 1.0, 1.0, 0.0, 0.0, 0.0, 0.0, 0.0, 0.0, 0.0, 0.0, 0.0, 0.0, 0.0, 0.0, 0.0, 0.0, 0.0, 0.0, 0.0, 0.0, 0.0, 0.0, 0.0, 0.0, 0.0, 0.0, 0.0], "objective_value": 1776.9099999999999, "solve_time": 10.608350038528442}