{"instance": {"c": [135.025, 91.316, 124.756, 143.98399999999998, 108.025, 113.26400000000001, 90.164, 98.224, 83.225, 103.124, 93.104, 103.489, 126.16900000000001, 86.9, 111.616, 83.68900000000001, 155.264, 113.26400000000001, 85.129, 96.569, 87.689, 115.369, 95.281, 85.376, 109.20400000000001, 95.6, 88.769, 82.1, 103.489, 150.089, 83.68900000000001, 135.025, 124.289, 116.225, 110.40100000000001, 112.436, 89.6, 118.4, 103.856, 88.769, 91.316, 99.584, 83.456, 89.881, 143.98399999999998, 106.864, 132.5, 81.881, 89.321, 138.121, 160.0, 104.596, 111.209, 158.209, 100.976, 92.5, 121.076, 87.161, 120.176, 100.276, 157.616, 152.369, 83.68900000000001, 113.26400000000001, 81.449, 131.00900000000001, 94.025, 85.129, 124.756, 142.361, 128.56400000000002, 94.336, 81.025, 85.376, 129.049, 117.961, 137.08100000000002, 134.51600000000002, 85.376, 125.696, 119.284, 85.129, 85.876, 154.681, 92.201, 91.025, 153.52100000000002, 139.16899999999998, 142.9, 97.225, 81.025, 142.361, 138.121, 157.025, 85.129, 80.816, 137.6, 140.756, 156.436, 115.79599999999999, 131.00900000000001, 96.569, 124.289, 118.4, 121.98400000000001, 85.129, 85.129, 144.529, 130.025, 129.049, 141.824, 91.316, 151.796, 150.656, 106.1, 150.089, 99.929, 132.001, 115.369, 91.609, 113.26400000000001, 108.416, 157.025, 136.049, 108.416, 139.696, 138.121, 130.51600000000002, 146.176, 83.68900000000001, 142.361, 91.316, 88.769, 104.596, 89.881, 157.616, 93.104, 86.384, 97.225, 95.281, 87.161, 114.1, 83.68900000000001, 136.56400000000002, 136.56400000000002, 132.5, 145.07600000000002, 89.881, 85.876, 105.344, 100.976, 157.025, 160.0, 135.536, 92.201, 94.025, 119.729, 112.025, 89.321, 155.849, 83.924, 136.56400000000002, 132.001, 115.79599999999999, 97.556, 130.51600000000002, 114.944, 93.104, 92.201, 110.0, 83.225, 158.209, 132.5, 90.736, 98.561, 80.404, 117.089, 109.601, 104.596, 115.79599999999999, 106.1, 81.025, 153.52100000000002, 152.369, 135.025, 138.121, 140.225, 113.681, 158.804, 137.08100000000002, 135.025, 120.625, 100.976, 98.561, 113.26400000000001, 82.769, 82.1, 142.9, 98.224, 104.969], "p": [155, 46, 134, 172, 95, 108, 42, 68, 15, 82, 52, 83, 137, 30, 104, 17, 192, 108, 23, 63, 33, 113, 59, 24, 98, 60, 37, 10, 83, 183, 17, 155, 133, 115, 101, 106, 40, 120, 84, 37, 46, 72, 16, 41, 172, 92, 150, 9, 39, 161, 200, 86, 103, 197, 76, 50, 126, 31, 124, 74, 196, 187, 17, 108, 7, 147, 55, 23, 134, 169, 142, 56, 5, 24, 143, 119, 159, 154, 24, 136, 122, 23, 26, 191, 49, 45, 189, 163, 170, 65, 5, 169, 161, 195, 23, 4, 160, 166, 194, 114, 147, 63, 133, 120, 128, 23, 23, 173, 145, 143, 168, 46, 186, 184, 90, 183, 73, 149, 113, 47, 108, 96, 195, 157, 96, 164, 161, 146, 176, 17, 169, 46, 37, 86, 41, 196, 52, 28, 65, 59, 31, 110, 17, 158, 158, 150, 174, 41, 26, 88, 76, 195, 200, 156, 49, 55, 123, 105, 39, 193, 18, 158, 149, 114, 66, 146, 112, 52, 49, 100, 15, 197, 150, 44, 69, 2, 117, 99, 86, 114, 90, 5, 189, 187, 155, 161, 165, 109, 198, 159, 155, 125, 76, 69, 108, 13, 10, 170, 68, 87], "q": [116.24999999999997, 22.278816822541216, 0, 128.99999999999997, 58.875712148294724, 66.93238854753506, 20.341528403189805, 59.970363050797395, 7.264831572567787, 72.31720250243215, 17.091573469300883, 40.19873470154176, 45.02972240950425, 9.860523155365893, 50.36949890313666, 8.233475782243493, 118.99091297339567, 52.30678732248807, 7.559734419113853, 47.249999999999986, 0, 84.74999999999997, 28.575004185433297, 17.999999999999996, 86.4278761614433, 44.999999999999986, 27.749999999999993, 7.499999999999997, 40.19873470154176, 0, 8.233475782243493, 96.06037245248086, 99.74999999999997, 55.69704205635304, 48.9165325886231, 34.84051514895949, 24.789773536124095, 39.44209262146357, 52.0585244258606, 27.749999999999993, 40.56818676965705, 53.999999999999986, 14.11067365901115, 30.749999999999993, 56.53366609076446, 44.55763364508243, 0, 7.937253933193772, 18.88856208867625, 0, 176.3834207376394, 75.84487091718493, 49.885176798298815, 64.75076872023604, 24.9799919935936, 16.434205258943155, 78.0877866387909, 23.249999999999993, 109.35772085733642, 45.86108104182958, 172.8557523228866, 164.91849838969281, 12.749999999999996, 66.93238854753506, 2.3007887362520423, 71.19534941116432, 48.50544070285083, 17.249999999999996, 64.89916204827223, 149.04399052330527, 106.49999999999996, 27.12203787091974, 2.421610524189263, 11.623730516108461, 47.00182704057743, 73.74957626996918, 52.26077272343924, 135.81523396798232, 21.166010488516726, 119.94072610159479, 107.59388664996003, 7.559734419113853, 19.499999999999993, 92.50552202402983, 23.731783137054773, 14.790784733048842, 117.13167995818634, 101.01832715970569, 105.3565375285274, 48.749999999999986, 2.421610524189263, 55.54761377522787, 52.91814093379696, 146.24999999999994, 7.559734419113853, 2.4789773536124096, 52.589456828618104, 102.87756017491499, 93.95848833854338, 0, 110.24999999999996, 0, 0, 0, 42.07156546289448, 17.249999999999996, 17.249999999999996, 83.78772413694848, 70.22670520148861, 126.11414582741214, 0, 0, 61.135243563268546, 89.11526729016487, 29.581569466097683, 113.41321392776773, 0, 92.34190642206225, 37.141303885211535, 15.448152943406567, 66.93238854753506, 59.49545648669783, 0, 97.29986112928707, 59.49545648669783, 101.63807149810879, 141.9886536937997, 90.48267340685295, 0, 12.749999999999996, 126.74999999999997, 34.49999999999999, 17.91991787900054, 75.84487091718493, 0, 64.42208461505717, 32.226705596961324, 9.203154945008169, 57.3246117397328, 19.392362205552924, 19.212074490496175, 82.49999999999997, 0, 76.5228925643807, 76.5228925643807, 49.30261577682948, 153.45357604174626, 30.749999999999993, 22.92984469589312, 42.62034522573102, 56.99999999999998, 0, 176.3834207376394, 75.554248354705, 43.21393808072165, 48.50544070285083, 0, 50.85382100797452, 34.39476704383968, 0, 13.499999999999996, 0, 72.16399362084003, 85.49999999999999, 21.693150941804966, 128.75989713847676, 0, 0, 43.21393808072165, 88.1917103688197, 11.249999999999996, 147.74999999999997, 49.30261577682948, 0, 42.76235934981406, 1.4999999999999996, 38.45604030592698, 0, 64.49999999999999, 37.4699879903904, 67.49999999999997, 3.7499999999999987, 0, 164.91849838969281, 0, 120.74999999999997, 79.91314729824566, 81.74999999999999, 148.49999999999994, 77.00721466921854, 136.6971510716705, 0, 24.9799919935936, 33.418225233811825, 52.30678732248807, 4.272893367325221, 6.197443384031024, 105.3565375285274, 50.999999999999986, 42.136023120893164], "B": 4918.524491538532}, "solution": [1.0, 0.0, 0.0, 1.0, 0.0, 0.0, 0.0, 0.0, 0.0, 0.0, 0.0, 0.0, 0.0, 0.0, 0.0, 0.0, 1.0, 0.0, 0.0, 0.0, 0.0, 0.0, 0.0, 0.0, 0.0, 0.0, 0.0, 0.0, 0.0, 0.0, 0.0, 0.0, 0.0, 0.0, 0.0, 0.0, 0.0, 0.0, 0.0, 0.0, 0.0, 0.0, 0.0, 0.0, 0.0, 0.0, 0.0, 0.0, 0.0, 0.0, 1.0, 0.0, 0.0, 0.0, 0.0, 0.0, 0.0, 0.0, 0.0, 0.0, 1.0, 1.0, 0.0, 0.0, 0.0, 0.0, 0.0, 0.0, 0.0, 1.0, 0.0, 0.0, 0.0, 0.0, 0.0, 0.0, 0.0, 1.0, 0.0, 1.0, 0.0, 0.0, 0.0, 0.0, 0.0, 0.0, 1.0, 0.0, 0.0, 0.0, 0.0, 0.0, 0.0, 1.0, 0.0, 0.0, 0.0, 0.0, 0.0, 0.0, 0.0, 0.0, 0.0, 0.0, 0.0, 0.0, 0.0, 0.0, 0.0, 1.0, 0.0, 0.0, 0.0, 0.0, 0.0, 0.0, 0.0, 0.0, 0.0, 0.0, 0.0, 0.0, 0.0, 0.0, 0.0, 0.0, 1.0, 0.0, 0.0, 0.0, 1.0, 0.0, 0.0, 0.0, 0.0, 0.0, 0.0, 0.0, 0.0, 0.0, 0.0, 0.0, 0.0, 0.0, 0.0, 0.0, 1.0, 0.0, 0.0, 0.0, 0.0, 0.0, 1.0, 0.0, 0.0, 0.0, 0.0, 0.0, 0.0, 0.0, 0.0, 0.0, 0.0, 0.0, 0.0, 1.0, 0.0, 0.0, 0.0, 0.0, 0.0, 1.0, 0.0, 0.0, 0.0, 0.0, 0.0, 0.0, 0.0, 0.0, 0.0, 0.0, 0.0, 1.0, 0.0, 1.0, 0.0, 0.0, 1.0, 0.0, 1.0, 0.0, 0.0, 0.0, 0.0, 0.0, 0.0, 0.0, 0.0, 0.0], "objective_value": 3205.0280000000007, "solve_time": 13.717203617095947}