{"instance": {"c": [98.9, 159.401, 98.561, 92.201, 117.524, 121.98400000000001, 128.08100000000002, 92.5, 95.6, 129.536, 81.881, 108.025, 82.321, 87.956, 138.121, 148.4, 87.424, 91.316, 158.209, 106.1, 112.436, 130.51600000000002, 83.924, 107.636, 116.225, 140.225, 95.281, 81.664, 156.436, 83.225, 82.996, 124.289, 105.344, 91.609, 81.025, 110.0, 97.556, 89.321, 110.0, 132.001, 82.996, 117.961, 116.656, 117.524, 160.0, 87.161, 146.72899999999998, 119.284, 148.961, 148.961, 117.089, 146.72899999999998, 158.209, 82.996, 128.08100000000002, 92.201, 88.769, 91.316, 101.684, 89.321, 90.164, 86.9, 91.316, 108.416, 104.969, 93.104, 85.129, 82.769, 122.441, 92.5, 91.316, 129.536, 146.72899999999998, 103.124, 91.025, 106.864, 138.644, 122.9, 81.236, 134.00900000000001, 147.284, 87.956, 127.6, 133.001, 92.201, 121.98400000000001, 157.025, 105.721, 142.9, 155.849, 124.756, 158.209, 105.344, 105.721, 80.404, 82.321, 84.884, 110.804, 84.4, 147.284, 144.529, 100.276, 122.9, 106.481, 102.041, 146.72899999999998, 139.696, 115.79599999999999, 143.441, 124.289, 90.449, 110.0, 152.94400000000002, 146.72899999999998, 83.924, 149.524, 98.561, 91.025, 85.625, 151.225, 103.489, 82.996, 147.841, 80.609, 80.609, 100.276, 88.769, 81.025, 87.689, 137.08100000000002, 91.025, 102.4, 97.225, 150.656, 85.625, 100.625, 148.4, 107.249, 160.0, 125.225, 144.529, 152.369, 148.961, 132.001, 89.881, 91.609, 80.201, 91.904, 82.1, 145.625, 140.756, 118.84100000000001, 158.209, 128.08100000000002, 129.049, 136.56400000000002, 157.025, 81.449, 148.4, 115.369, 100.276, 150.656, 145.625, 109.601, 85.129, 104.969, 104.969, 117.961, 127.6, 107.249, 155.264, 126.16900000000001, 92.5, 139.16899999999998, 136.56400000000002, 115.369, 127.12100000000001, 88.225, 86.641, 94.025, 125.696, 108.025, 101.32900000000001, 125.225, 93.71600000000001, 146.72899999999998, 107.636, 81.025, 112.849, 82.321, 103.124, 80.816, 119.729, 89.881, 134.51600000000002, 118.4, 155.264, 95.6, 109.601, 86.384], "p": [70, 199, 69, 49, 118, 128, 141, 50, 60, 144, 9, 95, 11, 34, 161, 180, 32, 46, 197, 90, 106, 146, 18, 94, 115, 165, 59, 8, 194, 15, 14, 133, 88, 47, 5, 100, 66, 39, 100, 149, 14, 119, 116, 118, 200, 31, 177, 122, 181, 181, 117, 177, 197, 14, 141, 49, 37, 46, 78, 39, 42, 30, 46, 96, 87, 52, 23, 13, 129, 50, 46, 144, 177, 82, 45, 92, 162, 130, 6, 153, 178, 34, 140, 151, 49, 128, 195, 89, 170, 193, 134, 197, 88, 89, 2, 11, 22, 102, 20, 178, 173, 74, 130, 91, 79, 177, 164, 114, 171, 133, 43, 100, 188, 177, 18, 182, 69, 45, 25, 185, 83, 14, 179, 3, 3, 74, 37, 5, 33, 159, 45, 80, 65, 184, 25, 75, 180, 93, 200, 135, 173, 187, 181, 149, 41, 47, 1, 48, 10, 175, 166, 121, 197, 141, 143, 158, 195, 7, 180, 113, 74, 184, 175, 99, 23, 87, 87, 119, 140, 93, 192, 137, 50, 163, 158, 113, 139, 35, 29, 55, 136, 95, 77, 135, 54, 177, 94, 5, 107, 11, 82, 4, 123, 41, 154, 120, 192, 60, 99, 28], "q": [52.499999999999986, 175.5015036339512, 22.67920325734156, 36.74999999999999, 0, 95.99999999999997, 68.28941678213721, 44.09585518440985, 52.91502622129181, 89.24318473004675, 7.937253933193772, 58.875712148294724, 6.817187722434126, 11.175259576081348, 99.77883848289949, 134.99999999999994, 23.999999999999993, 15.119468838227705, 0, 29.581569466097683, 65.69289987072885, 70.71102730632647, 15.874507866387544, 70.49999999999997, 71.27059891635678, 123.74999999999996, 19.392362205552924, 2.629472841430905, 171.0919181155102, 4.930261577682947, 8.676420737643435, 99.74999999999997, 42.62034522573102, 35.249999999999986, 1.6434205258943158, 32.86841051788631, 40.90312633460476, 29.249999999999993, 32.86841051788631, 131.40564844954133, 10.499999999999998, 89.24999999999997, 86.99999999999997, 57.150008370866594, 176.3834207376394, 23.249999999999993, 85.7250125562999, 0, 135.74999999999997, 112.17372525096152, 38.45604030592698, 132.74999999999997, 0, 6.780509467729935, 124.35031162003577, 16.105521153764293, 12.161311891617936, 0, 0, 34.39476704383968, 20.341528403189805, 26.457513110645905, 15.119468838227705, 84.6640419540669, 0, 32.226705596961324, 14.254119783271355, 4.272893367325221, 42.40024956807334, 0, 22.278816822541216, 47.33051114575629, 109.69474789734912, 72.31720250243215, 33.749999999999986, 30.23893767645541, 0, 114.6492234794656, 3.7184660304186146, 134.93331686429414, 0, 25.499999999999993, 123.46839451634757, 73.13263783051572, 36.74999999999999, 112.8853892720892, 120.85014598860498, 55.15724611787611, 149.92590762699348, 93.47416623370553, 0, 122.08963466541118, 0, 78.49062222824952, 1.4999999999999996, 6.817187722434126, 16.499999999999996, 33.52577872824404, 17.638342073763937, 0, 107.21577054373671, 65.26186567292658, 80.56676399240331, 0, 25.966044309130186, 156.09932735281086, 144.6344050048643, 0, 82.81907992727277, 64.41483994343439, 0, 0, 140.99999999999994, 58.17708661665877, 5.916313893219536, 88.14662308048915, 33.418225233811825, 33.749999999999986, 18.749999999999993, 163.15466418231642, 0, 6.780509467729935, 134.24999999999997, 1.8592330152093073, 2.2499999999999996, 35.83983575800108, 32.63093283646329, 2.421610524189263, 29.103264421710495, 98.53934980609328, 0, 0, 48.749999999999986, 0, 0, 66.14378277661477, 111.55398091255843, 82.01829064300232, 96.86442096757051, 44.37235419914652, 83.78772413694848, 0, 159.62699576756364, 48.973931671650604, 13.47604831233339, 35.249999999999986, 0.32868410517886315, 42.33202097703345, 3.2868410517886315, 0, 80.39746940308352, 0, 173.7376694265748, 46.3444588302197, 126.11414582741214, 97.91960546769018, 120.85014598860498, 0, 134.99999999999994, 70.03111023955057, 55.499999999999986, 60.47787535291082, 108.45525922054291, 87.30979326513149, 20.284093384828527, 42.136023120893164, 28.595517150561093, 89.24999999999997, 0, 69.74999999999999, 92.98984412886769, 84.90497436122503, 16.434205258943155, 101.01832715970569, 51.93208861826037, 0, 67.32077257246151, 11.50394368126021, 17.97258581368997, 0, 44.701038304325394, 58.875712148294724, 25.308676098772462, 44.37235419914652, 33.46619427376753, 85.7250125562999, 0, 3.098721692015512, 66.31264420913196, 5.327543153216378, 39.71441259670391, 1.3147364207154526, 59.57161889505586, 30.749999999999993, 50.617352197544925, 58.118652580542296, 143.99999999999997, 19.721046310731786, 47.947888378947404, 24.693678903269515], "B": 2759.9131808407433}, "solution": [0.0, 1.0, 0.0, 0.0, 0.0, 0.0, 0.0, 0.0, 0.0, 0.0, 0.0, 0.0, 0.0, 0.0, 0.0, 0.0, 0.0, 0.0, 0.0, 0.0, 0.0, 0.0, 0.0, 0.0, 0.0, 0.0, 0.0, 0.0, 1.0, 0.0, 0.0, 0.0, 0.0, 0.0, 0.0, 0.0, 0.0, 0.0, 0.0, 1.0, 0.0, 0.0, 0.0, 0.0, 1.0, 0.0, 0.0, 0.0, 0.0, 0.0, 0.0, 0.0, 0.0, 0.0, 0.0, 0.0, 0.0, 0.0, 0.0, 0.0, 0.0, 0.0, 0.0, 0.0, 0.0, 0.0, 0.0, 0.0, 0.0, 0.0, 0.0, 0.0, 0.0, 0.0, 0.0, 0.0, 0.0, 0.0, 0.0, 1.0, 0.0, 0.0, 0.0, 0.0, 0.0, 0.0, 0.0, 0.0, 1.0, 0.0, 0.0, 0.0, 0.0, 0.0, 0.0, 0.0, 0.0, 0.0, 0.0, 0.0, 0.0, 0.0, 0.0, 0.0, 0.0, 1.0, 1.0, 0.0, 0.0, 0.0, 0.0, 0.0, 0.0, 0.0, 0.0, 0.0, 0.0, 0.0, 0.0, 1.0, 0.0, 0.0, 0.0, 0.0, 0.0, 0.0, 0.0, 0.0, 0.0, 0.0, 0.0, 0.0, 0.0, 0.0, 0.0, 0.0, 0.0, 0.0, 0.0, 0.0, 0.0, 0.0, 1.0, 0.0, 0.0, 0.0, 0.0, 0.0, 0.0, 0.0, 0.0, 0.0, 1.0, 0.0, 0.0, 0.0, 0.0, 0.0, 0.0, 0.0, 0.0, 0.0, 0.0, 0.0, 0.0, 0.0, 0.0, 0.0, 0.0, 0.0, 0.0, 0.0, 0.0, 0.0, 0.0, 0.0, 0.0, 0.0, 0.0, 0.0, 0.0, 0.0, 0.0, 0.0, 0.0, 0.0, 0.0, 0.0, 0.0, 0.0, 0.0, 0.0, 0.0, 0.0, 0.0, 0.0, 1.0, 0.0, 0.0, 0.0], "objective_value": 1784.8309999999997, "solve_time": 57.425944089889526}