{"instance": {"c": [141.289, 102.4, 124.289, 84.161, 108.809, 130.51600000000002, 86.9, 121.529, 152.369, 95.6, 80.201, 106.1, 104.596, 154.681, 149.524, 82.544, 130.51600000000002, 95.281, 152.369, 86.641, 85.625, 91.316, 108.025, 122.441, 140.225, 86.384, 109.601, 82.1, 92.5, 84.884, 146.72899999999998, 145.07600000000002, 100.276, 110.40100000000001, 80.816, 111.209, 83.456, 155.264, 96.569, 126.644, 124.289, 146.176, 100.276, 87.424, 95.281, 157.616, 106.1, 126.16900000000001, 135.536, 134.51600000000002, 156.436, 112.436, 89.881, 159.401, 98.561, 148.961, 149.524, 129.049, 117.089, 109.601, 90.736, 103.856, 107.249, 88.496, 147.284, 99.241, 158.209, 90.164, 84.161, 116.656, 154.1, 116.656, 93.409, 133.50400000000002, 137.08100000000002, 108.025, 113.681, 123.824, 121.529, 91.025, 103.124, 140.225, 83.68900000000001, 154.681, 135.025, 90.736, 107.636, 122.441, 97.556, 123.824, 131.50400000000002, 159.401, 81.236, 123.824, 146.72899999999998, 121.529, 129.536, 103.124, 130.51600000000002, 134.51600000000002, 147.841, 85.625, 155.264, 132.001, 127.6, 109.20400000000001, 104.969, 134.00900000000001, 85.876, 94.964, 81.449, 129.049, 152.94400000000002, 115.79599999999999, 90.164, 100.276, 156.436, 115.79599999999999, 146.176, 116.225, 113.26400000000001, 89.321, 85.625, 82.1, 95.281, 83.225, 117.089, 117.524, 114.521, 80.816, 126.644, 138.121, 107.636, 122.441, 81.449, 104.225, 146.176, 111.616, 113.26400000000001, 127.12100000000001, 81.236, 87.956, 111.209, 110.40100000000001, 87.956, 84.161, 84.161, 157.616, 124.756, 134.00900000000001, 142.9, 104.596, 129.049, 84.161, 91.316, 105.344, 81.025, 145.625, 148.4, 86.9, 84.4, 132.001, 158.209, 83.456, 108.416, 85.625, 155.264, 127.6, 116.225, 96.569, 128.08100000000002, 134.00900000000001, 111.209, 84.161, 81.449, 140.756, 148.4, 80.201, 80.201, 113.26400000000001, 90.736, 101.32900000000001, 94.025, 118.4, 145.625, 145.625, 102.4, 99.241, 88.496, 84.4, 82.769, 151.796, 88.769, 134.00900000000001, 86.9, 119.284, 82.996, 90.449, 115.369, 150.656], "p": [167, 80, 133, 19, 97, 146, 30, 127, 187, 60, 1, 90, 86, 191, 182, 12, 146, 59, 187, 29, 25, 46, 95, 129, 165, 28, 99, 10, 50, 22, 177, 174, 74, 101, 4, 103, 16, 192, 63, 138, 133, 176, 74, 32, 59, 196, 90, 137, 156, 154, 194, 106, 41, 199, 69, 181, 182, 143, 117, 99, 44, 84, 93, 36, 178, 71, 197, 42, 19, 116, 190, 116, 53, 152, 159, 95, 109, 132, 127, 45, 82, 165, 17, 191, 155, 44, 94, 129, 66, 132, 148, 199, 6, 132, 177, 127, 144, 82, 146, 154, 179, 25, 192, 149, 140, 98, 87, 153, 26, 58, 7, 143, 188, 114, 42, 74, 194, 114, 176, 115, 108, 39, 25, 10, 59, 15, 117, 118, 111, 4, 138, 161, 94, 129, 7, 85, 176, 104, 108, 139, 6, 34, 103, 101, 34, 19, 19, 196, 134, 153, 170, 86, 143, 19, 46, 88, 5, 175, 180, 30, 20, 149, 197, 16, 96, 25, 192, 140, 115, 63, 141, 153, 103, 19, 7, 166, 180, 1, 1, 108, 44, 77, 55, 120, 175, 175, 80, 71, 36, 20, 13, 186, 37, 153, 30, 122, 14, 43, 113, 184], "q": [103.4973045133181, 59.99999999999998, 82.42599700761262, 9.202119991919199, 85.5459590577551, 109.49999999999997, 9.860523155365893, 0, 164.91849838969281, 44.999999999999986, 0, 55.776990456279215, 0, 0, 0, 7.436932060837229, 109.49999999999997, 52.03310911760362, 164.91849838969281, 14.045341040297723, 12.108052620946314, 34.49999999999999, 31.224989991991997, 0, 145.5163221085525, 17.35284147528687, 47.947888378947404, 0, 16.434205258943155, 7.231050313934989, 85.7250125562999, 107.8355148821398, 35.83983575800108, 62.59417817871335, 1.3147364207154526, 90.83746167988427, 0, 0, 0, 121.70456030897117, 82.42599700761262, 131.99999999999997, 24.322623783235873, 23.999999999999993, 0, 64.42208461505717, 0, 102.74999999999999, 96.68011679088397, 95.44062811407777, 0, 34.84051514895949, 0, 65.40813693059377, 42.76235934981406, 112.17372525096152, 59.82050714255309, 126.11414582741214, 103.18430113151904, 74.24999999999997, 14.462100627869978, 40.68305680637961, 0, 11.832627786439073, 110.31449223575223, 0, 173.7376694265748, 26.0292622129303, 16.75642497007574, 102.30238402783084, 62.449979983983994, 0, 46.741606495474436, 134.05139976060593, 119.24999999999997, 58.875712148294724, 0, 63.930517838596536, 61.50890731440727, 21.794494717703365, 61.499999999999986, 145.5163221085525, 14.992590762699349, 168.4461668044456, 136.6971510716705, 38.80435256228066, 30.896305886813135, 96.74999999999997, 21.693150941804966, 98.99999999999999, 110.99999999999997, 0, 2.9059326290271152, 116.41305768684198, 58.17708661665877, 95.24999999999999, 69.74238309665076, 61.499999999999986, 109.49999999999997, 95.44062811407777, 86.6936567659756, 22.047927592204925, 143.99999999999997, 92.34190642206225, 67.80509467729935, 47.463566274109546, 28.595517150561093, 74.10128204019144, 22.92984469589312, 19.063678100374062, 0, 0, 116.51193561978324, 100.53854982045443, 0, 55.499999999999986, 93.95848833854338, 85.49999999999999, 0, 55.69704205635304, 52.30678732248807, 12.818680101975662, 22.047927592204925, 7.499999999999997, 52.03310911760362, 0, 103.18430113151904, 104.06621823520724, 53.75975363700163, 2.999999999999999, 66.83645046762365, 141.9886536937997, 70.49999999999997, 113.76730637577741, 6.173419725817379, 52.6782687642637, 0, 34.183146938601766, 35.49788335931722, 104.24999999999997, 5.291502622129181, 0, 63.83366685551955, 0, 0, 6.2449979983984, 6.2449979983984, 94.92713254821909, 64.89916204827223, 94.82088377567466, 82.33475782243492, 53.2980131026668, 107.24999999999997, 6.2449979983984, 28.50823956654271, 28.924201255739955, 4.409585518440984, 57.519718406301045, 0, 14.529663145135574, 12.394886768062047, 92.34190642206225, 122.08963466541118, 14.11067365901115, 0, 18.749999999999993, 118.99091297339567, 46.01577472504084, 71.27059891635678, 39.04389331939545, 124.35031162003577, 94.82088377567466, 33.8544628334229, 14.249999999999995, 0, 0, 111.55398091255843, 0.48432210483785254, 0.6197443384031024, 0, 32.99999999999999, 25.308676098772462, 48.50544070285083, 0, 57.519718406301045, 57.519718406301045, 0, 34.38686944348753, 11.832627786439073, 0, 4.272893367325221, 164.03658128600463, 12.161311891617936, 114.74999999999997, 26.457513110645905, 107.59388664996003, 4.6015774725040846, 0, 54.72839784667734, 0], "B": 5603.2760858100555}, "solution": [0.0, 0.0, 0.0, 0.0, 0.0, 0.0, 0.0, 0.0, 1.0, 0.0, 0.0, 0.0, 0.0, 0.0, 0.0, 0.0, 0.0, 0.0, 1.0, 0.0, 0.0, 0.0, 0.0, 0.0, 1.0, 0.0, 0.0, 0.0, 0.0, 0.0, 0.0, 1.0, 0.0, 0.0, 0.0, 0.0, 0.0, 0.0, 0.0, 1.0, 0.0, 1.0, 0.0, 0.0, 0.0, 0.0, 0.0, 0.0, 0.0, 0.0, 0.0, 0.0, 0.0, 0.0, 0.0, 1.0, 0.0, 1.0, 0.0, 0.0, 0.0, 0.0, 0.0, 0.0, 1.0, 0.0, 1.0, 0.0, 0.0, 0.0, 0.0, 0.0, 0.0, 1.0, 1.0, 0.0, 0.0, 0.0, 0.0, 0.0, 0.0, 1.0, 0.0, 1.0, 1.0, 0.0, 0.0, 0.0, 0.0, 0.0, 1.0, 0.0, 0.0, 1.0, 0.0, 0.0, 0.0, 0.0, 0.0, 0.0, 0.0, 0.0, 1.0, 0.0, 0.0, 0.0, 0.0, 0.0, 0.0, 0.0, 0.0, 0.0, 1.0, 0.0, 0.0, 0.0, 0.0, 0.0, 0.0, 0.0, 0.0, 0.0, 0.0, 0.0, 0.0, 0.0, 0.0, 0.0, 0.0, 0.0, 0.0, 1.0, 0.0, 0.0, 0.0, 0.0, 0.0, 0.0, 0.0, 0.0, 0.0, 0.0, 0.0, 0.0, 0.0, 0.0, 0.0, 0.0, 0.0, 0.0, 0.0, 0.0, 0.0, 0.0, 0.0, 0.0, 0.0, 0.0, 0.0, 0.0, 0.0, 0.0, 1.0, 0.0, 0.0, 0.0, 1.0, 0.0, 0.0, 0.0, 1.0, 0.0, 0.0, 0.0, 0.0, 0.0, 1.0, 0.0, 0.0, 0.0, 0.0, 0.0, 0.0, 0.0, 0.0, 0.0, 0.0, 0.0, 0.0, 0.0, 0.0, 1.0, 0.0, 1.0, 0.0, 0.0, 0.0, 0.0, 0.0, 0.0], "objective_value": 3724.2940000000003, "solve_time": 11.18778133392334}