{"instance": {"c": [109.20400000000001, 81.025, 90.164, 111.616, 160.0, 80.609, 157.025, 156.436, 82.321, 99.929, 152.369, 88.496, 128.56400000000002, 136.049, 137.6, 115.369, 105.344, 136.56400000000002, 132.5, 95.281, 122.9, 141.289, 114.944, 89.881, 113.681, 82.996, 88.769, 87.689, 147.841, 158.804, 160.0, 84.161, 95.6, 92.801, 114.521, 145.625, 94.649, 93.71600000000001, 101.32900000000001, 138.121, 121.98400000000001, 85.376, 110.804, 95.6, 104.596, 98.9, 86.641, 85.376, 84.884, 95.6, 141.289, 140.756, 130.025, 108.809, 117.089, 145.07600000000002, 102.761, 114.521, 122.441, 116.225, 132.5, 88.769, 147.284, 110.40100000000001, 110.0, 95.281, 150.089, 88.769, 127.12100000000001, 118.84100000000001, 154.681, 93.71600000000001, 84.161, 157.025, 92.801, 133.50400000000002, 135.025, 145.625, 117.524, 108.809, 81.664, 130.025, 158.804, 121.076, 112.025, 111.616, 91.316, 128.08100000000002, 89.6, 80.201, 138.644, 80.201, 100.976, 120.625, 142.9, 111.616, 92.201, 115.79599999999999, 109.601, 135.536, 154.681, 120.176, 114.1, 160.0, 88.769, 102.4, 120.176, 142.361, 142.9, 155.264, 143.98399999999998, 125.696, 132.5, 91.904, 114.521, 115.369, 89.6, 100.276, 139.696, 146.72899999999998, 92.801, 144.529, 96.896, 106.481, 144.529, 100.276, 154.1, 155.264, 136.56400000000002, 94.964, 107.249, 85.129, 138.644, 100.276, 84.884, 141.289, 152.94400000000002, 122.441, 84.4, 134.51600000000002, 147.284, 124.756, 85.876, 110.40100000000001, 86.641, 140.756, 143.98399999999998, 103.489, 125.225, 124.289, 128.08100000000002, 83.225, 121.076, 141.289, 125.696, 146.72899999999998, 81.236, 143.441, 82.769, 126.16900000000001, 139.696, 95.281, 80.404, 86.641, 117.524, 149.524, 142.361, 151.796, 128.56400000000002, 132.5, 104.596, 128.08100000000002, 102.4, 83.68900000000001, 158.804, 104.225, 130.51600000000002, 104.225, 127.12100000000001, 92.201, 108.416, 124.289, 92.201, 98.9, 86.9, 128.56400000000002, 80.816, 107.249, 95.281, 122.441, 92.801, 90.164, 82.769, 89.044, 98.9, 99.241, 94.336, 109.20400000000001, 111.209, 84.161], "p": [98, 5, 42, 104, 200, 3, 195, 194, 11, 73, 187, 36, 142, 157, 160, 113, 88, 158, 150, 59, 130, 167, 112, 41, 109, 14, 37, 33, 179, 198, 200, 19, 60, 51, 111, 175, 57, 54, 77, 161, 128, 24, 102, 60, 86, 70, 29, 24, 22, 60, 167, 166, 145, 97, 117, 174, 81, 111, 129, 115, 150, 37, 178, 101, 100, 59, 183, 37, 139, 121, 191, 54, 19, 195, 51, 152, 155, 175, 118, 97, 8, 145, 198, 126, 105, 104, 46, 141, 40, 1, 162, 1, 76, 125, 170, 104, 49, 114, 99, 156, 191, 124, 110, 200, 37, 80, 124, 169, 170, 192, 172, 136, 150, 48, 111, 113, 40, 74, 164, 177, 51, 173, 64, 91, 173, 74, 190, 192, 158, 58, 93, 23, 162, 74, 22, 167, 188, 129, 20, 154, 178, 134, 26, 101, 29, 166, 172, 83, 135, 133, 141, 15, 126, 167, 136, 177, 6, 171, 13, 137, 164, 59, 2, 29, 118, 182, 169, 186, 142, 150, 86, 141, 80, 17, 198, 85, 146, 85, 139, 49, 96, 133, 49, 70, 30, 142, 4, 93, 59, 129, 51, 42, 13, 38, 70, 71, 56, 98, 103, 19], "q": [60.73494516350404, 1.6434205258943158, 37.04051835490427, 77.99999999999997, 123.94886768062048, 2.2499999999999996, 64.09340050987832, 145.49999999999997, 5.327543153216378, 64.37994856923838, 0, 11.832627786439073, 125.23222872372396, 0, 0, 99.65663271676625, 65.99999999999999, 118.49999999999997, 132.28756555322954, 44.249999999999986, 80.56676399240331, 147.28015631592888, 54.24407574183948, 30.749999999999993, 96.12896430201346, 4.6015774725040846, 17.91991787900054, 29.103264421710495, 134.24999999999997, 174.61958653026298, 176.3834207376394, 14.249999999999995, 44.999999999999986, 38.24999999999999, 97.89279850938986, 57.519718406301045, 42.74999999999999, 17.74894167965861, 57.749999999999986, 120.74999999999997, 95.99999999999997, 0, 0, 19.721046310731786, 0, 43.382103688217164, 21.749999999999993, 7.888418524292716, 13.634375444868253, 52.91502622129181, 147.28015631592888, 124.49999999999997, 108.74999999999997, 46.97924416927169, 72.51008759316298, 84.27204624178633, 0, 68.79162156274437, 113.76730637577741, 37.79867209556926, 92.96165076046536, 22.93054052091479, 133.49999999999997, 62.59417817871335, 88.1917103688197, 36.564915965783044, 0, 17.91991787900054, 45.687090619861976, 58.602974685380154, 168.4461668044456, 40.499999999999986, 14.249999999999995, 94.44281044338125, 44.97777228809804, 94.20113943727156, 0, 154.33549314543447, 57.150008370866594, 60.115200825100935, 2.629472841430905, 0, 0, 111.12155506471281, 65.07315553232576, 64.45341119392265, 15.119468838227705, 105.74999999999997, 29.99999999999999, 0.8819171036881969, 53.24682503897583, 0.6197443384031024, 36.808479967676796, 41.085513147357894, 82.33475782243492, 77.99999999999997, 36.74999999999999, 70.65085457795368, 74.24999999999997, 51.27472040790265, 143.24999999999997, 92.99999999999997, 82.49999999999997, 149.99999999999994, 32.63093283646329, 0, 92.99999999999997, 81.85043571759708, 55.87629788040673, 0, 0, 65.86780625794795, 112.49999999999997, 15.776837048585431, 83.24999999999997, 99.65663271676625, 0, 45.86108104182958, 53.90419324933356, 0, 16.76288936412202, 83.78772413694848, 39.66363765779855, 29.910253571276545, 56.86235019594332, 24.322623783235873, 62.449979983983994, 63.107348194341725, 0, 43.499999999999986, 30.567621781634273, 14.254119783271355, 78.4601809837321, 55.499999999999986, 16.499999999999996, 54.89024556487015, 61.79261177362627, 42.40024956807334, 14.999999999999995, 115.49999999999997, 58.50577072183764, 83.04574134601572, 16.113352798480662, 33.197094623065176, 17.97258581368997, 54.56156145969128, 0, 73.19911960612033, 119.05880899790658, 99.74999999999997, 46.3444588302197, 0, 111.12155506471281, 80.88179150792136, 84.28523002282192, 109.69474789734912, 4.499999999999999, 105.9762818669305, 4.272893367325221, 120.82264320528297, 79.42882519340782, 36.564915965783044, 0.9686442096757051, 25.57559600695771, 104.06621823520724, 59.82050714255309, 104.7367931901243, 115.27244694297704, 125.23222872372396, 49.30261577682948, 41.65170101605532, 0, 0, 12.749999999999996, 122.70937900381428, 41.16737891121746, 0, 41.16737891121746, 122.58647741265936, 0, 59.49545648669783, 82.42599700761262, 23.731783137054773, 23.00788736252042, 26.457513110645905, 0, 1.3147364207154526, 69.74999999999999, 19.392362205552924, 0, 24.70042734673048, 37.04051835490427, 4.272893367325221, 33.51284994015148, 33.902547338649676, 0, 0, 60.73494516350404, 49.885176798298815, 16.75642497007574], "B": 8239.915033015584}, "solution": [0.0, 0.0, 0.0, 0.0, 1.0, 0.0, 0.0, 1.0, 0.0, 0.0, 0.0, 0.0, 1.0, 0.0, 0.0, 1.0, 0.0, 1.0, 1.0, 0.0, 0.0, 1.0, 0.0, 0.0, 0.0, 0.0, 0.0, 0.0, 1.0, 1.0, 1.0, 0.0, 0.0, 0.0, 0.0, 0.0, 0.0, 0.0, 0.0, 1.0, 1.0, 0.0, 0.0, 0.0, 0.0, 0.0, 0.0, 0.0, 0.0, 0.0, 1.0, 1.0, 1.0, 0.0, 0.0, 0.0, 0.0, 0.0, 1.0, 0.0, 1.0, 0.0, 1.0, 0.0, 0.0, 0.0, 0.0, 0.0, 0.0, 0.0, 1.0, 0.0, 0.0, 1.0, 0.0, 1.0, 0.0, 1.0, 0.0, 0.0, 0.0, 0.0, 0.0, 1.0, 0.0, 0.0, 0.0, 1.0, 0.0, 0.0, 0.0, 0.0, 0.0, 0.0, 0.0, 0.0, 0.0, 0.0, 0.0, 0.0, 1.0, 0.0, 0.0, 1.0, 0.0, 0.0, 0.0, 0.0, 0.0, 0.0, 0.0, 0.0, 1.0, 0.0, 0.0, 1.0, 0.0, 0.0, 0.0, 0.0, 0.0, 0.0, 0.0, 0.0, 0.0, 0.0, 0.0, 0.0, 0.0, 0.0, 0.0, 0.0, 0.0, 0.0, 0.0, 0.0, 0.0, 0.0, 0.0, 1.0, 0.0, 0.0, 0.0, 0.0, 0.0, 0.0, 0.0, 0.0, 1.0, 1.0, 0.0, 0.0, 1.0, 0.0, 0.0, 1.0, 0.0, 1.0, 0.0, 1.0, 0.0, 0.0, 0.0, 0.0, 1.0, 0.0, 1.0, 1.0, 1.0, 0.0, 0.0, 0.0, 0.0, 0.0, 1.0, 0.0, 0.0, 0.0, 1.0, 0.0, 0.0, 0.0, 0.0, 0.0, 0.0, 0.0, 0.0, 0.0, 0.0, 0.0, 0.0, 0.0, 0.0, 0.0, 0.0, 0.0, 0.0, 0.0, 0.0, 0.0], "objective_value": 5661.924000000002, "solve_time": 25.997334957122803}