{"instance": {"c": [96.244, 87.161, 92.801, 147.841, 90.164, 85.129, 133.001, 88.769, 87.689, 121.98400000000001, 98.561, 148.4, 152.369, 113.26400000000001, 100.625, 81.449, 85.376, 129.049, 126.644, 97.225, 90.736, 103.856, 131.50400000000002, 114.521, 82.769, 140.225, 90.449, 99.584, 125.696, 87.956, 113.26400000000001, 110.804, 83.68900000000001, 89.6, 143.98399999999998, 155.849, 127.12100000000001, 81.664, 147.841, 111.616, 80.816, 134.00900000000001, 145.625, 93.409, 104.596, 91.025, 114.1, 131.00900000000001, 145.625, 91.025, 146.176, 146.176, 120.176, 133.001, 85.876, 146.176, 82.1, 136.049, 129.049, 83.225, 150.656, 90.449, 91.025, 96.569, 95.6, 90.736, 135.025, 96.896, 106.864, 94.336, 135.025, 138.121, 153.52100000000002, 85.376, 137.6, 103.124, 107.249, 88.496, 81.236, 95.281, 94.336, 81.664, 133.001, 84.641, 131.00900000000001, 81.664, 96.896, 97.225, 129.049, 148.961, 142.361, 126.644, 130.025, 81.236, 140.225, 138.644, 120.625, 112.436, 93.409, 153.52100000000002, 93.409, 138.644, 94.025, 93.409, 101.684, 154.1, 124.289, 149.524, 85.129, 115.369, 121.98400000000001, 83.456, 136.56400000000002, 83.924, 107.249, 80.816, 119.284, 139.16899999999998, 85.876, 104.596, 116.656, 85.129, 125.696, 138.121, 120.176, 110.0, 141.824, 112.436, 116.656, 80.404, 127.6, 97.225, 102.041, 109.20400000000001, 106.481, 91.609, 105.344, 127.6, 87.689, 129.536, 81.236, 136.049, 90.736, 120.176, 150.656, 91.609, 97.556, 102.041, 143.441, 138.644, 106.864, 144.529, 103.489, 120.176, 156.436, 149.524, 139.696, 121.529, 133.001, 111.209, 121.529, 101.32900000000001, 100.976, 125.225, 127.6, 117.089, 133.001, 106.481, 86.129, 135.025, 84.884, 120.625, 86.384, 105.721, 113.681, 143.98399999999998, 146.72899999999998, 105.721, 96.896, 128.56400000000002, 124.756, 86.129, 146.176, 87.956, 145.07600000000002, 140.756, 145.07600000000002, 151.225, 141.824, 82.996, 128.08100000000002, 101.32900000000001, 123.361, 125.225, 105.344, 150.656, 142.9, 117.089, 130.51600000000002, 90.449], "p": [62, 31, 51, 179, 42, 23, 151, 37, 33, 128, 69, 180, 187, 108, 75, 7, 24, 143, 138, 65, 44, 84, 148, 111, 13, 165, 43, 72, 136, 34, 108, 102, 17, 40, 172, 193, 139, 8, 179, 104, 4, 153, 175, 53, 86, 45, 110, 147, 175, 45, 176, 176, 124, 151, 26, 176, 10, 157, 143, 15, 184, 43, 45, 63, 60, 44, 155, 64, 92, 56, 155, 161, 189, 24, 160, 82, 93, 36, 6, 59, 56, 8, 151, 21, 147, 8, 64, 65, 143, 181, 169, 138, 145, 6, 165, 162, 125, 106, 53, 189, 53, 162, 55, 53, 78, 190, 133, 182, 23, 113, 128, 16, 158, 18, 93, 4, 122, 163, 26, 86, 116, 23, 136, 161, 124, 100, 168, 106, 116, 2, 140, 65, 79, 98, 91, 47, 88, 140, 33, 144, 6, 157, 44, 124, 184, 47, 66, 79, 171, 162, 92, 173, 83, 124, 194, 182, 164, 127, 151, 103, 127, 77, 76, 135, 140, 117, 151, 91, 27, 155, 22, 125, 28, 89, 109, 172, 177, 89, 64, 142, 134, 27, 176, 34, 174, 166, 174, 185, 168, 14, 141, 77, 131, 135, 88, 184, 170, 117, 146, 43], "q": [46.499999999999986, 10.189207260544759, 0, 86.6936567659756, 0, 7.559734419113853, 0, 27.749999999999993, 20.45156316730238, 79.3272753155971, 51.749999999999986, 59.163138932195366, 90.56823360467843, 66.93238854753506, 0, 6.173419725817379, 11.623730516108461, 47.00182704057743, 45.35840651468312, 0, 21.31017261286551, 52.0585244258606, 91.72216208365916, 0, 8.056676399240331, 145.5163221085525, 26.6490065513334, 0, 119.94072610159479, 29.985181525398698, 35.49788335931722, 33.52577872824404, 5.587629788040674, 24.789773536124095, 56.53366609076446, 93.47416623370553, 45.687090619861976, 3.8745768387028203, 0, 34.183146938601766, 2.999999999999999, 50.28866809236606, 0, 39.74999999999999, 0, 14.790784733048842, 36.155251569674945, 71.19534941116432, 57.519718406301045, 27.888495228139607, 155.21741024912265, 131.99999999999997, 76.8482979619847, 0, 0, 155.21741024912265, 4.843221048378526, 0, 107.24999999999997, 0, 0, 32.24999999999999, 39.68626966596886, 0, 52.91502622129181, 38.80435256228066, 0, 47.999999999999986, 68.99999999999999, 0, 136.6971510716705, 0, 62.121295878805135, 21.166010488516726, 77.49153677405641, 26.95209662466678, 0, 11.832627786439073, 4.499999999999999, 0, 0, 3.8745768387028203, 113.24999999999997, 15.749999999999996, 110.24999999999996, 5.999999999999998, 39.66363765779855, 0, 0, 159.62699576756364, 81.85043571759708, 103.49999999999997, 0, 0, 0, 0, 60.540263104731565, 0, 25.669071556406184, 141.74999999999997, 25.669071556406184, 78.4601809837321, 34.08593861217064, 32.846449935364426, 58.499999999999986, 0, 99.74999999999997, 59.82050714255309, 14.254119783271355, 99.65663271676625, 95.99999999999997, 7.749153677405641, 51.93208861826037, 15.874507866387544, 82.01829064300232, 2.4789773536124096, 91.49999999999999, 0, 8.545786734650441, 41.65170101605532, 0, 14.254119783271355, 101.99999999999997, 0, 60.05594099989371, 32.86841051788631, 55.21892967004901, 0, 86.99999999999997, 0.9686442096757051, 67.80509467729935, 57.3246117397328, 25.966044309130186, 47.463566274109546, 56.39673479468232, 35.249999999999986, 42.62034522573102, 0, 24.749999999999996, 69.74238309665076, 1.972104631073179, 138.46098527904692, 0, 60.05594099989371, 114.03295826617084, 22.763138927379067, 21.693150941804966, 69.67145119136755, 150.8078247306817, 121.49999999999996, 81.1363735393141, 152.57165893805805, 73.19911960612033, 109.35772085733642, 93.95848833854338, 160.50891287125185, 53.90419324933356, 112.003472168401, 73.13263783051572, 63.83366685551955, 61.50890731440727, 67.90761698399116, 0, 83.66548568441883, 46.01577472504084, 103.18430113151904, 0, 29.910253571276545, 0, 0, 0, 110.23963796102463, 9.203154945008169, 29.25288536091882, 81.74999999999999, 83.30340203211064, 109.69474789734912, 0, 56.4426946360446, 106.49999999999996, 100.49999999999997, 16.733097136883764, 57.84840251147991, 0, 0, 80.39746940308352, 0, 60.80655945808968, 55.21892967004901, 8.676420737643435, 105.74999999999997, 37.29280207251465, 98.24999999999997, 44.37235419914652, 28.924201255739955, 162.2727470786282, 0, 72.51008759316298, 128.75989713847676, 26.6490065513334], "B": 5291.119133728042}, "solution": [0.0, 0.0, 0.0, 0.0, 0.0, 0.0, 0.0, 0.0, 0.0, 0.0, 0.0, 0.0, 0.0, 0.0, 0.0, 0.0, 0.0, 0.0, 0.0, 0.0, 0.0, 0.0, 0.0, 0.0, 0.0, 1.0, 0.0, 0.0, 1.0, 0.0, 0.0, 0.0, 0.0, 0.0, 0.0, 0.0, 0.0, 0.0, 0.0, 0.0, 0.0, 0.0, 0.0, 0.0, 0.0, 0.0, 0.0, 0.0, 0.0, 0.0, 1.0, 1.0, 0.0, 0.0, 0.0, 1.0, 0.0, 0.0, 1.0, 0.0, 0.0, 0.0, 0.0, 0.0, 0.0, 0.0, 0.0, 0.0, 0.0, 0.0, 1.0, 0.0, 0.0, 0.0, 0.0, 0.0, 0.0, 0.0, 0.0, 0.0, 0.0, 0.0, 1.0, 0.0, 1.0, 0.0, 0.0, 0.0, 0.0, 1.0, 0.0, 1.0, 0.0, 0.0, 0.0, 0.0, 0.0, 0.0, 0.0, 1.0, 0.0, 0.0, 0.0, 0.0, 0.0, 0.0, 0.0, 0.0, 0.0, 0.0, 0.0, 0.0, 0.0, 0.0, 0.0, 0.0, 0.0, 0.0, 0.0, 0.0, 0.0, 0.0, 0.0, 0.0, 0.0, 0.0, 0.0, 0.0, 0.0, 0.0, 0.0, 0.0, 0.0, 0.0, 0.0, 0.0, 0.0, 0.0, 0.0, 0.0, 0.0, 1.0, 0.0, 0.0, 1.0, 0.0, 0.0, 0.0, 1.0, 1.0, 0.0, 1.0, 0.0, 1.0, 0.0, 1.0, 0.0, 1.0, 0.0, 0.0, 0.0, 0.0, 0.0, 0.0, 0.0, 0.0, 0.0, 0.0, 0.0, 0.0, 0.0, 1.0, 0.0, 0.0, 0.0, 0.0, 1.0, 0.0, 0.0, 1.0, 0.0, 0.0, 0.0, 0.0, 0.0, 0.0, 0.0, 0.0, 0.0, 0.0, 1.0, 0.0, 0.0, 0.0, 0.0, 1.0, 0.0, 0.0, 1.0, 0.0], "objective_value": 3571.3779999999992, "solve_time": 22.86574625968933}