{"instance": {"c": [142.9, 157.025, 83.225, 109.20400000000001, 106.864, 103.124, 91.316, 88.496, 94.025, 98.224, 137.6, 90.736, 143.441, 122.9, 87.424, 129.536, 86.129, 94.964, 92.201, 96.244, 82.769, 101.684, 87.424, 158.209, 98.561, 125.225, 105.721, 83.456, 103.856, 89.881, 153.52100000000002, 81.881, 154.681, 146.72899999999998, 117.524, 128.56400000000002, 138.644, 117.524, 128.56400000000002, 83.456, 80.201, 90.164, 80.816, 101.684, 111.616, 139.16899999999998, 88.769, 121.529, 117.089, 153.52100000000002, 112.849, 80.816, 101.32900000000001, 147.841, 117.524, 117.089, 123.824, 87.424, 152.369, 160.0, 82.321, 106.864, 103.124, 148.4, 84.641, 134.51600000000002, 99.241, 125.225, 81.236, 89.321, 80.816, 148.961, 130.51600000000002, 100.625, 119.729, 132.001, 128.56400000000002, 144.529, 124.289, 140.756, 102.4, 96.896, 109.20400000000001, 114.944, 86.384, 114.521, 102.041, 117.089, 110.40100000000001, 119.284, 116.656, 83.924, 131.00900000000001, 99.241, 112.025, 92.5, 81.664, 138.121, 87.689, 103.124, 104.596, 143.441, 117.524, 133.001, 83.924, 136.049, 83.68900000000001, 85.625, 81.664, 98.9, 155.849, 82.544, 91.609, 91.316, 127.12100000000001, 102.761, 147.841, 86.641, 140.225, 118.84100000000001, 125.225, 128.08100000000002, 147.841, 82.769, 87.689, 91.316, 85.876, 85.625, 104.225, 120.176, 98.224, 135.536, 98.224, 80.609, 148.961, 148.961, 138.644, 91.316, 155.264, 114.944, 117.961, 100.276, 156.436, 108.809, 151.225, 141.824, 108.025, 91.904, 99.241, 85.876, 106.864, 105.721, 160.0, 124.289, 115.369, 88.496, 88.225, 137.6, 85.129, 81.025, 126.16900000000001, 89.321, 91.025, 137.6, 117.961, 158.209, 103.856, 86.641, 89.6, 108.416, 87.956, 88.225, 109.20400000000001, 160.0, 156.436, 128.08100000000002, 94.336, 114.1, 139.696, 97.889, 115.369, 146.72899999999998, 85.876, 123.824, 116.656, 103.856, 136.56400000000002, 81.449, 109.601, 81.664, 85.876, 152.94400000000002, 107.249, 101.32900000000001, 94.025, 105.721, 147.841, 112.436, 84.4, 105.721], "p": [170, 195, 15, 98, 92, 82, 46, 36, 55, 68, 160, 44, 171, 130, 32, 144, 27, 58, 49, 62, 13, 78, 32, 197, 69, 135, 89, 16, 84, 41, 189, 9, 191, 177, 118, 142, 162, 118, 142, 16, 1, 42, 4, 78, 104, 163, 37, 127, 117, 189, 107, 4, 77, 179, 118, 117, 132, 32, 187, 200, 11, 92, 82, 180, 21, 154, 71, 135, 6, 39, 4, 181, 146, 75, 123, 149, 142, 173, 133, 166, 80, 64, 98, 112, 28, 111, 79, 117, 101, 122, 116, 18, 147, 71, 105, 50, 8, 161, 33, 82, 86, 171, 118, 151, 18, 157, 17, 25, 8, 70, 193, 12, 47, 46, 139, 81, 179, 29, 165, 121, 135, 141, 179, 13, 33, 46, 26, 25, 85, 124, 68, 156, 68, 3, 181, 181, 162, 46, 192, 112, 119, 74, 194, 97, 185, 168, 95, 48, 71, 26, 92, 89, 200, 133, 113, 36, 35, 160, 23, 5, 137, 39, 45, 160, 119, 197, 84, 29, 40, 96, 34, 35, 98, 200, 194, 141, 56, 110, 164, 67, 113, 177, 26, 132, 116, 84, 158, 7, 99, 8, 26, 188, 93, 77, 55, 89, 179, 106, 20, 89], "q": [82.33475782243492, 64.09340050987832, 13.228756555322953, 73.49999999999999, 68.99999999999999, 0, 0, 11.832627786439073, 41.249999999999986, 42.14261501141096, 119.99999999999996, 21.31017261286551, 56.2049819855856, 114.6492234794656, 23.999999999999993, 107.99999999999997, 8.874470839829305, 43.499999999999986, 16.105521153764293, 38.42414898099235, 11.46492234794656, 58.499999999999986, 15.498307354811281, 122.08963466541118, 42.76235934981406, 65.38348415311009, 55.15724611787611, 5.25894568286181, 0, 19.857206298351954, 0, 7.937253933193772, 0, 58.17708661665877, 38.78472441110585, 0, 142.8705707974879, 38.78472441110585, 0, 0, 0.7499999999999998, 31.499999999999993, 1.9372884193514102, 58.499999999999986, 50.36949890313666, 122.24999999999997, 22.93054052091479, 41.74288135771562, 72.51008759316298, 91.53687781435413, 66.31264420913196, 0, 47.720314057038884, 134.24999999999997, 57.150008370866594, 72.51008759316298, 63.930517838596536, 0, 164.91849838969281, 123.94886768062048, 6.817187722434126, 81.1363735393141, 0, 87.17797887081346, 15.749999999999996, 74.5856041450293, 0, 0, 0, 12.818680101975662, 0, 87.6623009756513, 109.49999999999997, 46.48082538023268, 40.42814493700017, 92.34190642206225, 106.49999999999996, 107.21577054373671, 82.42599700761262, 146.39823921224067, 49.57954707224819, 30.996614709622563, 0, 98.77471561307806, 17.35284147528687, 0, 48.95980273384509, 103.18430113151904, 0, 91.49999999999999, 102.30238402783084, 13.499999999999996, 48.31656346129288, 53.24999999999998, 78.74999999999997, 16.434205258943155, 7.055336829505575, 141.9886536937997, 15.982629459649134, 72.31720250243215, 75.84487091718493, 82.81907992727277, 88.49999999999997, 93.58139509886846, 13.499999999999996, 117.74999999999996, 12.749999999999996, 12.108052620946314, 7.055336829505575, 33.902547338649676, 63.43603229952059, 0, 29.12798390494581, 15.119468838227705, 122.58647741265936, 26.623412519487914, 58.83445482701651, 9.531839050187031, 79.91314729824566, 58.602974685380154, 119.05880899790658, 0, 134.24999999999997, 6.296187362892082, 29.103264421710495, 0, 19.499999999999993, 8.217102629471578, 63.74999999999998, 92.99999999999997, 42.14261501141096, 96.68011679088397, 32.933903128973974, 1.4529663145135576, 59.49182303737423, 59.49182303737423, 121.49999999999996, 15.119468838227705, 0, 0, 73.74957626996918, 65.26186567292658, 63.76471640469945, 72.74999999999999, 114.65270260457393, 81.36611361275922, 71.24999999999997, 15.776837048585431, 53.24999999999998, 22.92984469589312, 30.23893767645541, 43.10466733056887, 149.99999999999994, 43.7149859887888, 0, 11.832627786439073, 21.691051844108582, 77.49153677405641, 7.559734419113853, 3.7499999999999987, 45.02972240950425, 12.818680101975662, 27.888495228139607, 0, 39.113408516284714, 0, 0, 9.531839050187031, 0, 31.553674097170862, 16.466951564486987, 0, 0, 65.73682103577262, 93.95848833854338, 105.74999999999997, 34.70568295057374, 36.155251569674945, 79.42882519340782, 22.021835046983828, 84.74999999999997, 0, 12.592374725784165, 81.80625266920951, 38.127356200748125, 74.08103670980854, 139.3429023827351, 2.3007887362520423, 61.35468950190714, 2.629472841430905, 19.499999999999993, 165.80041549338102, 82.01829064300232, 67.90761698399116, 34.08593861217064, 55.15724611787611, 157.86316156018725, 65.69289987072885, 14.999999999999995, 66.74999999999999], "B": 5410.407250997631}, "solution": [0.0, 0.0, 0.0, 0.0, 0.0, 0.0, 0.0, 0.0, 0.0, 0.0, 1.0, 0.0, 0.0, 1.0, 0.0, 1.0, 0.0, 0.0, 0.0, 0.0, 0.0, 0.0, 0.0, 1.0, 0.0, 0.0, 0.0, 0.0, 0.0, 0.0, 0.0, 0.0, 0.0, 0.0, 0.0, 0.0, 1.0, 0.0, 0.0, 0.0, 0.0, 0.0, 0.0, 0.0, 0.0, 1.0, 0.0, 0.0, 0.0, 0.0, 0.0, 0.0, 0.0, 1.0, 0.0, 0.0, 0.0, 0.0, 1.0, 1.0, 0.0, 0.0, 0.0, 0.0, 0.0, 0.0, 0.0, 0.0, 0.0, 0.0, 0.0, 0.0, 1.0, 0.0, 0.0, 0.0, 1.0, 1.0, 0.0, 1.0, 0.0, 0.0, 0.0, 0.0, 0.0, 0.0, 0.0, 0.0, 0.0, 0.0, 0.0, 0.0, 0.0, 0.0, 0.0, 0.0, 0.0, 1.0, 0.0, 0.0, 0.0, 0.0, 0.0, 0.0, 0.0, 1.0, 0.0, 0.0, 0.0, 0.0, 0.0, 0.0, 0.0, 0.0, 1.0, 0.0, 0.0, 0.0, 0.0, 0.0, 1.0, 0.0, 1.0, 0.0, 0.0, 0.0, 0.0, 0.0, 0.0, 0.0, 0.0, 1.0, 0.0, 0.0, 0.0, 0.0, 1.0, 0.0, 0.0, 0.0, 0.0, 0.0, 0.0, 0.0, 1.0, 0.0, 0.0, 0.0, 0.0, 0.0, 0.0, 0.0, 1.0, 0.0, 0.0, 0.0, 0.0, 0.0, 0.0, 0.0, 0.0, 0.0, 0.0, 0.0, 0.0, 0.0, 0.0, 0.0, 0.0, 0.0, 0.0, 0.0, 0.0, 0.0, 0.0, 1.0, 0.0, 0.0, 0.0, 0.0, 0.0, 0.0, 0.0, 0.0, 0.0, 0.0, 1.0, 0.0, 0.0, 0.0, 0.0, 1.0, 0.0, 0.0, 0.0, 0.0, 1.0, 0.0, 0.0, 0.0], "objective_value": 3655.825, "solve_time": 11.006284952163696}