{"instance": {"c": [128.08100000000002, 117.089, 95.281, 81.236, 83.68900000000001, 103.856, 158.804, 108.416, 80.201, 154.1, 91.904, 90.449, 128.56400000000002, 90.449, 115.79599999999999, 125.696, 141.824, 125.225, 158.804, 81.025, 104.596, 102.4, 82.769, 130.025, 127.6, 103.124, 134.51600000000002, 93.71600000000001, 111.616, 89.881, 85.876, 80.816, 146.72899999999998, 93.104, 118.4, 138.121, 85.625, 154.1, 84.4, 90.164, 88.496, 80.816, 123.361, 132.001, 91.025, 83.225, 151.225, 157.025, 93.71600000000001, 86.9, 130.025, 118.4, 145.07600000000002, 125.696, 91.316, 117.961, 138.644, 127.12100000000001, 154.681, 85.376, 118.4, 152.94400000000002, 132.5, 136.049, 123.824, 122.441, 110.804, 80.404, 83.924, 95.921, 116.656, 127.6, 106.1, 114.1, 87.161, 139.16899999999998, 121.076, 108.416, 146.176, 106.481, 91.316, 110.804, 84.161, 151.225, 129.536, 126.644, 134.51600000000002, 151.796, 81.881, 143.441, 122.441, 158.804, 84.884, 90.449, 82.544, 106.1, 86.9, 135.536, 151.225, 95.281, 137.6, 135.025, 126.644, 107.636, 119.729, 126.16900000000001, 97.556, 94.964, 91.904, 97.889, 115.79599999999999, 96.244, 119.729, 139.696, 89.044, 146.176, 114.944, 90.164, 159.401, 139.696, 81.449, 84.884, 148.961, 93.71600000000001, 98.561, 109.601, 142.9, 120.625, 106.1, 156.436, 108.025, 91.025, 160.0, 103.124, 137.6, 98.561, 148.961, 81.236, 116.225, 149.524, 90.736, 104.225, 99.929, 90.164, 128.56400000000002, 146.72899999999998, 154.1, 159.401, 128.56400000000002, 86.9, 133.50400000000002, 84.161, 86.9, 82.1, 91.609, 135.025, 132.5, 117.524, 142.361, 134.51600000000002, 93.409, 82.544, 132.5, 117.524, 146.176, 121.076, 100.976, 112.849, 110.0, 82.996, 93.409, 130.025, 115.369, 155.264, 94.649, 83.68900000000001, 85.376, 104.596, 83.225, 128.56400000000002, 82.321, 117.961, 152.94400000000002, 82.996, 103.124, 117.524, 117.524, 93.104, 122.9, 99.241, 81.025, 92.5, 119.284, 105.721, 112.849, 128.08100000000002, 128.08100000000002, 94.649, 132.001, 105.344], "p": [141, 117, 59, 6, 17, 84, 198, 96, 1, 190, 48, 43, 142, 43, 114, 136, 168, 135, 198, 5, 86, 80, 13, 145, 140, 82, 154, 54, 104, 41, 26, 4, 177, 52, 120, 161, 25, 190, 20, 42, 36, 4, 131, 149, 45, 15, 185, 195, 54, 30, 145, 120, 174, 136, 46, 119, 162, 139, 191, 24, 120, 188, 150, 157, 132, 129, 102, 2, 18, 61, 116, 140, 90, 110, 31, 163, 126, 96, 176, 91, 46, 102, 19, 185, 144, 138, 154, 186, 9, 171, 129, 198, 22, 43, 12, 90, 30, 156, 185, 59, 160, 155, 138, 94, 123, 137, 66, 58, 48, 67, 114, 62, 123, 164, 38, 176, 112, 42, 199, 164, 7, 22, 181, 54, 69, 99, 170, 125, 90, 194, 95, 45, 200, 82, 160, 69, 181, 6, 115, 182, 44, 85, 73, 42, 142, 177, 190, 199, 142, 30, 152, 19, 30, 10, 47, 155, 150, 118, 169, 154, 53, 12, 150, 118, 176, 126, 76, 107, 100, 14, 53, 145, 113, 192, 57, 17, 24, 86, 15, 142, 11, 119, 188, 14, 82, 118, 118, 52, 130, 71, 5, 50, 122, 89, 107, 141, 141, 57, 149, 88], "q": [124.35031162003577, 0, 19.392362205552924, 5.291502622129181, 10.53565375285274, 62.999999999999986, 174.61958653026298, 71.99999999999999, 0.32868410517886315, 0, 15.776837048585431, 20.82585050802766, 106.49999999999996, 20.82585050802766, 70.65085457795368, 101.99999999999997, 104.1170488517212, 44.37235419914652, 174.61958653026298, 2.421610524189263, 28.26683304538223, 70.55336829505575, 11.46492234794656, 0, 104.99999999999997, 26.95209662466678, 95.44062811407777, 40.499999999999986, 50.36949890313666, 19.857206298351954, 16.113352798480662, 1.3147364207154526, 58.17708661665877, 38.999999999999986, 58.118652580542296, 52.91814093379696, 22.047927592204925, 62.449979983983994, 6.573682103577263, 20.341528403189805, 0, 0, 43.05761777843107, 48.973931671650604, 14.790784733048842, 7.264831572567787, 114.65270260457393, 64.09340050987832, 17.74894167965861, 22.499999999999993, 127.87798003478855, 74.36932060837229, 0, 0, 0, 73.74957626996918, 0, 104.24999999999997, 62.77866408916286, 0, 105.83005244258362, 61.79261177362627, 49.30261577682948, 97.29986112928707, 81.80625266920951, 96.74999999999997, 0, 0.9686442096757051, 5.916313893219536, 29.543648395109003, 71.89034325475988, 46.01577472504084, 29.581569466097683, 36.155251569674945, 23.249999999999993, 0, 94.49999999999997, 46.494922064433844, 109.07500355894602, 0, 15.119468838227705, 33.52577872824404, 0, 89.59958939500271, 126.99606293110035, 121.70456030897117, 95.44062811407777, 139.49999999999997, 5.577699045627922, 82.81907992727277, 42.40024956807334, 0, 19.40217628114033, 32.24999999999999, 5.8118652580542305, 67.49999999999997, 26.457513110645905, 51.27472040790265, 114.65270260457393, 19.392362205552924, 77.49153677405641, 96.06037245248086, 0, 30.896305886813135, 108.47580375364822, 84.90497436122503, 49.49999999999999, 19.063678100374062, 0, 22.021835046983828, 70.65085457795368, 54.67886042866821, 40.42814493700017, 79.42882519340782, 18.404239983838398, 0, 0, 0, 65.40813693059377, 79.42882519340782, 6.173419725817379, 13.634375444868253, 0, 40.499999999999986, 42.76235934981406, 74.24999999999997, 105.3565375285274, 110.23963796102463, 43.58898943540673, 0, 0, 0, 176.3834207376394, 0, 77.49153677405641, 60.852280154485584, 87.6623009756513, 2.9059326290271152, 55.69704205635304, 112.79346958936463, 38.80435256228066, 74.96295381349674, 45.24133670342648, 0, 125.23222872372396, 58.17708661665877, 167.56424970075741, 65.40813693059377, 46.673142935398566, 14.529663145135574, 49.9599839871872, 14.249999999999995, 26.457513110645905, 7.499999999999997, 22.763138927379067, 50.94603630272379, 92.96165076046536, 57.150008370866594, 104.7367931901243, 0, 39.74999999999999, 3.944209262146358, 112.49999999999997, 0, 57.84840251147991, 41.41419725253676, 24.9799919935936, 80.24999999999999, 32.86841051788631, 8.676420737643435, 39.74999999999999, 0, 84.74999999999997, 118.99091297339567, 35.32542728897684, 14.992590762699349, 14.873864121674458, 53.2980131026668, 11.249999999999996, 68.77373888697505, 0, 89.24999999999997, 165.80041549338102, 8.676420737643435, 26.95209662466678, 0, 57.150008370866594, 25.18474945156833, 42.72893367325221, 34.38686944348753, 3.7499999999999987, 44.09585518440985, 75.6088092851785, 0, 35.16919925413836, 68.28941678213721, 124.35031162003577, 0, 92.34190642206225, 28.924201255739955], "B": 8637.649304722607}, "solution": [1.0, 0.0, 0.0, 0.0, 0.0, 0.0, 1.0, 0.0, 0.0, 0.0, 0.0, 0.0, 1.0, 0.0, 0.0, 1.0, 1.0, 0.0, 1.0, 0.0, 0.0, 0.0, 0.0, 0.0, 1.0, 0.0, 1.0, 0.0, 0.0, 0.0, 0.0, 0.0, 0.0, 0.0, 0.0, 0.0, 0.0, 1.0, 0.0, 0.0, 0.0, 0.0, 0.0, 0.0, 0.0, 0.0, 1.0, 0.0, 0.0, 0.0, 1.0, 0.0, 0.0, 0.0, 0.0, 0.0, 0.0, 1.0, 0.0, 0.0, 1.0, 0.0, 0.0, 1.0, 0.0, 1.0, 0.0, 0.0, 0.0, 0.0, 0.0, 0.0, 0.0, 0.0, 0.0, 0.0, 1.0, 0.0, 1.0, 0.0, 0.0, 0.0, 0.0, 1.0, 1.0, 1.0, 1.0, 1.0, 0.0, 1.0, 0.0, 0.0, 0.0, 0.0, 0.0, 0.0, 0.0, 0.0, 1.0, 0.0, 0.0, 1.0, 0.0, 0.0, 1.0, 0.0, 0.0, 0.0, 0.0, 0.0, 0.0, 0.0, 0.0, 1.0, 0.0, 0.0, 0.0, 0.0, 1.0, 1.0, 0.0, 0.0, 0.0, 0.0, 0.0, 0.0, 1.0, 1.0, 0.0, 0.0, 0.0, 0.0, 1.0, 0.0, 0.0, 0.0, 1.0, 0.0, 0.0, 1.0, 0.0, 0.0, 0.0, 0.0, 1.0, 0.0, 1.0, 1.0, 0.0, 0.0, 0.0, 0.0, 0.0, 0.0, 0.0, 0.0, 1.0, 0.0, 1.0, 0.0, 0.0, 0.0, 1.0, 0.0, 0.0, 0.0, 0.0, 0.0, 0.0, 0.0, 0.0, 0.0, 0.0, 1.0, 0.0, 0.0, 0.0, 0.0, 0.0, 0.0, 0.0, 0.0, 1.0, 0.0, 0.0, 0.0, 0.0, 0.0, 0.0, 0.0, 0.0, 0.0, 0.0, 0.0, 0.0, 0.0, 1.0, 0.0, 1.0, 0.0], "objective_value": 6132.158000000001, "solve_time": 23.202844381332397}