{"instance": {"c": [151.796, 111.616, 157.616, 95.6, 104.969, 100.976, 131.00900000000001, 96.569, 110.40100000000001, 82.769, 134.00900000000001, 133.001, 87.161, 85.129, 113.681, 104.596, 121.076, 89.881, 106.1, 85.129, 143.441, 108.416, 142.361, 90.736, 83.68900000000001, 120.176, 159.401, 132.5, 82.544, 160.0, 144.529, 152.94400000000002, 94.964, 86.9, 115.79599999999999, 106.481, 129.049, 133.50400000000002, 83.68900000000001, 140.756, 90.736, 133.001, 82.321, 157.616, 87.956, 110.0, 98.224, 92.801, 85.129, 122.9, 112.025, 157.025, 87.956, 84.884, 94.964, 121.076, 94.336, 150.656, 128.08100000000002, 133.001, 80.404, 108.025, 105.344, 131.50400000000002, 112.025, 82.1, 157.616, 104.225, 117.089, 99.241, 84.4, 158.804, 122.441, 88.769, 98.561, 120.176, 94.649, 137.6, 82.544, 86.129, 93.104, 88.225, 86.384, 90.449, 93.409, 151.225, 85.625, 155.264, 139.696, 129.536, 157.616, 98.224, 152.369, 80.201, 145.625, 101.32900000000001, 80.609, 136.56400000000002, 94.025, 149.524, 88.496, 141.824, 148.961, 92.5, 132.001, 101.32900000000001, 121.529, 151.796, 154.1, 100.276, 84.4, 102.761, 115.79599999999999, 160.0, 93.409, 91.025, 121.076, 143.441, 139.696, 90.164, 139.696, 93.71600000000001, 105.344, 115.79599999999999, 150.656, 87.424, 85.376, 107.249, 151.796, 88.225, 100.976, 95.281, 148.4, 101.684, 94.025, 81.881, 139.16899999999998, 88.769, 104.225, 82.996, 91.609, 113.681, 99.584, 132.001, 98.224, 131.50400000000002, 104.225, 99.929, 107.636, 84.884, 103.124, 110.0, 148.961, 130.51600000000002, 125.696, 87.956, 89.044, 136.56400000000002, 113.681, 99.584, 125.696, 89.044, 94.649, 82.996, 97.225, 123.361, 95.281, 127.6, 134.51600000000002, 111.616, 81.025, 113.26400000000001, 153.52100000000002, 93.104, 142.361, 117.089, 81.449, 106.481, 122.441, 86.9, 129.049, 116.656, 136.049, 119.729, 126.16900000000001, 95.921, 98.224, 146.176, 112.849, 85.876, 131.50400000000002, 98.9, 135.536, 95.6, 119.729, 94.649, 115.79599999999999, 155.264, 143.98399999999998, 135.536], "p": [186, 104, 196, 60, 87, 76, 147, 63, 101, 13, 153, 151, 31, 23, 109, 86, 126, 41, 90, 23, 171, 96, 169, 44, 17, 124, 199, 150, 12, 200, 173, 188, 58, 30, 114, 91, 143, 152, 17, 166, 44, 151, 11, 196, 34, 100, 68, 51, 23, 130, 105, 195, 34, 22, 58, 126, 56, 184, 141, 151, 2, 95, 88, 148, 105, 10, 196, 85, 117, 71, 20, 198, 129, 37, 69, 124, 57, 160, 12, 27, 52, 35, 28, 43, 53, 185, 25, 192, 164, 144, 196, 68, 187, 1, 175, 77, 3, 158, 55, 182, 36, 168, 181, 50, 149, 77, 127, 186, 190, 74, 20, 81, 114, 200, 53, 45, 126, 171, 164, 42, 164, 54, 88, 114, 184, 32, 24, 93, 186, 35, 76, 59, 180, 78, 55, 9, 163, 37, 85, 14, 47, 109, 72, 149, 68, 148, 85, 73, 94, 22, 82, 100, 181, 146, 136, 34, 38, 158, 109, 72, 136, 38, 57, 14, 65, 131, 59, 140, 154, 104, 5, 108, 189, 52, 169, 117, 7, 91, 129, 30, 143, 116, 157, 123, 137, 61, 68, 176, 107, 26, 148, 70, 156, 60, 123, 57, 114, 192, 172, 156], "q": [164.03658128600463, 50.36949890313666, 0, 52.91502622129181, 42.136023120893164, 56.99999999999998, 110.24999999999996, 30.51229260478471, 62.59417817871335, 11.46492234794656, 0, 0, 10.189207260544759, 0, 67.55213288593816, 0, 41.41419725253676, 30.749999999999993, 29.581569466097683, 0, 0, 46.494922064433844, 55.54761377522787, 21.31017261286551, 8.233475782243493, 109.35772085733642, 96.38009886273265, 72.64831572567788, 0, 149.99999999999994, 83.78772413694848, 116.51193561978324, 35.94517162737994, 18.592330152093073, 70.65085457795368, 80.25445643562593, 88.62344039164364, 94.20113943727156, 10.53565375285274, 80.39746940308352, 21.31017261286551, 0, 9.701088140570166, 146.99999999999997, 21.07130750570548, 48.432210483785255, 50.999999999999986, 44.97777228809804, 7.559734419113853, 42.72893367325221, 65.07315553232576, 0, 11.175259576081348, 19.40217628114033, 43.499999999999986, 0, 49.38735780653903, 0, 124.35031162003577, 73.13263783051572, 1.7638342073763937, 31.224989991991997, 77.60870512456133, 48.645247566471745, 78.74999999999997, 3.2868410517886315, 146.99999999999997, 52.6782687642637, 56.66568626602874, 34.38686944348753, 0, 0, 96.74999999999997, 12.161311891617936, 60.852280154485584, 76.8482979619847, 0, 119.99999999999996, 3.944209262146358, 23.811761799581316, 25.18474945156833, 16.951273669324838, 13.56101893545987, 26.6490065513334, 0, 60.80655945808968, 8.217102629471578, 63.107348194341725, 144.6344050048643, 107.99999999999997, 0, 0, 140.24999999999997, 0.8819171036881969, 131.24999999999994, 37.29280207251465, 2.6457513110645907, 139.3429023827351, 26.637715766081886, 136.49999999999997, 0, 104.1170488517212, 135.74999999999997, 0, 92.34190642206225, 67.90761698399116, 112.003472168401, 90.08391149984057, 0, 35.83983575800108, 9.686442096757052, 71.43528539874394, 37.4699879903904, 65.73682103577262, 46.741606495474436, 14.790784733048842, 0, 56.2049819855856, 79.42882519340782, 0, 0, 26.153393661244035, 54.53750177947301, 37.4699879903904, 137.99999999999997, 28.2213473180223, 0, 82.01829064300232, 164.03658128600463, 11.50394368126021, 56.99999999999998, 0, 158.74507866387543, 37.7771241773525, 18.077625784837473, 5.577699045627922, 101.01832715970569, 17.91991787900054, 52.6782687642637, 6.780509467729935, 41.450103873345256, 35.82656746449609, 44.621592365023375, 72.16399362084003, 59.970363050797395, 110.99999999999997, 74.96295381349674, 45.24133670342648, 70.49999999999997, 0, 0, 88.1917103688197, 87.6623009756513, 47.987879356114014, 65.86780625794795, 0, 28.49999999999999, 97.91960546769018, 52.79110942732593, 44.621592365023375, 65.86780625794795, 33.51284994015148, 0, 4.6015774725040846, 57.3246117397328, 115.53114058315379, 36.564915965783044, 104.99999999999997, 115.49999999999997, 91.71937878357248, 3.098721692015512, 95.24704719832526, 117.13167995818634, 45.85968939178624, 55.54761377522787, 56.66568626602874, 4.338210368821717, 68.24999999999999, 62.477551524082976, 26.457513110645905, 88.62344039164364, 102.30238402783084, 138.46098527904692, 40.42814493700017, 120.82264320528297, 53.79694332498001, 50.999999999999986, 0, 35.16919925413836, 8.545786734650441, 71.67967151600216, 61.734197258173786, 75.554248354705, 37.184660304186146, 59.57161889505586, 18.7349939951952, 0, 169.3280839081338, 128.99999999999997, 96.68011679088397], "B": 5116.171000629581}, "solution": [1.0, 0.0, 0.0, 0.0, 0.0, 0.0, 0.0, 0.0, 0.0, 0.0, 0.0, 0.0, 0.0, 0.0, 0.0, 0.0, 0.0, 0.0, 0.0, 0.0, 0.0, 0.0, 0.0, 0.0, 0.0, 0.0, 0.0, 0.0, 0.0, 1.0, 0.0, 1.0, 0.0, 0.0, 0.0, 0.0, 0.0, 0.0, 0.0, 0.0, 0.0, 0.0, 0.0, 1.0, 0.0, 0.0, 0.0, 0.0, 0.0, 0.0, 0.0, 0.0, 0.0, 0.0, 0.0, 0.0, 0.0, 0.0, 1.0, 0.0, 0.0, 0.0, 0.0, 0.0, 0.0, 0.0, 1.0, 0.0, 0.0, 0.0, 0.0, 0.0, 0.0, 0.0, 0.0, 0.0, 0.0, 1.0, 0.0, 0.0, 0.0, 0.0, 0.0, 0.0, 0.0, 0.0, 0.0, 0.0, 1.0, 0.0, 0.0, 0.0, 1.0, 0.0, 1.0, 0.0, 0.0, 1.0, 0.0, 1.0, 0.0, 1.0, 1.0, 0.0, 0.0, 0.0, 0.0, 0.0, 0.0, 0.0, 0.0, 0.0, 0.0, 0.0, 0.0, 0.0, 0.0, 0.0, 0.0, 0.0, 0.0, 0.0, 0.0, 0.0, 1.0, 0.0, 0.0, 0.0, 1.0, 0.0, 0.0, 0.0, 1.0, 0.0, 0.0, 0.0, 0.0, 0.0, 0.0, 0.0, 0.0, 0.0, 0.0, 0.0, 0.0, 0.0, 0.0, 0.0, 0.0, 0.0, 0.0, 0.0, 0.0, 0.0, 0.0, 0.0, 0.0, 0.0, 0.0, 0.0, 0.0, 0.0, 0.0, 0.0, 0.0, 0.0, 0.0, 0.0, 1.0, 0.0, 0.0, 0.0, 1.0, 0.0, 0.0, 0.0, 0.0, 0.0, 0.0, 0.0, 0.0, 0.0, 1.0, 0.0, 1.0, 0.0, 0.0, 0.0, 0.0, 0.0, 0.0, 0.0, 0.0, 0.0, 0.0, 0.0, 0.0, 1.0, 1.0, 0.0], "objective_value": 3360.5710000000004, "solve_time": 18.978647708892822}