{"instance": {"c": [82.1, 91.025, 151.796, 159.401, 143.441, 151.796, 86.641, 135.025, 85.129, 83.68900000000001, 105.344, 95.281, 121.98400000000001, 114.521, 115.79599999999999, 105.344, 156.436, 93.409, 89.881, 83.225, 103.856, 113.681, 127.6, 82.1, 95.6, 83.924, 95.921, 151.796, 91.316, 142.9, 97.889, 138.644, 145.625, 99.584, 150.089, 127.6, 97.225, 81.236, 123.824, 127.6, 91.316, 94.025, 154.681, 96.569, 87.161, 116.656, 145.07600000000002, 109.20400000000001, 155.264, 156.436, 88.769, 137.08100000000002, 81.025, 108.809, 91.025, 101.684, 118.4, 86.641, 92.801, 107.249, 121.076, 122.9, 97.889, 112.025, 117.524, 88.769, 133.50400000000002, 137.6, 134.51600000000002, 153.52100000000002, 107.636, 127.6, 105.721, 135.536, 80.609, 95.6, 87.161, 152.369, 90.449, 131.00900000000001, 80.816, 141.824, 88.496, 132.5, 96.569, 138.644, 88.769, 132.001, 113.681, 115.79599999999999, 96.896, 147.841, 135.536, 157.025, 145.625, 101.684, 106.481, 85.129, 117.524, 158.209, 96.569, 151.796, 130.025, 110.804, 127.12100000000001, 131.00900000000001, 128.56400000000002, 128.08100000000002, 86.384, 132.5, 95.281, 117.961, 93.71600000000001, 88.496, 152.94400000000002, 115.369, 134.51600000000002, 87.424, 108.416, 85.876, 107.249, 120.625, 152.94400000000002, 112.025, 85.876, 135.536, 105.721, 85.129, 81.664, 103.124, 108.809, 106.1, 81.449, 90.736, 97.225, 81.449, 108.025, 109.601, 91.316, 98.9, 84.641, 94.336, 89.321, 160.0, 146.176, 142.361, 134.51600000000002, 137.6, 141.289, 128.56400000000002, 94.025, 135.536, 112.436, 80.609, 136.56400000000002, 122.441, 101.32900000000001, 84.641, 94.964, 99.929, 111.616, 131.50400000000002, 145.625, 143.98399999999998, 156.436, 102.041, 135.025, 88.225, 86.9, 112.025, 108.025, 109.20400000000001, 126.644, 105.344, 154.1, 122.441, 105.344, 103.489, 83.225, 100.625, 83.225, 143.441, 146.72899999999998, 111.209, 128.08100000000002, 90.449, 148.961, 89.6, 95.921, 146.72899999999998, 99.241, 83.924, 81.881, 80.816, 100.625, 86.9, 82.1, 94.025, 83.225, 125.225], "p": [10, 45, 186, 199, 171, 186, 29, 155, 23, 17, 88, 59, 128, 111, 114, 88, 194, 53, 41, 15, 84, 109, 140, 10, 60, 18, 61, 186, 46, 170, 67, 162, 175, 72, 183, 140, 65, 6, 132, 140, 46, 55, 191, 63, 31, 116, 174, 98, 192, 194, 37, 159, 5, 97, 45, 78, 120, 29, 51, 93, 126, 130, 67, 105, 118, 37, 152, 160, 154, 189, 94, 140, 89, 156, 3, 60, 31, 187, 43, 147, 4, 168, 36, 150, 63, 162, 37, 149, 109, 114, 64, 179, 156, 195, 175, 78, 91, 23, 118, 197, 63, 186, 145, 102, 139, 147, 142, 141, 28, 150, 59, 119, 54, 36, 188, 113, 154, 32, 96, 26, 93, 125, 188, 105, 26, 156, 89, 23, 8, 82, 97, 90, 7, 44, 65, 7, 95, 99, 46, 70, 21, 56, 39, 200, 176, 169, 154, 160, 167, 142, 55, 156, 106, 3, 158, 129, 77, 21, 58, 73, 104, 148, 175, 172, 194, 79, 155, 35, 30, 105, 95, 98, 138, 88, 190, 129, 88, 83, 15, 75, 15, 171, 177, 103, 141, 43, 181, 40, 61, 177, 71, 18, 9, 4, 75, 30, 10, 55, 15, 135], "q": [8.819171036881968, 14.790784733048842, 164.03658128600463, 65.40813693059377, 82.81907992727277, 139.49999999999997, 21.749999999999993, 0, 11.139408411270608, 10.53565375285274, 28.924201255739955, 52.03310911760362, 95.99999999999997, 83.24999999999997, 55.21271995151518, 28.924201255739955, 120.23040165020187, 46.741606495474436, 13.47604831233339, 11.249999999999996, 74.08103670980854, 35.82656746449609, 104.99999999999997, 6.197443384031024, 0, 11.155398091255844, 45.74999999999999, 61.135243563268546, 22.278816822541216, 0, 41.52287067300786, 78.4601809837321, 154.33549314543447, 34.87119154832538, 137.24999999999994, 104.99999999999997, 48.749999999999986, 4.499999999999999, 81.80625266920951, 67.80509467729935, 40.56818676965705, 0, 62.77866408916286, 20.70709862626838, 15.013985249973427, 0, 84.27204624178633, 32.21104230752859, 63.107348194341725, 145.49999999999997, 12.161311891617936, 52.26077272343924, 3.098721692015512, 46.97924416927169, 39.68626966596886, 58.499999999999986, 39.44209262146357, 14.045341040297723, 0, 0, 61.02458520956942, 42.72893367325221, 50.249999999999986, 34.511831043780624, 0, 27.749999999999993, 94.20113943727156, 119.99999999999996, 0, 141.74999999999997, 58.25596780989162, 0, 78.49062222824952, 116.99999999999997, 0, 29.059326290271148, 0, 61.463927668447404, 0, 48.31656346129288, 2.4789773536124096, 148.1620734196171, 17.43559577416269, 49.30261577682948, 55.560777532356404, 0, 27.749999999999993, 131.40564844954133, 81.74999999999999, 85.49999999999999, 30.996614709622563, 0, 75.554248354705, 120.85014598860498, 131.24999999999994, 48.340058395441986, 80.25445643562593, 7.559734419113853, 104.06621823520724, 0, 55.560777532356404, 61.135243563268546, 47.659195250935156, 76.49999999999999, 0, 48.31656346129288, 0, 0, 17.35284147528687, 49.30261577682948, 44.249999999999986, 104.94813533889544, 47.62352359916263, 26.999999999999993, 0, 99.65663271676625, 95.44062811407777, 10.51789136572362, 71.99999999999999, 0, 69.74999999999999, 0, 0, 65.07315553232576, 16.113352798480662, 96.68011679088397, 0, 17.249999999999996, 3.8745768387028203, 39.71441259670391, 0, 29.581569466097683, 4.338210368821717, 32.99999999999999, 48.749999999999986, 3.3902547338649676, 83.78212485037871, 32.53972641270745, 34.49999999999999, 23.00788736252042, 0, 0, 18.88856208867625, 176.3834207376394, 109.07500355894602, 55.54761377522787, 115.49999999999997, 99.15909414449638, 54.89024556487015, 68.77373888697505, 41.249999999999986, 96.68011679088397, 65.69289987072885, 2.6457513110645907, 76.5228925643807, 62.477551524082976, 0, 10.170764201594903, 19.063678100374062, 35.355513653163236, 77.99999999999997, 0, 108.45525922054291, 83.30340203211064, 0, 0, 96.06037245248086, 11.50394368126021, 14.529663145135574, 50.85382100797452, 31.224989991991997, 73.49999999999999, 0, 54.53750177947301, 62.449979983983994, 0, 65.99999999999999, 73.19911960612033, 11.249999999999996, 66.14378277661477, 13.228756555322953, 56.2049819855856, 156.09932735281086, 49.885176798298815, 87.38395171483744, 14.133416522691116, 159.62699576756364, 24.789773536124095, 20.049730415910652, 85.7250125562999, 53.24999999999998, 5.916313893219536, 0, 1.9372884193514102, 24.65130788841474, 0, 6.197443384031024, 48.50544070285083, 13.228756555322953, 83.66548568441883], "B": 9862.13983309115}, "solution": [0.0, 0.0, 1.0, 1.0, 1.0, 1.0, 0.0, 0.0, 0.0, 0.0, 0.0, 0.0, 1.0, 1.0, 0.0, 0.0, 1.0, 0.0, 0.0, 0.0, 0.0, 0.0, 1.0, 0.0, 0.0, 0.0, 0.0, 1.0, 0.0, 0.0, 0.0, 1.0, 1.0, 0.0, 1.0, 1.0, 0.0, 0.0, 1.0, 0.0, 0.0, 0.0, 1.0, 0.0, 0.0, 0.0, 1.0, 0.0, 1.0, 1.0, 0.0, 0.0, 0.0, 0.0, 0.0, 0.0, 0.0, 0.0, 0.0, 0.0, 0.0, 0.0, 0.0, 0.0, 0.0, 0.0, 1.0, 1.0, 0.0, 1.0, 0.0, 0.0, 0.0, 1.0, 0.0, 0.0, 0.0, 1.0, 0.0, 0.0, 0.0, 1.0, 0.0, 0.0, 0.0, 0.0, 0.0, 1.0, 0.0, 1.0, 0.0, 0.0, 1.0, 1.0, 1.0, 0.0, 0.0, 0.0, 1.0, 0.0, 0.0, 1.0, 0.0, 0.0, 0.0, 0.0, 0.0, 0.0, 0.0, 0.0, 0.0, 1.0, 0.0, 0.0, 0.0, 1.0, 0.0, 0.0, 0.0, 0.0, 0.0, 0.0, 0.0, 0.0, 0.0, 1.0, 0.0, 0.0, 0.0, 0.0, 0.0, 0.0, 0.0, 0.0, 0.0, 0.0, 0.0, 0.0, 0.0, 0.0, 0.0, 0.0, 0.0, 1.0, 1.0, 0.0, 1.0, 1.0, 1.0, 1.0, 0.0, 1.0, 0.0, 0.0, 1.0, 0.0, 0.0, 0.0, 0.0, 0.0, 0.0, 0.0, 1.0, 1.0, 0.0, 0.0, 1.0, 0.0, 0.0, 0.0, 0.0, 0.0, 0.0, 0.0, 1.0, 0.0, 0.0, 0.0, 0.0, 0.0, 0.0, 0.0, 1.0, 0.0, 1.0, 0.0, 1.0, 0.0, 0.0, 1.0, 0.0, 0.0, 0.0, 0.0, 0.0, 0.0, 0.0, 0.0, 0.0, 1.0], "objective_value": 7149.237000000004, "solve_time": 16.454665660858154}