{"instance": {"c": [137.08100000000002, 91.025, 112.436, 119.284, 121.98400000000001, 135.025, 111.209, 82.544, 94.964, 156.436, 114.944, 139.696, 107.249, 108.025, 106.864, 137.08100000000002, 125.696, 116.656, 83.456, 150.656, 120.176, 129.049, 150.656, 81.236, 81.664, 130.025, 156.436, 91.904, 92.201, 87.956, 87.689, 142.361, 121.076, 94.649, 96.569, 82.544, 80.816, 101.684, 96.244, 95.281, 143.441, 89.044, 150.089, 83.924, 91.904, 133.50400000000002, 131.50400000000002, 121.98400000000001, 86.384, 146.176, 105.344, 85.376, 122.9, 159.401, 145.07600000000002, 101.684, 121.076, 83.68900000000001, 123.361, 86.129, 158.804, 130.51600000000002, 102.041, 135.025, 152.369, 157.025, 89.6, 91.025, 117.961, 137.6, 118.84100000000001, 107.636, 101.32900000000001, 143.441, 92.5, 128.08100000000002, 135.536, 113.26400000000001, 117.089, 89.6, 91.904, 94.964, 122.441, 117.524, 92.801, 125.696, 132.001, 101.684, 121.529, 103.489, 107.636, 124.756, 105.344, 102.041, 96.896, 81.449, 104.225, 152.369, 109.20400000000001, 91.609, 110.40100000000001, 121.529, 81.881, 93.104, 88.496, 102.041, 110.0, 121.529, 116.225, 90.449, 120.176, 131.50400000000002, 121.98400000000001, 158.804, 106.864, 151.796, 92.801, 104.969, 101.684, 130.51600000000002, 96.896, 82.996, 104.225, 94.964, 87.956, 115.369, 105.721, 99.584, 83.225, 86.384, 98.224, 81.664, 96.896, 136.049, 80.404, 83.68900000000001, 102.041, 99.584, 151.225, 93.104, 84.641, 129.536, 104.225, 84.4, 129.536, 110.40100000000001, 94.025, 143.441, 134.00900000000001, 138.121, 142.361, 133.001, 140.225, 140.756, 133.50400000000002, 115.79599999999999, 157.616, 100.276, 104.969, 151.225, 84.641, 81.025, 83.68900000000001, 95.281, 136.56400000000002, 159.401, 113.26400000000001, 98.224, 140.756, 99.241, 159.401, 103.124, 99.584, 140.225, 81.664, 118.84100000000001, 107.249, 159.401, 90.736, 100.276, 85.376, 81.025, 129.049, 95.6, 124.289, 100.625, 101.684, 103.124, 144.529, 87.161, 91.316, 127.6, 141.824, 143.98399999999998, 95.6, 98.561, 81.881, 122.9, 160.0, 81.664], "p": [159, 45, 106, 122, 128, 155, 103, 12, 58, 194, 112, 164, 93, 95, 92, 159, 136, 116, 16, 184, 124, 143, 184, 6, 8, 145, 194, 48, 49, 34, 33, 169, 126, 57, 63, 12, 4, 78, 62, 59, 171, 38, 183, 18, 48, 152, 148, 128, 28, 176, 88, 24, 130, 199, 174, 78, 126, 17, 131, 27, 198, 146, 79, 155, 187, 195, 40, 45, 119, 160, 121, 94, 77, 171, 50, 141, 156, 108, 117, 40, 48, 58, 129, 118, 51, 136, 149, 78, 127, 83, 94, 134, 88, 79, 64, 7, 85, 187, 98, 47, 101, 127, 9, 52, 36, 79, 100, 127, 115, 43, 124, 148, 128, 198, 92, 186, 51, 87, 78, 146, 64, 14, 85, 58, 34, 113, 89, 72, 15, 28, 68, 8, 64, 157, 2, 17, 79, 72, 185, 52, 21, 144, 85, 20, 144, 101, 55, 171, 153, 161, 169, 151, 165, 166, 152, 114, 196, 74, 87, 185, 21, 5, 17, 59, 158, 199, 108, 68, 166, 71, 199, 82, 72, 165, 8, 121, 93, 199, 44, 74, 24, 5, 143, 60, 133, 75, 78, 82, 173, 31, 46, 140, 168, 172, 60, 69, 9, 130, 200, 8], "q": [98.53934980609328, 39.68626966596886, 0, 40.099460831821304, 0, 136.6971510716705, 77.24999999999997, 3.944209262146358, 0, 171.0919181155102, 54.24407574183948, 144.6344050048643, 82.01829064300232, 46.010599959595986, 81.1363735393141, 52.26077272343924, 84.28523002282192, 56.18136416119089, 11.999999999999996, 137.99999999999997, 92.99999999999997, 0, 60.47787535291082, 4.499999999999999, 7.055336829505575, 70.22670520148861, 0, 29.747728243348917, 0, 11.175259576081348, 20.45156316730238, 55.54761377522787, 111.12155506471281, 50.26927491022722, 30.51229260478471, 7.436932060837229, 1.9372884193514102, 48.340058395441986, 54.67886042866821, 52.03310911760362, 150.8078247306817, 28.49999999999999, 137.24999999999994, 5.916313893219536, 35.99999999999999, 49.9599839871872, 110.99999999999997, 112.8853892720892, 0, 85.24069045146204, 54.53750177947301, 21.166010488516726, 97.49999999999997, 175.5015036339512, 57.19103430112219, 68.78953408767936, 41.41419725253676, 12.749999999999996, 43.05761777843107, 23.811761799581316, 174.61958653026298, 47.987879356114014, 69.67145119136755, 75.06992624986714, 61.463927668447404, 64.09340050987832, 35.276684147527874, 27.888495228139607, 73.74957626996918, 99.15909414449638, 0, 70.49999999999997, 67.90761698399116, 56.2049819855856, 37.499999999999986, 0, 0, 0, 103.18430113151904, 13.147364207154526, 0, 19.063678100374062, 113.76730637577741, 104.06621823520724, 16.76288936412202, 101.99999999999997, 48.973931671650604, 37.7771241773525, 0, 62.249999999999986, 45.526277854758135, 0, 77.60870512456133, 69.67145119136755, 21.03578273144724, 5.249999999999999, 52.6782687642637, 61.463927668447404, 86.4278761614433, 35.249999999999986, 62.59417817871335, 61.50890731440727, 0, 0, 11.832627786439073, 48.95980273384509, 32.86841051788631, 112.003472168401, 71.27059891635678, 20.82585050802766, 109.35772085733642, 71.67967151600216, 112.8853892720892, 0, 68.99999999999999, 164.03658128600463, 16.76288936412202, 28.595517150561093, 68.78953408767936, 128.75989713847676, 39.66363765779855, 4.6015774725040846, 0, 0, 16.466951564486987, 37.141303885211535, 55.15724611787611, 63.49803146555018, 0, 9.203154945008169, 22.350519152162697, 4.957954707224819, 47.999999999999986, 76.03857045954285, 0.6573682103577263, 10.53565375285274, 0, 23.665255572878145, 163.15466418231642, 32.226705596961324, 0, 89.24318473004675, 63.74999999999998, 9.686442096757052, 47.33051114575629, 62.59417817871335, 41.249999999999986, 128.24999999999997, 74.10128204019144, 120.74999999999997, 55.54761377522787, 0, 123.74999999999996, 0, 94.20113943727156, 70.65085457795368, 172.8557523228866, 65.26186567292658, 42.136023120893164, 89.59958939500271, 6.902366208756126, 2.421610524189263, 10.53565375285274, 28.575004185433297, 139.3429023827351, 175.5015036339512, 35.49788335931722, 22.350519152162697, 80.39746940308352, 62.61611436186198, 123.32912334221739, 39.71441259670391, 63.49803146555018, 79.91314729824566, 4.957954707224819, 39.770776726642445, 57.63622347148852, 65.40813693059377, 14.462100627869978, 45.86108104182958, 14.873864121674458, 1.6434205258943158, 69.25806099181291, 19.721046310731786, 99.74999999999997, 66.14378277661477, 68.78953408767936, 61.499999999999986, 0, 15.013985249973427, 0, 67.80509467729935, 148.1620734196171, 106.5960262053336, 29.059326290271148, 0, 4.358898943540672, 97.49999999999997, 0, 4.957954707224819], "B": 4002.7431603740347}, "solution": [0.0, 0.0, 0.0, 0.0, 0.0, 1.0, 0.0, 0.0, 0.0, 1.0, 0.0, 1.0, 0.0, 0.0, 0.0, 0.0, 0.0, 0.0, 0.0, 1.0, 0.0, 0.0, 0.0, 0.0, 0.0, 0.0, 0.0, 0.0, 0.0, 0.0, 0.0, 0.0, 0.0, 0.0, 0.0, 0.0, 0.0, 0.0, 0.0, 0.0, 1.0, 0.0, 1.0, 0.0, 0.0, 0.0, 0.0, 0.0, 0.0, 0.0, 0.0, 0.0, 0.0, 1.0, 0.0, 0.0, 0.0, 0.0, 0.0, 0.0, 1.0, 0.0, 0.0, 0.0, 0.0, 0.0, 0.0, 0.0, 0.0, 0.0, 0.0, 0.0, 0.0, 0.0, 0.0, 0.0, 0.0, 0.0, 0.0, 0.0, 0.0, 0.0, 0.0, 0.0, 0.0, 0.0, 0.0, 0.0, 0.0, 0.0, 0.0, 0.0, 0.0, 0.0, 0.0, 0.0, 0.0, 0.0, 0.0, 0.0, 0.0, 0.0, 0.0, 0.0, 0.0, 0.0, 0.0, 0.0, 0.0, 0.0, 0.0, 0.0, 0.0, 0.0, 0.0, 1.0, 0.0, 0.0, 0.0, 0.0, 0.0, 0.0, 0.0, 0.0, 0.0, 0.0, 0.0, 0.0, 0.0, 0.0, 0.0, 0.0, 0.0, 0.0, 0.0, 0.0, 0.0, 0.0, 1.0, 0.0, 0.0, 0.0, 0.0, 0.0, 0.0, 0.0, 0.0, 1.0, 0.0, 0.0, 0.0, 0.0, 1.0, 0.0, 0.0, 0.0, 1.0, 0.0, 0.0, 0.0, 0.0, 0.0, 0.0, 0.0, 1.0, 1.0, 0.0, 0.0, 0.0, 0.0, 1.0, 0.0, 0.0, 0.0, 0.0, 0.0, 0.0, 0.0, 0.0, 0.0, 0.0, 0.0, 0.0, 0.0, 0.0, 0.0, 0.0, 0.0, 0.0, 0.0, 0.0, 0.0, 1.0, 0.0, 0.0, 0.0, 0.0, 0.0, 0.0, 0.0], "objective_value": 2535.0409999999997, "solve_time": 13.95547103881836}