{"instance": {"c": [126.16900000000001, 115.369, 87.161, 132.5, 114.521, 160.0, 128.08100000000002, 89.881, 81.881, 139.16899999999998, 136.049, 80.816, 110.40100000000001, 101.684, 116.656, 106.481, 93.409, 146.176, 87.424, 102.761, 112.849, 127.12100000000001, 149.524, 124.756, 89.044, 91.904, 145.07600000000002, 84.4, 83.456, 91.904, 97.556, 112.436, 104.596, 81.025, 124.756, 115.369, 89.6, 109.20400000000001, 87.424, 85.625, 140.225, 89.044, 134.51600000000002, 112.025, 98.9, 113.681, 134.00900000000001, 80.816, 126.16900000000001, 114.944, 82.321, 90.449, 94.025, 139.16899999999998, 137.08100000000002, 83.456, 157.025, 80.816, 135.536, 119.729, 81.881, 94.025, 112.436, 122.9, 100.276, 137.08100000000002, 140.225, 89.321, 148.4, 104.596, 97.889, 81.664, 105.721, 96.896, 108.809, 96.569, 107.636, 155.849, 147.841, 109.601, 114.1, 82.321, 119.729, 122.441, 150.656, 92.5, 83.225, 81.449, 111.209, 108.809, 85.376, 80.404, 91.025, 110.804, 137.08100000000002, 141.824, 143.98399999999998, 146.176, 155.849, 89.044, 139.16899999999998, 81.449, 119.284, 94.336, 87.689, 126.16900000000001, 80.201, 129.536, 102.041, 155.849, 109.20400000000001, 99.584, 110.40100000000001, 130.025, 117.524, 80.201, 103.124, 80.404, 139.16899999999998, 100.625, 140.225, 83.68900000000001, 122.441, 121.98400000000001, 156.436, 102.041, 159.401, 130.51600000000002, 91.025, 140.756, 92.5, 96.244, 83.456, 100.625, 107.636, 109.20400000000001, 115.79599999999999, 97.556, 107.636, 84.161, 82.321, 92.801, 89.881, 93.104, 136.049, 139.696, 103.124, 131.00900000000001, 129.049, 150.656, 134.51600000000002, 155.264, 81.025, 112.849, 93.409, 87.161, 128.56400000000002, 98.561, 95.281, 80.816, 129.049, 96.569, 132.001, 97.556, 81.025, 112.025, 93.409, 129.049, 89.6, 80.816, 91.904, 121.529, 129.536, 84.161, 144.529, 129.536, 134.00900000000001, 113.26400000000001, 111.616, 107.636, 85.876, 92.801, 109.20400000000001, 106.864, 101.32900000000001, 147.284, 81.449, 115.369, 133.50400000000002, 95.921, 104.225, 127.6, 80.404, 92.201, 115.369, 126.16900000000001, 95.6, 112.025, 89.6, 108.416], "p": [137, 113, 31, 150, 111, 200, 141, 41, 9, 163, 157, 4, 101, 78, 116, 91, 53, 176, 32, 81, 107, 139, 182, 134, 38, 48, 174, 20, 16, 48, 66, 106, 86, 5, 134, 113, 40, 98, 32, 25, 165, 38, 154, 105, 70, 109, 153, 4, 137, 112, 11, 43, 55, 163, 159, 16, 195, 4, 156, 123, 9, 55, 106, 130, 74, 159, 165, 39, 180, 86, 67, 8, 89, 64, 97, 63, 94, 193, 179, 99, 110, 11, 123, 129, 184, 50, 15, 7, 103, 97, 24, 2, 45, 102, 159, 168, 172, 176, 193, 38, 163, 7, 122, 56, 33, 137, 1, 144, 79, 193, 98, 72, 101, 145, 118, 1, 82, 2, 163, 75, 165, 17, 129, 128, 194, 79, 199, 146, 45, 166, 50, 62, 16, 75, 94, 98, 114, 66, 94, 19, 11, 51, 41, 52, 157, 164, 82, 147, 143, 184, 154, 192, 5, 107, 53, 31, 142, 69, 59, 4, 143, 63, 149, 66, 5, 105, 53, 143, 40, 4, 48, 127, 144, 19, 173, 144, 153, 108, 104, 94, 26, 51, 98, 92, 77, 178, 7, 113, 152, 61, 85, 140, 2, 49, 113, 137, 60, 105, 40, 96], "q": [102.74999999999999, 37.141303885211535, 0, 92.96165076046536, 97.89279850938986, 96.86442096757051, 68.28941678213721, 36.158601251216076, 4.358898943540672, 122.24999999999997, 51.603404513081514, 0, 33.197094623065176, 0, 86.99999999999997, 0, 25.669071556406184, 131.99999999999997, 19.831818828899276, 71.43528539874394, 0, 67.32077257246151, 112.79346958936463, 44.043670093967656, 23.55028485931789, 29.747728243348917, 153.45357604174626, 17.638342073763937, 5.25894568286181, 23.247461032216922, 21.693150941804966, 0, 28.26683304538223, 2.421610524189263, 44.043670093967656, 84.74999999999997, 13.147364207154526, 86.4278761614433, 28.2213473180223, 0, 102.2578158365119, 28.49999999999999, 115.49999999999997, 34.511831043780624, 43.382103688217164, 52.79110942732593, 134.93331686429414, 1.3147364207154526, 120.82264320528297, 98.77471561307806, 9.701088140570166, 14.133416522691116, 34.08593861217064, 0, 119.24999999999997, 11.999999999999996, 171.97383521919838, 2.999999999999999, 116.99999999999997, 108.47580375364822, 4.358898943540672, 0, 0, 114.6492234794656, 45.86108104182958, 98.53934980609328, 102.2578158365119, 12.818680101975662, 87.17797887081346, 41.65170101605532, 41.52287067300786, 0, 29.25288536091882, 0, 46.97924416927169, 0, 82.90020774669051, 170.21000101182202, 0, 0, 53.27543153216377, 9.701088140570166, 59.57161889505586, 79.94701965400021, 89.11526729016487, 44.09585518440985, 0, 0, 0, 60.115200825100935, 7.888418524292716, 1.4999999999999996, 33.749999999999986, 89.95554457619608, 98.53934980609328, 125.99999999999997, 128.99999999999997, 131.99999999999997, 63.43603229952059, 18.404239983838398, 0, 3.3902547338649676, 59.087296790218005, 34.70568295057374, 10.846575470902483, 0, 0.48432210483785254, 107.99999999999997, 25.966044309130186, 63.43603229952059, 0, 0, 0, 47.659195250935156, 57.150008370866594, 0.32868410517886315, 50.81903574905439, 1.7638342073763937, 0, 36.32415786283894, 102.2578158365119, 10.53565375285274, 96.74999999999997, 112.8853892720892, 171.0919181155102, 25.966044309130186, 0, 90.48267340685295, 21.794494717703365, 146.39823921224067, 24.216105241892627, 30.027970499946854, 5.25894568286181, 24.65130788841474, 82.90020774669051, 0, 37.4699879903904, 40.90312633460476, 58.25596780989162, 11.775142429658946, 0, 38.24999999999999, 0, 17.091573469300883, 138.46098527904692, 122.99999999999997, 50.81903574905439, 91.10241774525605, 69.25806099181291, 162.2727470786282, 135.81523396798232, 0, 3.7499999999999987, 66.31264420913196, 46.741606495474436, 10.189207260544759, 125.23222872372396, 0, 36.564915965783044, 1.9372884193514102, 47.00182704057743, 47.249999999999986, 48.973931671650604, 0, 3.098721692015512, 92.60129588726068, 17.420257574479745, 0, 13.147364207154526, 1.3147364207154526, 29.747728243348917, 41.74288135771562, 89.24318473004675, 16.75642497007574, 107.21577054373671, 0, 134.93331686429414, 66.93238854753506, 91.71937878357248, 45.526277854758135, 8.545786734650441, 0, 47.463566274109546, 44.55763364508243, 25.308676098772462, 0, 2.3007887362520423, 54.72839784667734, 0, 20.049730415910652, 63.74999999999998, 123.46839451634757, 1.2394886768062048, 43.21393808072165, 84.74999999999997, 66.35212836278579, 52.91502622129181, 0, 29.99999999999999, 0], "B": 5702.982183172336}, "solution": [0.0, 0.0, 0.0, 0.0, 0.0, 1.0, 0.0, 0.0, 0.0, 1.0, 0.0, 0.0, 0.0, 0.0, 0.0, 0.0, 0.0, 1.0, 0.0, 0.0, 0.0, 0.0, 1.0, 0.0, 0.0, 0.0, 1.0, 0.0, 0.0, 0.0, 0.0, 0.0, 0.0, 0.0, 0.0, 0.0, 0.0, 0.0, 0.0, 0.0, 0.0, 0.0, 1.0, 0.0, 0.0, 0.0, 1.0, 0.0, 1.0, 0.0, 0.0, 0.0, 0.0, 0.0, 1.0, 0.0, 1.0, 0.0, 1.0, 0.0, 0.0, 0.0, 0.0, 1.0, 0.0, 0.0, 1.0, 0.0, 0.0, 0.0, 0.0, 0.0, 0.0, 0.0, 0.0, 0.0, 0.0, 1.0, 0.0, 0.0, 0.0, 0.0, 0.0, 0.0, 0.0, 0.0, 0.0, 0.0, 0.0, 0.0, 0.0, 0.0, 0.0, 0.0, 0.0, 1.0, 1.0, 1.0, 0.0, 0.0, 0.0, 0.0, 0.0, 0.0, 0.0, 0.0, 0.0, 0.0, 0.0, 0.0, 0.0, 0.0, 0.0, 0.0, 0.0, 0.0, 0.0, 0.0, 0.0, 0.0, 0.0, 0.0, 0.0, 0.0, 1.0, 0.0, 0.0, 0.0, 0.0, 1.0, 0.0, 0.0, 0.0, 0.0, 0.0, 0.0, 0.0, 0.0, 0.0, 0.0, 0.0, 0.0, 0.0, 0.0, 1.0, 1.0, 0.0, 0.0, 0.0, 1.0, 1.0, 0.0, 0.0, 0.0, 0.0, 0.0, 1.0, 0.0, 0.0, 0.0, 0.0, 0.0, 0.0, 0.0, 0.0, 0.0, 0.0, 0.0, 0.0, 0.0, 0.0, 0.0, 0.0, 0.0, 1.0, 0.0, 1.0, 0.0, 0.0, 0.0, 0.0, 0.0, 0.0, 0.0, 0.0, 0.0, 0.0, 0.0, 0.0, 0.0, 0.0, 1.0, 0.0, 0.0, 0.0, 0.0, 0.0, 0.0, 0.0, 0.0], "objective_value": 3808.0499999999997, "solve_time": 75.02945804595947}