{"instance": {"c": [82.769, 100.276, 158.804, 112.849, 108.025, 160.0, 143.441, 92.201, 117.524, 100.276, 108.809, 99.584, 124.289, 159.401, 120.176, 94.025, 134.00900000000001, 90.164, 131.00900000000001, 160.0, 123.361, 83.924, 101.32900000000001, 91.316, 104.969, 151.225, 128.08100000000002, 127.6, 116.656, 153.52100000000002, 136.56400000000002, 99.241, 91.025, 145.07600000000002, 107.249, 95.281, 82.996, 120.625, 85.625, 125.225, 97.889, 106.864, 117.961, 140.756, 154.681, 80.609, 151.796, 103.489, 111.209, 145.07600000000002, 97.556, 97.556, 100.276, 94.336, 121.076, 99.584, 154.1, 100.276, 88.225, 100.976, 132.5, 119.729, 129.536, 84.161, 117.524, 121.529, 158.209, 135.536, 137.08100000000002, 99.929, 127.6, 131.50400000000002, 140.225, 143.98399999999998, 86.641, 148.961, 149.524, 107.636, 118.4, 154.681, 152.94400000000002, 108.416, 148.4, 102.4, 84.4, 90.449, 160.0, 94.964, 157.025, 121.98400000000001, 108.416, 96.569, 146.176, 155.849, 99.929, 85.129, 89.6, 101.684, 128.08100000000002, 92.5, 111.616, 112.025, 102.041, 82.769, 88.496, 86.9, 87.956, 126.16900000000001, 80.404, 83.68900000000001, 87.424, 108.025, 83.924, 121.076, 92.801, 117.961, 138.121, 107.249, 97.889, 154.681, 116.225, 110.0, 81.236, 108.416, 107.636, 83.456, 149.524, 80.816, 103.856, 151.796, 105.344, 157.025, 117.961, 95.281, 108.025, 145.07600000000002, 131.00900000000001, 82.321, 95.281, 157.616, 86.641, 117.089, 108.809, 81.236, 112.025, 92.5, 154.1, 147.284, 89.6, 109.20400000000001, 83.68900000000001, 91.609, 142.9, 94.964, 102.761, 104.225, 114.1, 135.536, 105.721, 148.961, 151.225, 93.409, 143.98399999999998, 159.401, 141.824, 147.841, 118.4, 140.225, 146.72899999999998, 112.025, 89.6, 80.609, 82.1, 142.9, 106.864, 130.025, 94.964, 89.044, 127.12100000000001, 123.361, 112.849, 80.201, 107.249, 125.225, 108.809, 85.129, 103.489, 131.50400000000002, 86.641, 84.161, 106.864, 150.089, 114.1, 123.361, 89.881, 91.025, 125.225, 83.225, 107.249, 82.769], "p": [13, 74, 198, 107, 95, 200, 171, 49, 118, 74, 97, 72, 133, 199, 124, 55, 153, 42, 147, 200, 131, 18, 77, 46, 87, 185, 141, 140, 116, 189, 158, 71, 45, 174, 93, 59, 14, 125, 25, 135, 67, 92, 119, 166, 191, 3, 186, 83, 103, 174, 66, 66, 74, 56, 126, 72, 190, 74, 35, 76, 150, 123, 144, 19, 118, 127, 197, 156, 159, 73, 140, 148, 165, 172, 29, 181, 182, 94, 120, 191, 188, 96, 180, 80, 20, 43, 200, 58, 195, 128, 96, 63, 176, 193, 73, 23, 40, 78, 141, 50, 104, 105, 79, 13, 36, 30, 34, 137, 2, 17, 32, 95, 18, 126, 51, 119, 161, 93, 67, 191, 115, 100, 6, 96, 94, 16, 182, 4, 84, 186, 88, 195, 119, 59, 95, 174, 147, 11, 59, 196, 29, 117, 97, 6, 105, 50, 190, 178, 40, 98, 17, 47, 170, 58, 81, 85, 110, 156, 89, 181, 185, 53, 172, 199, 168, 179, 120, 165, 177, 105, 40, 3, 10, 170, 92, 145, 58, 38, 139, 131, 107, 1, 93, 135, 97, 23, 83, 148, 29, 19, 92, 183, 110, 131, 41, 45, 135, 15, 93, 13], "q": [8.056676399240331, 45.86108104182958, 0, 35.16919925413836, 46.010599959595986, 123.94886768062048, 0, 43.21393808072165, 104.06621823520724, 0, 85.5459590577551, 0, 117.29497479053019, 123.32912334221739, 0, 34.08593861217064, 114.74999999999997, 37.04051835490427, 0, 123.94886768062048, 115.53114058315379, 8.717797887081344, 0, 0, 42.136023120893164, 60.80655945808968, 105.74999999999997, 46.01577472504084, 0, 166.68233259706923, 118.49999999999997, 53.24999999999998, 39.68626966596886, 57.19103430112219, 69.74999999999999, 28.575004185433297, 10.499999999999998, 77.4680423003878, 12.108052620946314, 44.37235419914652, 22.021835046983828, 44.55763364508243, 39.113408516284714, 124.49999999999997, 0, 1.8592330152093073, 0, 27.28078072984564, 90.83746167988427, 84.27204624178633, 31.965258919298268, 49.49999999999999, 45.86108104182958, 41.99999999999999, 111.12155506471281, 53.999999999999986, 0, 55.499999999999986, 30.867098629086893, 56.99999999999998, 112.49999999999997, 76.22855362358159, 126.99606293110035, 11.775142429658946, 57.150008370866594, 78.70753097719401, 147.74999999999997, 51.27472040790265, 77.00721466921854, 35.355513653163236, 0, 71.67967151600216, 79.91314729824566, 106.5960262053336, 17.97258581368997, 0, 136.49999999999997, 30.896305886813135, 39.44209262146357, 92.50552202402983, 165.80041549338102, 59.49545648669783, 134.99999999999994, 0, 17.638342073763937, 37.92243545859247, 123.94886768062048, 35.94517162737994, 171.97383521919838, 61.993229419245125, 84.6640419540669, 47.249999999999986, 0, 63.43603229952059, 23.993939678057007, 0, 19.372884193514103, 68.78953408767936, 0, 44.09585518440985, 64.45341119392265, 78.74999999999997, 59.249999999999986, 8.056676399240331, 26.999999999999993, 0, 29.985181525398698, 84.90497436122503, 1.2394886768062048, 5.587629788040674, 0, 46.010599959595986, 11.155398091255844, 78.0877866387909, 0, 57.63433047570445, 99.77883848289949, 30.567621781634273, 0, 168.4461668044456, 71.27059891635678, 48.432210483785255, 2.9059326290271152, 31.553674097170862, 82.90020774669051, 0, 160.50891287125185, 1.3147364207154526, 40.68305680637961, 0, 65.99999999999999, 0, 39.113408516284714, 36.564915965783044, 71.24999999999997, 107.8355148821398, 0, 3.6155251569674944, 36.564915965783044, 172.8557523228866, 14.045341040297723, 87.74999999999999, 46.97924416927169, 4.499999999999999, 50.85382100797452, 30.98721692015512, 117.75142429658945, 156.98124445649904, 29.99999999999999, 60.73494516350404, 5.587629788040674, 35.249999999999986, 127.49999999999996, 43.499999999999986, 26.623412519487914, 74.96295381349674, 0, 51.27472040790265, 55.15724611787611, 135.74999999999997, 114.65270260457393, 25.669071556406184, 128.99999999999997, 65.40813693059377, 55.21892967004901, 157.86316156018725, 0, 123.74999999999996, 58.17708661665877, 65.07315553232576, 13.147364207154526, 2.2499999999999996, 3.2868410517886315, 149.92590762699348, 30.23893767645541, 0, 35.94517162737994, 12.4899959967968, 45.687090619861976, 0, 51.82246521765022, 0.32868410517886315, 82.01829064300232, 0, 60.115200825100935, 14.254119783271355, 51.438780087457495, 0, 21.749999999999993, 6.2449979983984, 81.1363735393141, 161.39082997494003, 68.17187722434127, 98.24999999999997, 13.47604831233339, 0, 65.38348415311009, 7.264831572567787, 69.74999999999999, 0], "B": 6350.15913566597}, "solution": [0.0, 0.0, 0.0, 0.0, 0.0, 1.0, 0.0, 0.0, 0.0, 0.0, 0.0, 0.0, 1.0, 1.0, 0.0, 0.0, 1.0, 0.0, 0.0, 1.0, 0.0, 0.0, 0.0, 0.0, 0.0, 0.0, 0.0, 0.0, 0.0, 1.0, 0.0, 0.0, 0.0, 0.0, 0.0, 0.0, 0.0, 0.0, 0.0, 0.0, 0.0, 0.0, 0.0, 1.0, 0.0, 0.0, 0.0, 0.0, 0.0, 0.0, 0.0, 0.0, 0.0, 0.0, 0.0, 0.0, 0.0, 0.0, 0.0, 0.0, 1.0, 0.0, 1.0, 0.0, 0.0, 0.0, 1.0, 0.0, 0.0, 0.0, 0.0, 0.0, 0.0, 0.0, 0.0, 0.0, 1.0, 0.0, 0.0, 0.0, 1.0, 0.0, 1.0, 0.0, 0.0, 0.0, 1.0, 0.0, 1.0, 0.0, 0.0, 0.0, 0.0, 0.0, 0.0, 0.0, 0.0, 0.0, 0.0, 0.0, 0.0, 0.0, 0.0, 0.0, 0.0, 0.0, 0.0, 0.0, 0.0, 0.0, 0.0, 0.0, 0.0, 0.0, 0.0, 0.0, 0.0, 0.0, 0.0, 1.0, 0.0, 0.0, 0.0, 0.0, 0.0, 0.0, 1.0, 0.0, 0.0, 0.0, 0.0, 0.0, 0.0, 0.0, 0.0, 0.0, 0.0, 0.0, 0.0, 1.0, 0.0, 0.0, 0.0, 0.0, 0.0, 0.0, 1.0, 1.0, 0.0, 0.0, 0.0, 0.0, 1.0, 0.0, 0.0, 0.0, 0.0, 0.0, 0.0, 1.0, 1.0, 0.0, 1.0, 0.0, 0.0, 1.0, 0.0, 1.0, 0.0, 0.0, 0.0, 0.0, 0.0, 1.0, 0.0, 0.0, 0.0, 0.0, 0.0, 0.0, 0.0, 0.0, 0.0, 0.0, 0.0, 0.0, 0.0, 0.0, 0.0, 0.0, 0.0, 1.0, 0.0, 0.0, 0.0, 0.0, 0.0, 0.0, 0.0, 0.0], "objective_value": 4151.444, "solve_time": 11.175442695617676}