{"instance": {"c": [157.025, 104.596, 107.636, 94.964, 108.809, 159.401, 118.4, 128.08100000000002, 141.824, 89.044, 117.089, 97.889, 116.656, 131.00900000000001, 150.089, 133.001, 121.98400000000001, 109.601, 159.401, 134.00900000000001, 110.0, 158.804, 82.996, 154.681, 86.384, 142.361, 85.376, 111.616, 125.696, 155.264, 127.6, 108.809, 106.1, 100.976, 83.225, 125.696, 80.404, 100.276, 106.864, 102.761, 112.436, 143.98399999999998, 137.6, 131.50400000000002, 151.225, 128.56400000000002, 119.284, 125.225, 139.696, 147.284, 80.404, 87.161, 84.884, 126.16900000000001, 84.641, 103.489, 131.00900000000001, 127.6, 137.6, 98.561, 99.584, 121.98400000000001, 114.1, 86.129, 126.644, 144.529, 90.449, 114.1, 96.569, 152.369, 139.696, 114.521, 125.696, 93.104, 150.656, 116.656, 128.08100000000002, 113.26400000000001, 111.209, 82.544, 110.0, 85.129, 94.025, 133.001, 135.536, 108.025, 80.201, 136.56400000000002, 84.161, 115.79599999999999, 146.72899999999998, 91.904, 101.684, 92.5, 138.121, 108.809, 86.384, 107.249, 81.449, 150.089, 156.436, 106.864, 155.264, 100.625, 145.625, 127.6, 86.9, 107.636, 93.104, 95.281, 80.201, 140.756, 138.121, 105.344, 95.921, 128.56400000000002, 84.161, 97.889, 81.025, 104.596, 110.804, 82.321, 158.804, 93.104, 95.6, 87.161, 81.664, 90.164, 82.321, 92.801, 89.6, 131.00900000000001, 121.529, 120.625, 121.529, 142.361, 93.409, 129.536, 98.561, 95.921, 91.316, 90.164, 140.756, 128.08100000000002, 127.6, 148.4, 80.609, 160.0, 118.4, 112.436, 112.025, 83.68900000000001, 87.689, 159.401, 93.71600000000001, 85.376, 110.804, 110.40100000000001, 119.729, 150.089, 139.696, 138.121, 107.636, 112.849, 90.736, 116.656, 149.524, 80.201, 95.6, 92.801, 98.9, 99.241, 155.849, 133.50400000000002, 155.849, 81.449, 145.625, 105.344, 122.9, 157.025, 103.856, 144.529, 154.1, 82.544, 92.801, 82.1, 107.249, 80.816, 95.921, 124.756, 103.124, 95.921, 83.68900000000001, 124.289, 101.684, 126.644, 88.225, 143.98399999999998, 147.284, 114.1], "p": [195, 86, 94, 58, 97, 199, 120, 141, 168, 38, 117, 67, 116, 147, 183, 151, 128, 99, 199, 153, 100, 198, 14, 191, 28, 169, 24, 104, 136, 192, 140, 97, 90, 76, 15, 136, 2, 74, 92, 81, 106, 172, 160, 148, 185, 142, 122, 135, 164, 178, 2, 31, 22, 137, 21, 83, 147, 140, 160, 69, 72, 128, 110, 27, 138, 173, 43, 110, 63, 187, 164, 111, 136, 52, 184, 116, 141, 108, 103, 12, 100, 23, 55, 151, 156, 95, 1, 158, 19, 114, 177, 48, 78, 50, 161, 97, 28, 93, 7, 183, 194, 92, 192, 75, 175, 140, 30, 94, 52, 59, 1, 166, 161, 88, 61, 142, 19, 67, 5, 86, 102, 11, 198, 52, 60, 31, 8, 42, 11, 51, 40, 147, 127, 125, 127, 169, 53, 144, 69, 61, 46, 42, 166, 141, 140, 180, 3, 200, 120, 106, 105, 17, 33, 199, 54, 24, 102, 101, 123, 183, 164, 161, 94, 107, 44, 116, 182, 1, 60, 51, 70, 71, 193, 152, 193, 7, 175, 88, 130, 195, 84, 173, 190, 12, 51, 10, 93, 4, 61, 134, 82, 61, 17, 133, 78, 138, 35, 172, 178, 110], "q": [146.24999999999994, 0, 0, 28.090682080595446, 46.97924416927169, 0, 39.44209262146357, 0, 125.99999999999997, 12.4899959967968, 0, 50.249999999999986, 86.99999999999997, 0, 88.63094518532702, 133.16948265691772, 61.993229419245125, 74.24999999999997, 96.38009886273265, 94.82088377567466, 0, 174.61958653026298, 8.676420737643435, 118.37116863499256, 13.56101893545987, 104.7367931901243, 14.873864121674458, 34.183146938601766, 119.94072610159479, 169.3280839081338, 86.76420737643433, 31.882358202349725, 79.37253933193772, 67.02569988030297, 4.930261577682947, 101.99999999999997, 1.7638342073763937, 55.499999999999986, 44.55763364508243, 71.43528539874394, 65.69289987072885, 56.53366609076446, 141.1067365901115, 91.72216208365916, 60.80655945808968, 68.77373888697505, 0, 65.38348415311009, 101.63807149810879, 0, 0.6573682103577263, 0, 10.655086306432755, 84.90497436122503, 13.01463110646515, 40.19873470154176, 110.24999999999996, 86.76420737643433, 141.1067365901115, 42.76235934981406, 53.999999999999986, 42.07156546289448, 82.49999999999997, 20.249999999999993, 66.83645046762365, 129.74999999999997, 37.92243545859247, 53.27543153216377, 55.560777532356404, 0, 79.42882519340782, 53.75975363700163, 119.94072610159479, 17.091573469300883, 137.99999999999997, 86.99999999999997, 68.28941678213721, 80.99999999999997, 63.83366685551955, 0, 48.432210483785255, 0, 41.249999999999986, 73.13263783051572, 96.68011679088397, 46.010599959595986, 0.48432210483785254, 0, 6.2449979983984, 55.21271995151518, 0, 23.247461032216922, 68.78953408767936, 30.98721692015512, 0, 0, 20.999999999999996, 30.567621781634273, 3.3902547338649676, 161.39082997494003, 145.49999999999997, 0, 169.3280839081338, 24.65130788841474, 154.33549314543447, 104.99999999999997, 26.457513110645905, 58.25596780989162, 45.85968939178624, 44.249999999999986, 0.6197443384031024, 102.87756017491499, 0, 28.924201255739955, 37.80440464258925, 88.00369605324055, 9.202119991919199, 41.52287067300786, 0, 0, 76.49999999999999, 3.6155251569674944, 174.61958653026298, 25.18474945156833, 44.999999999999986, 23.249999999999993, 4.957954707224819, 37.04051835490427, 8.249999999999998, 16.76288936412202, 0, 91.10241774525605, 78.70753097719401, 93.74999999999997, 0, 104.7367931901243, 0, 47.33051114575629, 51.749999999999986, 0, 40.56818676965705, 20.341528403189805, 80.39746940308352, 68.28941678213721, 123.46839451634757, 134.99999999999994, 0.9860523155365895, 149.99999999999994, 0, 34.84051514895949, 78.74999999999997, 5.587629788040674, 24.749999999999996, 123.32912334221739, 26.153393661244035, 17.999999999999996, 49.40085469346096, 62.59417817871335, 92.24999999999997, 88.63094518532702, 144.6344050048643, 52.91814093379696, 30.896305886813135, 35.16919925413836, 0, 56.18136416119089, 0, 0.7499999999999998, 29.059326290271148, 24.70042734673048, 0, 34.38686944348753, 144.74999999999994, 0, 63.43603229952059, 6.173419725817379, 57.519718406301045, 0, 62.96187362892083, 0, 40.68305680637961, 107.21577054373671, 167.56424970075741, 10.583005244258363, 44.97777228809804, 8.819171036881968, 30.567621781634273, 0, 53.79694332498001, 64.89916204827223, 26.95209662466678, 53.79694332498001, 10.53565375285274, 0, 58.499999999999986, 45.35840651468312, 30.867098629086893, 151.68974183436987, 156.98124445649904, 82.49999999999997], "B": 8191.6411597638635}, "solution": [1.0, 0.0, 0.0, 0.0, 0.0, 0.0, 0.0, 0.0, 1.0, 0.0, 0.0, 0.0, 0.0, 0.0, 0.0, 1.0, 0.0, 0.0, 1.0, 1.0, 0.0, 1.0, 0.0, 1.0, 0.0, 1.0, 0.0, 0.0, 1.0, 1.0, 0.0, 0.0, 0.0, 0.0, 0.0, 1.0, 0.0, 0.0, 0.0, 0.0, 0.0, 0.0, 1.0, 1.0, 0.0, 0.0, 0.0, 0.0, 1.0, 0.0, 0.0, 0.0, 0.0, 0.0, 0.0, 0.0, 1.0, 0.0, 1.0, 0.0, 0.0, 0.0, 0.0, 0.0, 0.0, 1.0, 0.0, 0.0, 0.0, 0.0, 0.0, 0.0, 1.0, 0.0, 1.0, 0.0, 0.0, 0.0, 0.0, 0.0, 0.0, 0.0, 0.0, 0.0, 1.0, 0.0, 0.0, 0.0, 0.0, 0.0, 0.0, 0.0, 0.0, 0.0, 0.0, 0.0, 0.0, 0.0, 0.0, 1.0, 1.0, 0.0, 1.0, 0.0, 1.0, 1.0, 0.0, 0.0, 0.0, 0.0, 0.0, 1.0, 0.0, 0.0, 0.0, 0.0, 0.0, 0.0, 0.0, 0.0, 0.0, 0.0, 1.0, 0.0, 0.0, 0.0, 0.0, 0.0, 0.0, 0.0, 0.0, 0.0, 0.0, 0.0, 0.0, 1.0, 0.0, 0.0, 0.0, 0.0, 0.0, 0.0, 0.0, 0.0, 1.0, 1.0, 0.0, 1.0, 0.0, 0.0, 0.0, 0.0, 0.0, 1.0, 0.0, 0.0, 0.0, 0.0, 0.0, 0.0, 1.0, 0.0, 0.0, 0.0, 0.0, 0.0, 0.0, 0.0, 0.0, 0.0, 0.0, 0.0, 1.0, 0.0, 0.0, 0.0, 0.0, 0.0, 0.0, 0.0, 0.0, 1.0, 1.0, 0.0, 0.0, 0.0, 0.0, 0.0, 0.0, 0.0, 0.0, 0.0, 0.0, 0.0, 0.0, 0.0, 0.0, 1.0, 1.0, 0.0], "objective_value": 5479.366, "solve_time": 22.666266679763794}