{"instance": {"c": [121.076, 114.521, 87.161, 158.804, 108.025, 133.50400000000002, 80.609, 129.536, 157.616, 82.321, 134.00900000000001, 108.025, 149.524, 84.884, 149.524, 80.816, 142.9, 82.769, 96.569, 80.201, 89.881, 80.201, 122.441, 158.209, 86.384, 110.40100000000001, 127.12100000000001, 146.72899999999998, 115.369, 147.841, 157.616, 96.569, 123.361, 125.696, 92.5, 121.98400000000001, 133.50400000000002, 92.201, 127.6, 83.68900000000001, 150.656, 90.164, 90.449, 112.849, 138.121, 93.71600000000001, 99.584, 94.649, 143.441, 142.9, 133.001, 82.544, 121.98400000000001, 101.684, 87.689, 89.6, 96.896, 86.9, 104.596, 100.625, 137.08100000000002, 98.561, 105.721, 80.201, 115.79599999999999, 118.84100000000001, 107.636, 107.636, 150.089, 103.124, 119.729, 93.104, 109.20400000000001, 102.041, 134.51600000000002, 133.50400000000002, 84.884, 133.50400000000002, 101.32900000000001, 130.025, 126.644, 105.721, 121.529, 123.361, 126.16900000000001, 104.969, 97.889, 152.369, 120.176, 152.94400000000002, 148.4, 132.5, 81.664, 86.9, 148.961, 100.976, 90.449, 121.076, 114.521, 117.089, 80.609, 102.4, 139.16899999999998, 108.416, 128.56400000000002, 101.32900000000001, 120.625, 148.4, 101.684, 98.561, 156.436, 97.225, 125.225, 80.609, 80.609, 146.72899999999998, 95.921, 96.569, 98.224, 82.769, 134.51600000000002, 142.9, 130.025, 134.00900000000001, 81.449, 83.68900000000001, 99.584, 106.864, 137.08100000000002, 106.864, 108.809, 103.489, 81.236, 128.08100000000002, 116.656, 144.529, 157.025, 135.536, 127.12100000000001, 81.664, 95.921, 141.289, 155.264, 90.449, 90.736, 148.4, 105.344, 83.68900000000001, 132.001, 156.436, 108.025, 93.71600000000001, 119.284, 156.436, 116.656, 141.289, 106.1, 120.176, 97.225, 123.824, 158.209, 117.961, 129.536, 93.409, 160.0, 102.4, 137.08100000000002, 126.644, 80.201, 148.4, 116.656, 132.5, 82.544, 92.5, 91.904, 145.625, 81.449, 151.225, 88.769, 127.6, 104.225, 84.641, 156.436, 113.681, 104.969, 119.284, 103.124, 157.025, 83.456, 91.904, 122.9, 87.956, 148.4, 142.361, 154.681, 134.00900000000001, 108.809, 89.044, 91.025, 100.276], "p": [126, 111, 31, 198, 95, 152, 3, 144, 196, 11, 153, 95, 182, 22, 182, 4, 170, 13, 63, 1, 41, 1, 129, 197, 28, 101, 139, 177, 113, 179, 196, 63, 131, 136, 50, 128, 152, 49, 140, 17, 184, 42, 43, 107, 161, 54, 72, 57, 171, 170, 151, 12, 128, 78, 33, 40, 64, 30, 86, 75, 159, 69, 89, 1, 114, 121, 94, 94, 183, 82, 123, 52, 98, 79, 154, 152, 22, 152, 77, 145, 138, 89, 127, 131, 137, 87, 67, 187, 124, 188, 180, 150, 8, 30, 181, 76, 43, 126, 111, 117, 3, 80, 163, 96, 142, 77, 125, 180, 78, 69, 194, 65, 135, 3, 3, 177, 61, 63, 68, 13, 154, 170, 145, 153, 7, 17, 72, 92, 159, 92, 97, 83, 6, 141, 116, 173, 195, 156, 139, 8, 61, 167, 192, 43, 44, 180, 88, 17, 149, 194, 95, 54, 122, 194, 116, 167, 90, 124, 65, 132, 197, 119, 144, 53, 200, 80, 159, 138, 1, 180, 116, 150, 12, 50, 48, 175, 7, 185, 37, 140, 85, 21, 194, 109, 87, 122, 82, 195, 16, 48, 130, 34, 180, 169, 191, 153, 97, 38, 45, 74], "q": [61.02458520956942, 0, 27.339430214334104, 122.70937900381428, 46.010599959595986, 134.05139976060593, 0.9860523155365895, 126.99606293110035, 172.8557523228866, 6.817187722434126, 134.93331686429414, 83.78212485037871, 59.82050714255309, 0, 136.49999999999997, 0, 55.87629788040673, 9.749999999999996, 39.04389331939545, 0.8819171036881969, 0, 0.6197443384031024, 0, 95.41145465305694, 13.56101893545987, 89.0736274725079, 0, 0, 70.03111023955057, 58.83445482701651, 146.99999999999997, 47.249999999999986, 98.24999999999997, 101.99999999999997, 0, 79.3272753155971, 113.99999999999996, 36.74999999999999, 0, 12.749999999999996, 89.11526729016487, 13.804732417512252, 26.6490065513334, 51.82246521765022, 141.9886536937997, 17.74894167965861, 23.665255572878145, 42.74999999999999, 128.24999999999997, 82.33475782243492, 133.16948265691772, 7.436932060837229, 95.99999999999997, 68.78953408767936, 24.749999999999996, 13.147364207154526, 56.4426946360446, 14.529663145135574, 75.84487091718493, 66.14378277661477, 140.2248194864233, 42.76235934981406, 78.49062222824952, 0.6197443384031024, 85.49999999999999, 0, 45.526277854758135, 82.90020774669051, 88.63094518532702, 26.95209662466678, 40.42814493700017, 0, 73.49999999999999, 48.95980273384509, 0, 73.61695993535359, 13.634375444868253, 0, 47.720314057038884, 0, 121.70456030897117, 78.49062222824952, 61.50890731440727, 115.53114058315379, 66.35212836278579, 65.24999999999999, 0, 0, 0, 0, 0, 112.49999999999997, 4.957954707224819, 18.592330152093073, 87.6623009756513, 36.808479967676796, 26.6490065513334, 0, 36.48393567485381, 0, 2.2499999999999996, 38.74576838702821, 53.57550914415469, 59.49545648669783, 106.49999999999996, 25.308676098772462, 41.085513147357894, 87.17797887081346, 25.637360203951324, 33.418225233811825, 171.0919181155102, 0, 0, 2.6457513110645907, 0, 156.09932735281086, 45.74999999999999, 30.51229260478471, 59.970363050797395, 8.056676399240331, 0, 149.92590762699348, 70.22670520148861, 134.93331686429414, 5.249999999999999, 5.587629788040674, 0, 81.1363735393141, 140.2248194864233, 57.01647913308542, 72.74999999999999, 62.249999999999986, 2.9059326290271152, 0, 102.30238402783084, 0, 146.24999999999994, 51.27472040790265, 104.24999999999997, 2.629472841430905, 45.74999999999999, 80.88179150792136, 63.107348194341725, 0, 0, 59.163138932195366, 54.53750177947301, 8.233475782243493, 131.40564844954133, 120.23040165020187, 46.010599959595986, 33.46619427376753, 0, 0, 102.30238402783084, 125.24999999999996, 0, 40.756829042179035, 48.749999999999986, 81.80625266920951, 95.41145465305694, 89.24999999999997, 0, 0, 96.86442096757051, 49.57954707224819, 77.00721466921854, 45.35840651468312, 0, 59.163138932195366, 38.127356200748125, 112.49999999999997, 7.436932060837229, 0, 0, 154.33549314543447, 0, 60.80655945808968, 12.161311891617936, 104.99999999999997, 27.938148940203366, 13.01463110646515, 0, 52.79110942732593, 65.24999999999999, 0, 26.95209662466678, 94.44281044338125, 11.999999999999996, 35.99999999999999, 0, 29.985181525398698, 111.55398091255843, 55.54761377522787, 92.50552202402983, 94.82088377567466, 31.882358202349725, 28.49999999999999, 33.749999999999986, 24.322623783235873], "B": 2392.7092297018658}, "solution": [0.0, 0.0, 0.0, 0.0, 0.0, 0.0, 0.0, 0.0, 1.0, 0.0, 1.0, 0.0, 0.0, 0.0, 0.0, 0.0, 0.0, 0.0, 0.0, 0.0, 0.0, 0.0, 0.0, 0.0, 0.0, 0.0, 0.0, 0.0, 0.0, 0.0, 1.0, 0.0, 0.0, 0.0, 0.0, 0.0, 0.0, 0.0, 0.0, 0.0, 0.0, 0.0, 0.0, 0.0, 1.0, 0.0, 0.0, 0.0, 0.0, 0.0, 0.0, 0.0, 0.0, 0.0, 0.0, 0.0, 0.0, 0.0, 0.0, 0.0, 1.0, 0.0, 0.0, 0.0, 0.0, 0.0, 0.0, 0.0, 0.0, 0.0, 0.0, 0.0, 0.0, 0.0, 0.0, 0.0, 0.0, 0.0, 0.0, 0.0, 0.0, 0.0, 0.0, 0.0, 0.0, 0.0, 0.0, 0.0, 0.0, 0.0, 0.0, 0.0, 0.0, 0.0, 0.0, 0.0, 0.0, 0.0, 0.0, 0.0, 0.0, 0.0, 0.0, 0.0, 0.0, 0.0, 0.0, 0.0, 0.0, 0.0, 1.0, 0.0, 0.0, 0.0, 0.0, 1.0, 0.0, 0.0, 0.0, 0.0, 0.0, 1.0, 0.0, 0.0, 0.0, 0.0, 0.0, 0.0, 1.0, 0.0, 0.0, 0.0, 0.0, 0.0, 0.0, 0.0, 1.0, 0.0, 0.0, 0.0, 0.0, 0.0, 0.0, 0.0, 0.0, 0.0, 0.0, 0.0, 0.0, 0.0, 0.0, 0.0, 0.0, 0.0, 0.0, 0.0, 0.0, 0.0, 0.0, 0.0, 0.0, 0.0, 0.0, 0.0, 0.0, 0.0, 0.0, 0.0, 0.0, 0.0, 0.0, 0.0, 0.0, 0.0, 0.0, 1.0, 0.0, 0.0, 0.0, 0.0, 0.0, 0.0, 0.0, 0.0, 0.0, 0.0, 0.0, 0.0, 0.0, 0.0, 0.0, 0.0, 0.0, 0.0, 0.0, 0.0, 0.0, 0.0, 0.0, 0.0], "objective_value": 1610.239, "solve_time": 116.47185015678406}