{"instance": {"c": [97.225, 117.089, 143.98399999999998, 129.536, 121.076, 121.529, 86.129, 134.51600000000002, 103.489, 112.436, 117.961, 136.56400000000002, 82.769, 84.161, 125.696, 120.176, 87.161, 102.041, 82.321, 148.961, 100.276, 132.001, 105.721, 147.284, 142.9, 108.025, 157.025, 128.08100000000002, 114.1, 91.904, 147.841, 92.5, 82.769, 117.961, 111.209, 131.00900000000001, 88.496, 84.4, 94.025, 98.561, 142.9, 135.536, 96.244, 119.729, 128.08100000000002, 98.561, 152.94400000000002, 114.1, 111.616, 89.6, 85.376, 114.944, 143.98399999999998, 147.841, 123.824, 133.001, 155.849, 126.16900000000001, 131.50400000000002, 121.98400000000001, 85.376, 106.1, 155.849, 89.881, 154.681, 140.225, 107.636, 118.84100000000001, 91.025, 117.961, 89.044, 107.249, 139.16899999999998, 87.956, 134.51600000000002, 103.124, 129.536, 153.52100000000002, 122.441, 86.641, 158.209, 105.344, 100.625, 97.889, 97.556, 158.209, 145.07600000000002, 81.449, 115.79599999999999, 101.684, 84.4, 89.321, 86.641, 142.361, 113.26400000000001, 82.1, 115.369, 86.9, 154.681, 133.001, 80.201, 95.6, 146.72899999999998, 91.316, 124.289, 119.284, 156.436, 116.656, 138.121, 102.4, 153.52100000000002, 129.049, 87.161, 140.225, 87.956, 120.625, 94.964, 105.344, 126.644, 105.721, 135.536, 155.264, 130.025, 106.481, 109.601, 108.025, 120.625, 108.416, 94.025, 130.51600000000002, 136.049, 108.809, 113.681, 153.52100000000002, 89.881, 135.536, 112.025, 84.4, 141.824, 157.616, 115.369, 127.12100000000001, 124.289, 148.4, 143.98399999999998, 95.921, 84.641, 81.025, 118.84100000000001, 87.689, 81.025, 81.025, 88.225, 130.51600000000002, 154.1, 140.756, 139.696, 158.804, 144.529, 90.449, 81.236, 141.289, 102.041, 139.16899999999998, 117.524, 150.089, 80.609, 85.376, 89.044, 146.176, 141.824, 86.641, 85.376, 158.209, 85.129, 91.904, 127.6, 110.0, 149.524, 158.209, 147.841, 137.08100000000002, 152.369, 85.625, 80.816, 121.076, 106.481, 83.924, 108.416, 123.824, 98.561, 125.225, 123.824, 143.98399999999998, 116.656, 127.12100000000001, 111.209, 82.1, 148.961, 134.00900000000001], "p": [65, 117, 172, 144, 126, 127, 27, 154, 83, 106, 119, 158, 13, 19, 136, 124, 31, 79, 11, 181, 74, 149, 89, 178, 170, 95, 195, 141, 110, 48, 179, 50, 13, 119, 103, 147, 36, 20, 55, 69, 170, 156, 62, 123, 141, 69, 188, 110, 104, 40, 24, 112, 172, 179, 132, 151, 193, 137, 148, 128, 24, 90, 193, 41, 191, 165, 94, 121, 45, 119, 38, 93, 163, 34, 154, 82, 144, 189, 129, 29, 197, 88, 75, 67, 66, 197, 174, 7, 114, 78, 20, 39, 29, 169, 108, 10, 113, 30, 191, 151, 1, 60, 177, 46, 133, 122, 194, 116, 161, 80, 189, 143, 31, 165, 34, 125, 58, 88, 138, 89, 156, 192, 145, 91, 99, 95, 125, 96, 55, 146, 157, 97, 109, 189, 41, 156, 105, 20, 168, 196, 113, 139, 133, 180, 172, 61, 21, 5, 121, 33, 5, 5, 35, 146, 190, 166, 164, 198, 173, 43, 6, 167, 79, 163, 118, 183, 3, 24, 38, 176, 168, 29, 24, 197, 23, 48, 140, 100, 182, 197, 179, 159, 187, 25, 4, 126, 91, 18, 96, 132, 69, 135, 132, 172, 116, 139, 103, 10, 181, 153], "q": [48.749999999999986, 56.66568626602874, 0, 47.33051114575629, 41.41419725253676, 0, 16.733097136883764, 74.5856041450293, 0, 65.69289987072885, 89.24999999999997, 51.93208861826037, 11.46492234794656, 16.75642497007574, 84.28523002282192, 60.05594099989371, 23.249999999999993, 48.95980273384509, 3.6155251569674944, 135.74999999999997, 55.499999999999986, 111.74999999999997, 29.25288536091882, 110.31449223575223, 127.49999999999996, 0, 120.85014598860498, 124.35031162003577, 97.01088140570165, 0, 110.93423657415532, 44.09585518440985, 8.056676399240331, 0, 0, 48.31656346129288, 26.999999999999993, 12.394886768062047, 41.249999999999986, 51.749999999999986, 149.92590762699348, 75.554248354705, 0, 40.42814493700017, 105.74999999999997, 33.418225233811825, 116.51193561978324, 0, 50.36949890313666, 24.789773536124095, 17.999999999999996, 98.77471561307806, 151.68974183436987, 110.93423657415532, 98.99999999999999, 113.24999999999997, 63.43603229952059, 102.74999999999999, 71.67967151600216, 112.8853892720892, 0, 29.581569466097683, 119.61065731179878, 19.857206298351954, 168.4461668044456, 79.91314729824566, 30.896305886813135, 74.98906494677539, 33.749999999999986, 73.74957626996918, 23.55028485931789, 82.01829064300232, 78.94450308856996, 29.985181525398698, 95.44062811407777, 0, 47.33051114575629, 117.13167995818634, 0, 0, 122.08963466541118, 42.62034522573102, 66.14378277661477, 0, 31.965258919298268, 64.75076872023604, 130.49999999999997, 4.338210368821717, 37.4699879903904, 37.7771241773525, 17.638342073763937, 12.818680101975662, 14.045341040297723, 55.54761377522787, 0, 4.843221048378526, 54.72839784667734, 22.499999999999993, 62.77866408916286, 73.13263783051572, 0.7499999999999998, 29.059326290271148, 58.17708661665877, 34.49999999999999, 43.7149859887888, 107.59388664996003, 0, 86.99999999999997, 120.74999999999997, 70.55336829505575, 0, 69.25806099181291, 15.013985249973427, 0, 16.466951564486987, 0, 51.15119201391542, 42.62034522573102, 85.52471869962812, 0, 137.5790681753587, 92.98984412886769, 108.74999999999997, 68.24999999999999, 47.947888378947404, 0, 41.085513147357894, 31.553674097170862, 26.637715766081886, 0, 76.03857045954285, 72.74999999999999, 0, 117.13167995818634, 13.47604831233339, 75.554248354705, 0, 12.394886768062047, 104.1170488517212, 172.8557523228866, 37.141303885211535, 122.58647741265936, 82.42599700761262, 0, 0, 20.049730415910652, 18.520259177452136, 0, 74.98906494677539, 15.982629459649134, 3.7499999999999987, 2.421610524189263, 11.50394368126021, 90.48267340685295, 92.02119991919197, 146.39823921224067, 144.6344050048643, 65.0794528254149, 83.78772413694848, 20.82585050802766, 3.7184660304186146, 80.88179150792136, 59.249999999999986, 101.01832715970569, 0, 113.41321392776773, 0.9860523155365895, 11.623730516108461, 33.51284994015148, 57.84840251147991, 55.21892967004901, 21.749999999999993, 14.873864121674458, 0, 17.249999999999996, 35.99999999999999, 67.80509467729935, 0, 160.50891287125185, 147.74999999999997, 86.6936567659756, 52.26077272343924, 90.56823360467843, 12.108052620946314, 2.4789773536124096, 78.0877866387909, 44.073311540244575, 8.717797887081344, 0, 0, 51.749999999999986, 101.24999999999997, 43.38630188360993, 83.30340203211064, 71.89034325475988, 86.14446303803123, 33.8544628334229, 0, 112.17372525096152, 114.74999999999997], "B": 7252.570083275196}, "solution": [0.0, 0.0, 0.0, 0.0, 0.0, 0.0, 0.0, 0.0, 0.0, 0.0, 0.0, 0.0, 0.0, 0.0, 0.0, 0.0, 0.0, 0.0, 0.0, 1.0, 0.0, 1.0, 0.0, 1.0, 1.0, 0.0, 1.0, 1.0, 0.0, 0.0, 1.0, 0.0, 0.0, 0.0, 0.0, 0.0, 0.0, 0.0, 0.0, 0.0, 1.0, 0.0, 0.0, 0.0, 1.0, 0.0, 1.0, 0.0, 0.0, 0.0, 0.0, 0.0, 1.0, 1.0, 0.0, 1.0, 0.0, 0.0, 0.0, 0.0, 0.0, 0.0, 1.0, 0.0, 1.0, 0.0, 0.0, 0.0, 0.0, 0.0, 0.0, 0.0, 0.0, 0.0, 0.0, 0.0, 0.0, 1.0, 0.0, 0.0, 1.0, 0.0, 0.0, 0.0, 0.0, 0.0, 1.0, 0.0, 0.0, 0.0, 0.0, 0.0, 0.0, 0.0, 0.0, 0.0, 0.0, 0.0, 0.0, 0.0, 0.0, 0.0, 0.0, 0.0, 0.0, 0.0, 0.0, 0.0, 1.0, 0.0, 0.0, 0.0, 0.0, 0.0, 0.0, 0.0, 0.0, 0.0, 0.0, 0.0, 1.0, 1.0, 1.0, 0.0, 0.0, 0.0, 0.0, 0.0, 0.0, 0.0, 0.0, 0.0, 0.0, 1.0, 0.0, 0.0, 0.0, 0.0, 1.0, 1.0, 0.0, 1.0, 0.0, 0.0, 0.0, 0.0, 0.0, 0.0, 0.0, 0.0, 0.0, 0.0, 0.0, 0.0, 0.0, 1.0, 1.0, 0.0, 0.0, 0.0, 0.0, 0.0, 0.0, 1.0, 0.0, 1.0, 0.0, 0.0, 0.0, 0.0, 0.0, 0.0, 0.0, 0.0, 0.0, 0.0, 0.0, 0.0, 1.0, 1.0, 0.0, 0.0, 0.0, 0.0, 0.0, 0.0, 0.0, 0.0, 0.0, 0.0, 0.0, 0.0, 0.0, 0.0, 0.0, 0.0, 0.0, 0.0, 1.0, 1.0], "objective_value": 4919.621000000001, "solve_time": 43.32245182991028}