{"instance": {"c": [95.6, 87.424, 107.249, 109.20400000000001, 129.049, 117.524, 88.225, 132.5, 134.00900000000001, 157.616, 125.225, 145.625, 123.361, 149.524, 100.976, 97.889, 157.025, 129.536, 117.089, 112.025, 128.56400000000002, 153.52100000000002, 121.98400000000001, 81.881, 94.336, 81.664, 89.881, 106.1, 88.769, 155.849, 136.56400000000002, 91.316, 89.6, 154.1, 97.889, 127.12100000000001, 155.849, 99.929, 94.964, 89.881, 117.089, 93.409, 102.761, 133.50400000000002, 150.089, 82.1, 123.824, 150.089, 155.264, 92.201, 104.969, 126.644, 99.584, 82.544, 137.08100000000002, 95.921, 84.161, 89.6, 107.636, 151.225, 81.664, 98.561, 150.089, 117.961, 80.816, 139.16899999999998, 147.841, 113.681, 80.816, 103.124, 143.98399999999998, 103.124, 104.596, 110.40100000000001, 82.996, 111.209, 137.08100000000002, 96.569, 113.681, 109.20400000000001, 126.16900000000001, 116.225, 88.769, 86.129, 100.276, 149.524, 119.284, 115.79599999999999, 84.4, 89.044, 81.025, 130.51600000000002, 130.51600000000002, 108.025, 126.16900000000001, 110.40100000000001, 108.416, 111.616, 90.736, 86.129, 94.025, 110.40100000000001, 82.996, 84.884, 147.284, 96.244, 84.4, 91.609, 111.209, 104.225, 113.26400000000001, 98.561, 158.209, 91.025, 114.1, 143.441, 91.609, 97.889, 123.824, 140.756, 130.51600000000002, 110.804, 119.729, 157.616, 106.864, 136.56400000000002, 89.044, 134.00900000000001, 105.344, 100.276, 103.124, 81.881, 99.241, 98.9, 121.076, 111.209, 91.025, 101.684, 139.16899999999998, 103.489, 95.921, 94.336, 133.50400000000002, 146.176, 82.544, 148.4, 144.529, 121.076, 155.264, 144.529, 106.481, 81.449, 131.00900000000001, 143.98399999999998, 110.804, 86.641, 109.601, 121.076, 83.68900000000001, 145.625, 120.176, 94.649, 123.824, 119.284, 82.544, 80.609, 108.025, 90.164, 84.161, 92.201, 126.16900000000001, 140.756, 121.076, 151.225, 157.616, 110.804, 80.201, 131.00900000000001, 94.649, 85.625, 97.556, 155.849, 158.209, 136.049, 151.225, 115.369, 80.201, 147.284, 90.449, 131.50400000000002, 104.969, 85.625, 150.089, 119.284, 98.561, 129.536, 132.001, 150.089, 111.209, 158.804], "p": [60, 32, 93, 98, 143, 118, 35, 150, 153, 196, 135, 175, 131, 182, 76, 67, 195, 144, 117, 105, 142, 189, 128, 9, 56, 8, 41, 90, 37, 193, 158, 46, 40, 190, 67, 139, 193, 73, 58, 41, 117, 53, 81, 152, 183, 10, 132, 183, 192, 49, 87, 138, 72, 12, 159, 61, 19, 40, 94, 185, 8, 69, 183, 119, 4, 163, 179, 109, 4, 82, 172, 82, 86, 101, 14, 103, 159, 63, 109, 98, 137, 115, 37, 27, 74, 182, 122, 114, 20, 38, 5, 146, 146, 95, 137, 101, 96, 104, 44, 27, 55, 101, 14, 22, 178, 62, 20, 47, 103, 85, 108, 69, 197, 45, 110, 171, 47, 67, 132, 166, 146, 102, 123, 196, 92, 158, 38, 153, 88, 74, 82, 9, 71, 70, 126, 103, 45, 78, 163, 83, 61, 56, 152, 176, 12, 180, 173, 126, 192, 173, 91, 7, 147, 172, 102, 29, 99, 126, 17, 175, 124, 57, 132, 122, 12, 3, 95, 42, 19, 49, 137, 166, 126, 185, 196, 102, 1, 147, 57, 25, 66, 193, 197, 157, 185, 113, 1, 178, 43, 148, 87, 25, 183, 122, 69, 144, 149, 183, 103, 198], "q": [44.999999999999986, 0, 82.01829064300232, 73.49999999999999, 107.24999999999997, 38.78472441110585, 0, 49.30261577682948, 114.74999999999997, 64.42208461505717, 44.37235419914652, 84.7563683466242, 115.53114058315379, 88.14662308048915, 67.02569988030297, 59.08844594710919, 0, 0, 38.45604030592698, 50.85382100797452, 106.49999999999996, 91.53687781435413, 112.8853892720892, 6.749999999999998, 18.406309890016338, 2.629472841430905, 25.409517874527197, 67.49999999999997, 32.63093283646329, 119.61065731179878, 118.49999999999997, 22.278816822541216, 35.276684147527874, 142.49999999999994, 41.52287067300786, 45.687090619861976, 144.74999999999994, 23.993939678057007, 19.063678100374062, 19.857206298351954, 38.45604030592698, 39.74999999999999, 0, 49.9599839871872, 137.24999999999994, 3.2868410517886315, 81.80625266920951, 60.149191247731956, 92.98984412886769, 0, 76.72678802087313, 85.52471869962812, 23.665255572878145, 7.436932060837229, 52.26077272343924, 53.79694332498001, 0, 35.276684147527874, 70.49999999999997, 0, 7.055336829505575, 42.76235934981406, 137.24999999999994, 39.113408516284714, 1.9372884193514102, 53.57550914415469, 0, 96.12896430201346, 1.3147364207154526, 72.31720250243215, 151.68974183436987, 50.81903574905439, 64.49999999999999, 62.59417817871335, 0, 33.8544628334229, 52.26077272343924, 30.51229260478471, 35.82656746449609, 32.21104230752859, 45.02972240950425, 37.79867209556926, 27.749999999999993, 13.076696830622017, 24.322623783235873, 160.50891287125185, 0, 37.4699879903904, 9.686442096757052, 33.51284994015148, 2.421610524189263, 47.987879356114014, 128.75989713847676, 58.875712148294724, 120.82264320528297, 48.9165325886231, 84.6640419540669, 64.45341119392265, 0, 8.874470839829305, 48.50544070285083, 0, 8.676420737643435, 0, 0, 54.67886042866821, 0, 22.763138927379067, 63.83366685551955, 63.74999999999998, 80.99999999999997, 42.76235934981406, 122.08963466541118, 21.794494717703365, 53.27543153216377, 150.8078247306817, 22.763138927379067, 0, 0, 124.49999999999997, 109.49999999999997, 76.49999999999999, 59.57161889505586, 172.8557523228866, 57.01647913308542, 118.49999999999997, 18.404239983838398, 50.28866809236606, 42.62034522573102, 65.26186567292658, 61.499999999999986, 6.749999999999998, 62.61611436186198, 43.382103688217164, 0, 63.83366685551955, 14.790784733048842, 48.340058395441986, 143.7524879011761, 27.28078072984564, 53.79694332498001, 27.12203787091974, 73.61695993535359, 57.84840251147991, 3.944209262146358, 0, 83.78772413694848, 61.02458520956942, 169.3280839081338, 56.86235019594332, 80.25445643562593, 6.173419725817379, 129.64181424216494, 128.99999999999997, 63.21392251711645, 9.531839050187031, 47.947888378947404, 0, 14.992590762699349, 57.519718406301045, 109.35772085733642, 35.32542728897684, 0, 0, 5.8118652580542305, 2.2499999999999996, 71.24999999999997, 13.804732417512252, 6.2449979983984, 16.105521153764293, 66.35212836278579, 0, 0, 0, 146.99999999999997, 63.21392251711645, 0.8819171036881969, 129.64181424216494, 42.74999999999999, 15.49360846007756, 58.20652884342099, 93.47416623370553, 173.7376694265748, 0, 89.59958939500271, 37.141303885211535, 0.7499999999999998, 133.49999999999997, 20.82585050802766, 91.72216208365916, 76.72678802087313, 0, 161.39082997494003, 75.6088092851785, 51.749999999999986, 107.99999999999997, 131.40564844954133, 60.149191247731956, 33.8544628334229, 122.70937900381428], "B": 10979.293635270236}, "solution": [0.0, 0.0, 0.0, 0.0, 1.0, 0.0, 0.0, 0.0, 1.0, 1.0, 0.0, 1.0, 1.0, 1.0, 0.0, 0.0, 0.0, 0.0, 0.0, 0.0, 1.0, 1.0, 1.0, 0.0, 0.0, 0.0, 0.0, 0.0, 0.0, 1.0, 1.0, 0.0, 0.0, 1.0, 0.0, 0.0, 1.0, 0.0, 0.0, 0.0, 0.0, 0.0, 0.0, 0.0, 1.0, 0.0, 1.0, 1.0, 1.0, 0.0, 0.0, 1.0, 0.0, 0.0, 0.0, 0.0, 0.0, 0.0, 0.0, 0.0, 0.0, 0.0, 1.0, 0.0, 0.0, 1.0, 0.0, 1.0, 0.0, 0.0, 1.0, 0.0, 0.0, 0.0, 0.0, 0.0, 0.0, 0.0, 0.0, 0.0, 0.0, 0.0, 0.0, 0.0, 0.0, 1.0, 0.0, 0.0, 0.0, 0.0, 0.0, 0.0, 1.0, 0.0, 1.0, 0.0, 0.0, 0.0, 0.0, 0.0, 0.0, 0.0, 0.0, 0.0, 0.0, 0.0, 0.0, 0.0, 0.0, 0.0, 1.0, 0.0, 1.0, 0.0, 0.0, 1.0, 0.0, 0.0, 0.0, 1.0, 1.0, 0.0, 0.0, 1.0, 0.0, 1.0, 0.0, 0.0, 0.0, 0.0, 0.0, 0.0, 0.0, 0.0, 0.0, 0.0, 0.0, 0.0, 1.0, 0.0, 0.0, 0.0, 1.0, 1.0, 0.0, 0.0, 1.0, 0.0, 1.0, 1.0, 0.0, 0.0, 1.0, 1.0, 0.0, 0.0, 0.0, 0.0, 0.0, 1.0, 1.0, 0.0, 0.0, 0.0, 0.0, 0.0, 0.0, 0.0, 0.0, 0.0, 1.0, 0.0, 0.0, 0.0, 1.0, 0.0, 0.0, 1.0, 0.0, 0.0, 0.0, 1.0, 1.0, 0.0, 1.0, 0.0, 0.0, 1.0, 0.0, 1.0, 0.0, 0.0, 1.0, 0.0, 0.0, 1.0, 1.0, 1.0, 0.0, 1.0], "objective_value": 7768.372, "solve_time": 22.012070894241333}