{"instance": {"c": [106.1, 82.544, 136.56400000000002, 124.756, 82.769, 98.224, 117.524, 126.644, 94.025, 93.71600000000001, 117.961, 123.361, 120.176, 90.736, 98.224, 84.161, 109.20400000000001, 89.321, 97.225, 100.276, 156.436, 87.689, 134.00900000000001, 144.529, 132.001, 88.496, 110.40100000000001, 118.84100000000001, 95.6, 81.025, 107.249, 104.225, 85.876, 145.07600000000002, 158.209, 151.796, 123.824, 131.00900000000001, 107.249, 104.596, 94.964, 154.681, 95.6, 95.281, 110.40100000000001, 121.076, 158.209, 95.281, 98.224, 110.0, 137.08100000000002, 96.244, 143.98399999999998, 145.625, 126.16900000000001, 143.441, 100.276, 81.025, 102.761, 101.32900000000001, 135.536, 144.529, 125.225, 130.025, 155.264, 91.025, 93.409, 89.044, 86.384, 100.276, 112.436, 139.16899999999998, 142.9, 117.961, 81.881, 119.729, 132.5, 125.696, 88.496, 155.849, 143.441, 121.529, 137.6, 83.924, 89.6, 99.929, 86.384, 81.881, 98.224, 83.68900000000001, 82.769, 89.044, 81.449, 80.201, 138.121, 89.044, 126.644, 99.929, 95.6, 147.841, 97.556, 80.609, 155.849, 98.561, 125.696, 158.804, 81.881, 116.225, 129.049, 99.929, 92.201, 114.521, 84.4, 80.201, 107.249, 99.584, 80.201, 117.961, 134.51600000000002, 86.129, 108.025, 86.129, 100.625, 150.089, 126.16900000000001, 126.644, 89.881, 92.201, 87.956, 83.68900000000001, 143.441, 114.944, 82.1, 133.001, 135.536, 139.16899999999998, 136.56400000000002, 140.756, 113.681, 130.025, 133.001, 80.816, 147.841, 158.804, 82.996, 116.225, 104.969, 111.616, 109.601, 152.94400000000002, 143.441, 83.456, 135.536, 141.824, 141.289, 109.601, 106.481, 128.56400000000002, 93.71600000000001, 87.424, 158.209, 136.56400000000002, 126.644, 138.644, 89.321, 88.225, 148.4, 87.161, 142.9, 144.529, 149.524, 155.264, 82.1, 120.625, 96.896, 94.025, 118.84100000000001, 147.284, 104.596, 100.625, 129.049, 129.049, 124.289, 113.26400000000001, 146.72899999999998, 92.5, 130.51600000000002, 99.241, 90.736, 108.025, 138.121, 127.6, 125.225, 148.961, 117.524, 96.896, 83.924, 124.756, 95.921, 82.1], "p": [90, 12, 158, 134, 13, 68, 118, 138, 55, 54, 119, 131, 124, 44, 68, 19, 98, 39, 65, 74, 194, 33, 153, 173, 149, 36, 101, 121, 60, 5, 93, 85, 26, 174, 197, 186, 132, 147, 93, 86, 58, 191, 60, 59, 101, 126, 197, 59, 68, 100, 159, 62, 172, 175, 137, 171, 74, 5, 81, 77, 156, 173, 135, 145, 192, 45, 53, 38, 28, 74, 106, 163, 170, 119, 9, 123, 150, 136, 36, 193, 171, 127, 160, 18, 40, 73, 28, 9, 68, 17, 13, 38, 7, 1, 161, 38, 138, 73, 60, 179, 66, 3, 193, 69, 136, 198, 9, 115, 143, 73, 49, 111, 20, 1, 93, 72, 1, 119, 154, 27, 95, 27, 75, 183, 137, 138, 41, 49, 34, 17, 171, 112, 10, 151, 156, 163, 158, 166, 109, 145, 151, 4, 179, 198, 14, 115, 87, 104, 99, 188, 171, 16, 156, 168, 167, 99, 91, 142, 54, 32, 197, 158, 138, 162, 39, 35, 180, 31, 170, 173, 182, 192, 10, 125, 64, 55, 121, 178, 86, 75, 143, 143, 133, 108, 177, 50, 146, 71, 44, 95, 161, 140, 135, 181, 118, 64, 18, 134, 61, 10], "q": [43.58898943540673, 0, 0, 0, 9.749999999999996, 59.970363050797395, 73.12983193156609, 85.52471869962812, 48.50544070285083, 47.62352359916263, 73.74957626996918, 81.18650833080642, 92.99999999999997, 27.268750889736506, 0, 11.775142429658946, 47.463566274109546, 29.249999999999993, 40.283381996201655, 55.499999999999986, 145.49999999999997, 0, 114.74999999999997, 0, 72.16399362084003, 0, 75.74999999999999, 58.602974685380154, 37.184660304186146, 3.7499999999999987, 82.01829064300232, 63.74999999999998, 19.499999999999993, 153.45357604174626, 64.75076872023604, 61.135243563268546, 116.41305768684198, 129.64181424216494, 57.63622347148852, 0, 19.063678100374062, 118.37116863499256, 29.059326290271148, 44.249999999999986, 33.197094623065176, 41.41419725253676, 64.75076872023604, 52.03310911760362, 32.933903128973974, 32.86841051788631, 77.00721466921854, 46.499999999999986, 106.5960262053336, 0, 120.82264320528297, 105.9762818669305, 35.83983575800108, 2.421610524189263, 0, 57.749999999999986, 0, 152.57165893805805, 83.66548568441883, 127.87798003478855, 118.99091297339567, 14.790784733048842, 32.846449935364426, 0, 0, 65.26186567292658, 79.49999999999999, 0, 55.87629788040673, 73.74957626996918, 0, 59.57161889505586, 92.96165076046536, 0, 22.310796182511687, 93.47416623370553, 82.81907992727277, 41.74288135771562, 99.15909414449638, 8.717797887081344, 0, 0, 17.35284147528687, 4.358898943540672, 50.999999999999986, 5.587629788040674, 0, 28.49999999999999, 4.338210368821717, 0.6197443384031024, 99.77883848289949, 0, 0, 23.993939678057007, 44.999999999999986, 0, 58.20652884342099, 0, 0, 51.749999999999986, 84.28523002282192, 95.89577675789481, 2.958156946609768, 0, 0, 0, 30.36747258175202, 68.79162156274437, 12.394886768062047, 0, 0, 0, 0.8819171036881969, 39.113408516284714, 115.49999999999997, 20.249999999999993, 58.875712148294724, 13.076696830622017, 24.65130788841474, 137.24999999999994, 120.82264320528297, 85.52471869962812, 0, 23.731783137054773, 0, 5.587629788040674, 0, 36.812619780032676, 4.843221048378526, 93.58139509886846, 116.99999999999997, 122.24999999999997, 97.91960546769018, 146.39823921224067, 35.82656746449609, 108.74999999999997, 113.24999999999997, 0, 134.24999999999997, 174.61958653026298, 8.676420737643435, 86.24999999999997, 0, 77.99999999999997, 74.24999999999997, 91.05255570951627, 105.9762818669305, 11.999999999999996, 96.68011679088397, 0, 125.24999999999996, 0, 44.073311540244575, 0, 40.499999999999986, 15.498307354811281, 147.74999999999997, 97.91960546769018, 45.35840651468312, 100.39858282130258, 18.88856208867625, 21.691051844108582, 111.55398091255843, 19.212074490496175, 82.33475782243492, 129.74999999999997, 136.49999999999997, 118.99091297339567, 8.819171036881968, 41.085513147357894, 39.66363765779855, 34.08593861217064, 39.770776726642445, 58.50577072183764, 28.26683304538223, 24.65130788841474, 69.25806099181291, 0, 117.29497479053019, 35.49788335931722, 0, 24.216105241892627, 0, 34.38686944348753, 21.31017261286551, 71.24999999999997, 99.77883848289949, 0, 0, 159.62699576756364, 88.49999999999997, 47.999999999999986, 15.874507866387544, 83.04574134601572, 45.74999999999999, 3.2868410517886315], "B": 10956.956628840486}, "solution": [0.0, 0.0, 0.0, 0.0, 0.0, 0.0, 0.0, 1.0, 0.0, 0.0, 0.0, 1.0, 1.0, 0.0, 0.0, 0.0, 0.0, 0.0, 0.0, 0.0, 1.0, 0.0, 1.0, 0.0, 0.0, 0.0, 0.0, 0.0, 0.0, 0.0, 0.0, 0.0, 0.0, 1.0, 1.0, 0.0, 1.0, 1.0, 0.0, 0.0, 0.0, 1.0, 0.0, 0.0, 0.0, 0.0, 0.0, 0.0, 0.0, 0.0, 1.0, 0.0, 1.0, 0.0, 1.0, 1.0, 0.0, 0.0, 0.0, 0.0, 0.0, 1.0, 1.0, 1.0, 1.0, 0.0, 0.0, 0.0, 0.0, 0.0, 0.0, 0.0, 0.0, 0.0, 0.0, 0.0, 1.0, 0.0, 0.0, 1.0, 1.0, 0.0, 1.0, 0.0, 0.0, 0.0, 0.0, 0.0, 0.0, 0.0, 0.0, 0.0, 0.0, 0.0, 1.0, 0.0, 0.0, 0.0, 0.0, 0.0, 0.0, 0.0, 0.0, 0.0, 1.0, 1.0, 0.0, 0.0, 0.0, 0.0, 0.0, 0.0, 0.0, 0.0, 0.0, 0.0, 0.0, 0.0, 1.0, 0.0, 0.0, 0.0, 0.0, 1.0, 1.0, 1.0, 0.0, 0.0, 0.0, 0.0, 0.0, 0.0, 0.0, 1.0, 1.0, 1.0, 1.0, 1.0, 0.0, 1.0, 0.0, 0.0, 1.0, 1.0, 0.0, 1.0, 0.0, 0.0, 0.0, 1.0, 1.0, 0.0, 1.0, 0.0, 1.0, 0.0, 0.0, 0.0, 0.0, 0.0, 1.0, 1.0, 0.0, 1.0, 0.0, 0.0, 1.0, 0.0, 1.0, 1.0, 1.0, 1.0, 0.0, 0.0, 0.0, 0.0, 0.0, 1.0, 0.0, 0.0, 0.0, 0.0, 1.0, 0.0, 0.0, 0.0, 0.0, 0.0, 0.0, 0.0, 1.0, 0.0, 0.0, 1.0, 1.0, 0.0, 0.0, 1.0, 0.0, 0.0], "objective_value": 7794.672000000001, "solve_time": 28.146801710128784}