{"instance": {"c": [86.9, 83.68900000000001, 106.864, 81.881, 98.561, 84.641, 97.225, 104.225, 94.336, 122.441, 104.225, 81.025, 118.84100000000001, 132.5, 88.496, 106.1, 120.625, 111.209, 89.044, 88.496, 143.98399999999998, 82.996, 89.6, 148.961, 91.025, 108.809, 105.344, 129.049, 99.584, 94.336, 116.225, 119.284, 129.049, 113.26400000000001, 105.344, 86.384, 83.225, 94.025, 86.129, 80.201, 127.12100000000001, 97.225, 132.001, 94.336, 83.924, 94.336, 140.225, 82.321, 100.976, 112.436, 105.721, 149.524, 122.9, 91.609, 138.121, 88.496, 101.684, 98.561, 156.436, 152.369, 97.556, 121.076, 120.625, 119.284, 102.761, 82.769, 153.52100000000002, 106.1, 119.729, 96.896, 121.98400000000001, 121.98400000000001, 115.79599999999999, 159.401, 104.969, 80.201, 93.409, 142.361, 127.6, 95.6, 94.336, 123.824, 117.524, 84.4, 143.441, 128.08100000000002, 87.956, 106.481, 103.124, 96.569, 84.641, 84.4, 100.625, 99.929, 143.441, 118.4, 159.401, 86.129, 88.769, 118.4, 87.161, 132.001, 85.876, 107.249, 145.625, 137.08100000000002, 140.756, 132.001, 107.249, 99.929, 89.6, 115.369, 127.6, 98.561, 94.336, 106.481, 96.244, 87.956, 96.244, 100.625, 102.761, 112.436, 82.544, 125.696, 157.616, 95.281, 83.924, 156.436, 117.089, 146.176, 84.884, 156.436, 136.56400000000002, 157.616, 90.736, 132.5, 92.801, 115.369, 153.52100000000002, 93.104, 150.089, 101.32900000000001, 108.416, 88.225, 84.884, 89.881, 155.264, 123.824, 150.656, 156.436, 145.07600000000002, 114.944, 104.969, 92.201, 109.20400000000001, 114.521, 87.424, 102.4, 96.896, 127.6, 95.921, 139.16899999999998, 114.1, 100.625, 132.5, 94.964, 109.601, 146.72899999999998, 103.856, 114.1, 111.616, 108.809, 121.529, 92.5, 129.536, 151.225, 86.9, 81.236, 80.816, 85.876, 115.369, 93.409, 82.544, 104.969, 140.225, 87.161, 99.241, 90.736, 136.56400000000002, 94.025, 151.796, 100.625, 142.361, 125.225, 92.5, 83.68900000000001, 82.544, 153.52100000000002, 133.001, 132.5], "p": [30, 17, 92, 9, 69, 21, 65, 85, 56, 129, 85, 5, 121, 150, 36, 90, 125, 103, 38, 36, 172, 14, 40, 181, 45, 97, 88, 143, 72, 56, 115, 122, 143, 108, 88, 28, 15, 55, 27, 1, 139, 65, 149, 56, 18, 56, 165, 11, 76, 106, 89, 182, 130, 47, 161, 36, 78, 69, 194, 187, 66, 126, 125, 122, 81, 13, 189, 90, 123, 64, 128, 128, 114, 199, 87, 1, 53, 169, 140, 60, 56, 132, 118, 20, 171, 141, 34, 91, 82, 63, 21, 20, 75, 73, 171, 120, 199, 27, 37, 120, 31, 149, 26, 93, 175, 159, 166, 149, 93, 73, 40, 113, 140, 69, 56, 91, 62, 34, 62, 75, 81, 106, 12, 136, 196, 59, 18, 194, 117, 176, 22, 194, 158, 196, 44, 150, 51, 113, 189, 52, 183, 77, 96, 35, 22, 41, 192, 132, 184, 194, 174, 112, 87, 49, 98, 111, 32, 80, 64, 140, 61, 163, 110, 75, 150, 58, 99, 177, 84, 110, 104, 97, 127, 50, 144, 185, 30, 6, 4, 26, 113, 53, 12, 87, 165, 31, 71, 44, 158, 55, 186, 75, 169, 135, 50, 17, 12, 189, 151, 150], "q": [26.457513110645905, 5.587629788040674, 68.99999999999999, 7.937253933193772, 60.852280154485584, 0, 40.283381996201655, 63.74999999999998, 34.70568295057374, 79.94701965400021, 52.6782687642637, 3.098721692015512, 0, 132.28756555322954, 0, 79.37253933193772, 41.085513147357894, 0, 18.404239983838398, 31.74901573277509, 128.99999999999997, 4.6015774725040846, 0, 159.62699576756364, 33.749999999999986, 46.97924416927169, 77.60870512456133, 88.62344039164364, 53.999999999999986, 49.38735780653903, 37.79867209556926, 59.087296790218005, 88.62344039164364, 52.30678732248807, 54.53750177947301, 13.56101893545987, 0, 48.50544070285083, 0, 0.32868410517886315, 104.24999999999997, 21.364466836626104, 48.973931671650604, 41.99999999999999, 13.499999999999996, 0, 102.2578158365119, 8.249999999999998, 24.9799919935936, 93.48321299094887, 43.10466733056887, 160.50891287125185, 42.72893367325221, 35.249999999999986, 99.77883848289949, 0, 0, 51.749999999999986, 145.49999999999997, 164.91849838969281, 31.965258919298268, 61.02458520956942, 93.74999999999997, 91.49999999999999, 39.23009049186605, 11.46492234794656, 117.13167995818634, 67.49999999999997, 59.57161889505586, 30.996614709622563, 79.3272753155971, 112.8853892720892, 85.49999999999999, 65.40813693059377, 42.136023120893164, 0.7499999999999998, 39.74999999999999, 104.7367931901243, 67.80509467729935, 29.059326290271148, 18.406309890016338, 98.99999999999999, 88.49999999999997, 17.638342073763937, 82.81907992727277, 124.35031162003577, 16.466951564486987, 29.910253571276545, 26.95209662466678, 47.249999999999986, 15.749999999999996, 17.638342073763937, 36.32415786283894, 54.749999999999986, 128.24999999999997, 74.36932060837229, 123.32912334221739, 0, 0, 89.99999999999997, 15.013985249973427, 131.40564844954133, 0, 82.01829064300232, 154.33549314543447, 140.2248194864233, 54.56156145969128, 72.16399362084003, 69.74999999999999, 64.37994856923838, 35.276684147527874, 84.74999999999997, 123.46839451634757, 42.76235934981406, 49.38735780653903, 44.073311540244575, 38.42414898099235, 25.499999999999993, 46.499999999999986, 24.65130788841474, 60.74999999999998, 65.69289987072885, 10.583005244258363, 65.86780625794795, 94.92713254821909, 19.392362205552924, 13.499999999999996, 63.76471640469945, 0, 85.24069045146204, 7.231050313934989, 145.49999999999997, 51.93208861826037, 121.46989032700807, 38.80435256228066, 92.96165076046536, 0, 0, 166.68233259706923, 38.999999999999986, 88.63094518532702, 25.308676098772462, 31.553674097170862, 26.249999999999993, 16.499999999999996, 0, 118.99091297339567, 98.99999999999999, 114.03295826617084, 171.0919181155102, 57.19103430112219, 0, 76.72678802087313, 30.36747258175202, 73.49999999999999, 0, 28.2213473180223, 26.294728414309052, 39.66363765779855, 86.76420737643433, 37.80440464258925, 101.01832715970569, 82.49999999999997, 0, 49.30261577682948, 0, 74.24999999999997, 0, 74.08103670980854, 82.49999999999997, 50.36949890313666, 72.74999999999999, 61.50890731440727, 30.98721692015512, 89.24318473004675, 163.15466418231642, 18.592330152093073, 1.972104631073179, 2.999999999999999, 16.113352798480662, 54.72839784667734, 25.669071556406184, 3.944209262146358, 76.72678802087313, 79.91314729824566, 19.212074490496175, 53.24999999999998, 21.31017261286551, 97.91960546769018, 34.08593861217064, 90.08391149984057, 66.14378277661477, 55.54761377522787, 119.05880899790658, 24.216105241892627, 12.749999999999996, 7.436932060837229, 91.53687781435413, 0, 0], "B": 6770.827578357062}, "solution": [0.0, 0.0, 0.0, 0.0, 0.0, 0.0, 0.0, 0.0, 0.0, 0.0, 0.0, 0.0, 0.0, 1.0, 0.0, 0.0, 0.0, 0.0, 0.0, 0.0, 1.0, 0.0, 0.0, 1.0, 0.0, 0.0, 0.0, 0.0, 0.0, 0.0, 0.0, 0.0, 0.0, 0.0, 0.0, 0.0, 0.0, 0.0, 0.0, 0.0, 1.0, 0.0, 0.0, 0.0, 0.0, 0.0, 1.0, 0.0, 0.0, 0.0, 0.0, 1.0, 0.0, 0.0, 1.0, 0.0, 0.0, 0.0, 1.0, 1.0, 0.0, 0.0, 0.0, 0.0, 0.0, 0.0, 1.0, 0.0, 0.0, 0.0, 0.0, 1.0, 0.0, 0.0, 0.0, 0.0, 0.0, 0.0, 0.0, 0.0, 0.0, 1.0, 0.0, 0.0, 0.0, 1.0, 0.0, 0.0, 0.0, 0.0, 0.0, 0.0, 0.0, 0.0, 1.0, 0.0, 1.0, 0.0, 0.0, 0.0, 0.0, 1.0, 0.0, 0.0, 1.0, 1.0, 0.0, 0.0, 0.0, 0.0, 0.0, 0.0, 1.0, 0.0, 0.0, 0.0, 0.0, 0.0, 0.0, 0.0, 0.0, 0.0, 0.0, 0.0, 1.0, 0.0, 0.0, 0.0, 0.0, 0.0, 0.0, 1.0, 0.0, 1.0, 0.0, 0.0, 0.0, 0.0, 1.0, 0.0, 0.0, 0.0, 0.0, 0.0, 0.0, 0.0, 1.0, 1.0, 1.0, 1.0, 0.0, 0.0, 0.0, 0.0, 0.0, 0.0, 0.0, 0.0, 0.0, 0.0, 0.0, 1.0, 0.0, 0.0, 0.0, 0.0, 0.0, 0.0, 0.0, 0.0, 0.0, 0.0, 0.0, 0.0, 0.0, 1.0, 0.0, 0.0, 0.0, 0.0, 0.0, 0.0, 0.0, 0.0, 0.0, 0.0, 0.0, 0.0, 1.0, 0.0, 0.0, 0.0, 0.0, 1.0, 0.0, 0.0, 0.0, 1.0, 0.0, 0.0], "objective_value": 4578.873000000001, "solve_time": 10.515068292617798}