{"instance": {"c": [83.68900000000001, 151.225, 124.756, 126.16900000000001, 80.201, 86.129, 82.321, 83.456, 84.4, 109.20400000000001, 108.416, 157.025, 115.369, 87.424, 112.436, 136.049, 89.044, 91.316, 94.964, 117.961, 159.401, 100.625, 119.284, 91.316, 150.089, 153.52100000000002, 155.849, 109.20400000000001, 99.929, 80.816, 97.225, 106.481, 128.56400000000002, 131.50400000000002, 97.225, 154.681, 154.681, 118.4, 83.924, 125.225, 94.649, 142.361, 157.616, 110.804, 101.32900000000001, 146.176, 104.225, 158.209, 82.996, 141.824, 91.609, 82.321, 104.225, 95.921, 132.5, 91.609, 150.089, 98.9, 141.824, 89.321, 81.025, 105.721, 134.00900000000001, 127.6, 148.961, 138.121, 110.0, 113.26400000000001, 140.225, 138.121, 103.489, 108.809, 110.0, 108.809, 90.449, 147.841, 137.6, 87.956, 112.025, 150.656, 86.384, 91.316, 80.609, 112.436, 130.51600000000002, 80.404, 149.524, 105.344, 108.025, 81.664, 111.209, 146.72899999999998, 140.225, 113.26400000000001, 151.796, 114.521, 128.56400000000002, 88.496, 91.609, 123.361, 157.616, 90.449, 90.449, 94.649, 151.225, 144.529, 137.08100000000002, 82.321, 139.16899999999998, 101.32900000000001, 130.025, 154.681, 143.441, 86.129, 99.584, 120.176, 105.721, 150.656, 121.98400000000001, 141.824, 85.876, 106.864, 124.289, 97.225, 155.849, 115.369, 100.276, 128.08100000000002, 89.6, 89.321, 123.361, 130.025, 98.561, 119.284, 126.644, 140.756, 126.644, 81.025, 138.644, 146.72899999999998, 109.601, 93.409, 90.164, 91.316, 135.536, 118.4, 84.641, 88.225, 85.376, 112.025, 150.656, 90.736, 113.26400000000001, 112.025, 106.481, 109.601, 147.284, 120.176, 90.164, 124.289, 91.316, 113.26400000000001, 85.625, 157.616, 140.756, 94.336, 159.401, 154.1, 134.51600000000002, 125.225, 156.436, 141.824, 100.625, 85.876, 80.609, 121.98400000000001, 121.076, 98.224, 103.124, 102.761, 92.201, 97.889, 145.07600000000002, 88.496, 110.0, 106.481, 128.08100000000002, 108.025, 87.956, 95.6, 117.961, 81.236, 85.376, 114.1, 137.08100000000002, 128.08100000000002, 106.481, 120.176, 95.281, 101.684], "p": [17, 185, 134, 137, 1, 27, 11, 16, 20, 98, 96, 195, 113, 32, 106, 157, 38, 46, 58, 119, 199, 75, 122, 46, 183, 189, 193, 98, 73, 4, 65, 91, 142, 148, 65, 191, 191, 120, 18, 135, 57, 169, 196, 102, 77, 176, 85, 197, 14, 168, 47, 11, 85, 61, 150, 47, 183, 70, 168, 39, 5, 89, 153, 140, 181, 161, 100, 108, 165, 161, 83, 97, 100, 97, 43, 179, 160, 34, 105, 184, 28, 46, 3, 106, 146, 2, 182, 88, 95, 8, 103, 177, 165, 108, 186, 111, 142, 36, 47, 131, 196, 43, 43, 57, 185, 173, 159, 11, 163, 77, 145, 191, 171, 27, 72, 124, 89, 184, 128, 168, 26, 92, 133, 65, 193, 113, 74, 141, 40, 39, 131, 145, 69, 122, 138, 166, 138, 5, 162, 177, 99, 53, 42, 46, 156, 120, 21, 35, 24, 105, 184, 44, 108, 105, 91, 99, 178, 124, 42, 133, 46, 108, 25, 196, 166, 56, 199, 190, 154, 135, 194, 168, 75, 26, 3, 128, 126, 68, 82, 81, 49, 67, 174, 36, 100, 91, 141, 95, 34, 60, 119, 6, 24, 110, 159, 141, 91, 124, 59, 78], "q": [5.587629788040674, 89.59958939500271, 118.17689189421839, 0, 0.48432210483785254, 13.076696830622017, 8.249999999999998, 9.915909414449638, 6.573682103577263, 86.4278761614433, 0, 146.24999999999994, 0, 23.999999999999993, 34.84051514895949, 97.29986112928707, 23.55028485931789, 28.50823956654271, 51.15119201391542, 73.74957626996918, 123.32912334221739, 46.48082538023268, 59.087296790218005, 0, 137.24999999999994, 117.13167995818634, 144.74999999999994, 32.21104230752859, 23.993939678057007, 0, 0, 29.910253571276545, 106.49999999999996, 48.645247566471745, 40.283381996201655, 0, 62.77866408916286, 39.44209262146357, 5.916313893219536, 65.38348415311009, 35.32542728897684, 104.7367931901243, 64.42208461505717, 89.95554457619608, 0, 109.07500355894602, 0, 64.75076872023604, 0, 148.1620734196171, 35.249999999999986, 6.817187722434126, 74.96295381349674, 37.80440464258925, 72.64831572567788, 0, 113.41321392776773, 0, 81.36611361275922, 0, 3.7499999999999987, 43.10466733056887, 94.82088377567466, 123.46839451634757, 0, 120.74999999999997, 32.86841051788631, 95.24704719832526, 123.74999999999996, 52.91814093379696, 27.28078072984564, 31.882358202349725, 32.86841051788631, 60.115200825100935, 14.133416522691116, 0, 77.49153677405641, 16.466951564486987, 78.74999999999997, 162.2727470786282, 20.999999999999996, 34.49999999999999, 2.2499999999999996, 93.48321299094887, 70.71102730632647, 0.9686442096757051, 112.79346958936463, 77.60870512456133, 71.24999999999997, 0, 33.8544628334229, 109.69474789734912, 54.232877354512425, 95.24704719832526, 61.135243563268546, 53.75975363700163, 68.77373888697505, 17.43559577416269, 0, 63.44619573375868, 64.42208461505717, 14.133416522691116, 14.133416522691116, 42.74999999999999, 60.80655945808968, 0, 52.26077272343924, 5.327543153216378, 101.01832715970569, 37.29280207251465, 70.22670520148861, 62.77866408916286, 0, 16.733097136883764, 53.999999999999986, 92.99999999999997, 29.25288536091882, 162.2727470786282, 112.8853892720892, 81.36611361275922, 19.499999999999993, 44.55763364508243, 82.42599700761262, 48.749999999999986, 119.61065731179878, 37.141303885211535, 35.83983575800108, 68.28941678213721, 0, 0, 115.53114058315379, 108.74999999999997, 51.749999999999986, 91.49999999999999, 66.83645046762365, 54.56156145969128, 45.35840651468312, 1.6434205258943158, 121.49999999999996, 132.74999999999997, 74.24999999999997, 32.846449935364426, 31.499999999999993, 40.56818676965705, 137.5790681753587, 0, 0, 11.50394368126021, 17.999999999999996, 78.74999999999997, 0, 27.268750889736506, 35.49788335931722, 92.60129588726068, 0, 0, 86.20933466113775, 92.99999999999997, 26.0292622129303, 117.29497479053019, 0, 95.24704719832526, 18.749999999999993, 146.99999999999997, 54.56156145969128, 0, 175.5015036339512, 0, 135.81523396798232, 65.38348415311009, 63.76471640469945, 148.1620734196171, 36.32415786283894, 12.592374725784165, 2.2499999999999996, 0, 0, 0, 26.95209662466678, 60.74999999999998, 0, 41.52287067300786, 130.49999999999997, 11.832627786439073, 48.432210483785255, 80.25445643562593, 87.38395171483744, 71.24999999999997, 25.499999999999993, 52.91502622129181, 39.113408516284714, 5.291502622129181, 17.999999999999996, 68.17187722434127, 140.2248194864233, 124.35031162003577, 56.39673479468232, 109.35772085733642, 28.575004185433297, 25.637360203951324], "B": 9114.946508633651}, "solution": [0.0, 1.0, 1.0, 0.0, 0.0, 0.0, 0.0, 0.0, 0.0, 0.0, 0.0, 1.0, 0.0, 0.0, 0.0, 1.0, 0.0, 0.0, 0.0, 0.0, 1.0, 0.0, 0.0, 0.0, 1.0, 1.0, 1.0, 0.0, 0.0, 0.0, 0.0, 0.0, 1.0, 0.0, 0.0, 0.0, 0.0, 0.0, 0.0, 0.0, 0.0, 1.0, 0.0, 0.0, 0.0, 1.0, 0.0, 0.0, 0.0, 1.0, 0.0, 0.0, 0.0, 0.0, 0.0, 0.0, 1.0, 0.0, 1.0, 0.0, 0.0, 0.0, 1.0, 1.0, 0.0, 1.0, 0.0, 0.0, 1.0, 0.0, 0.0, 0.0, 0.0, 0.0, 0.0, 0.0, 1.0, 0.0, 0.0, 1.0, 0.0, 0.0, 0.0, 0.0, 0.0, 0.0, 1.0, 0.0, 0.0, 0.0, 0.0, 1.0, 0.0, 0.0, 0.0, 0.0, 0.0, 0.0, 0.0, 0.0, 0.0, 0.0, 0.0, 0.0, 0.0, 0.0, 0.0, 0.0, 1.0, 0.0, 0.0, 0.0, 0.0, 0.0, 0.0, 1.0, 0.0, 1.0, 1.0, 1.0, 0.0, 0.0, 0.0, 0.0, 1.0, 0.0, 0.0, 0.0, 0.0, 0.0, 1.0, 1.0, 0.0, 0.0, 0.0, 0.0, 0.0, 0.0, 1.0, 1.0, 0.0, 0.0, 0.0, 0.0, 1.0, 0.0, 0.0, 0.0, 0.0, 0.0, 0.0, 0.0, 0.0, 0.0, 0.0, 0.0, 1.0, 1.0, 0.0, 1.0, 0.0, 0.0, 0.0, 1.0, 0.0, 0.0, 1.0, 0.0, 1.0, 0.0, 0.0, 1.0, 0.0, 0.0, 0.0, 0.0, 0.0, 0.0, 0.0, 0.0, 0.0, 0.0, 1.0, 0.0, 0.0, 0.0, 1.0, 0.0, 0.0, 0.0, 0.0, 0.0, 0.0, 0.0, 1.0, 1.0, 0.0, 1.0, 0.0, 0.0], "objective_value": 6310.770999999999, "solve_time": 10.753368139266968}