{"instance": {"c": [143.441, 102.041, 104.969, 86.129, 121.529, 150.656, 148.961, 87.161, 108.809, 137.6, 113.26400000000001, 141.824, 128.08100000000002, 83.456, 115.369, 138.644, 156.436, 90.164, 122.9, 117.961, 107.636, 106.481, 106.1, 119.729, 98.224, 122.441, 132.5, 88.225, 132.5, 134.00900000000001, 143.98399999999998, 141.289, 111.209, 113.26400000000001, 96.896, 85.129, 158.209, 106.1, 148.961, 137.08100000000002, 85.625, 80.609, 119.284, 81.881, 160.0, 141.289, 147.284, 158.804, 143.98399999999998, 81.025, 86.641, 145.625, 86.9, 87.161, 128.08100000000002, 86.641, 122.441, 97.225, 97.225, 81.025, 126.644, 147.841, 89.881, 136.56400000000002, 120.176, 113.26400000000001, 126.16900000000001, 114.944, 103.124, 87.161, 96.244, 89.6, 81.664, 82.544, 147.841, 127.12100000000001, 100.976, 109.601, 94.336, 146.176, 121.98400000000001, 88.769, 102.4, 96.569, 89.321, 118.84100000000001, 94.964, 116.656, 152.94400000000002, 86.129, 120.176, 120.625, 123.361, 84.161, 132.001, 102.761, 123.824, 109.20400000000001, 121.076, 137.6, 114.944, 149.524, 160.0, 145.07600000000002, 137.6, 109.20400000000001, 143.441, 99.929, 148.4, 91.316, 84.161, 122.441, 80.404, 89.6, 109.20400000000001, 142.9, 151.796, 89.881, 87.161, 148.4, 132.5, 130.025, 121.529, 99.241, 152.369, 106.481, 106.481, 97.889, 87.689, 123.361, 92.5, 89.6, 82.544, 134.51600000000002, 123.361, 93.409, 86.9, 92.201, 87.689, 119.284, 148.961, 158.804, 110.804, 121.076, 147.284, 126.644, 121.98400000000001, 160.0, 102.761, 145.07600000000002, 142.9, 116.656, 112.436, 104.596, 121.98400000000001, 141.289, 113.26400000000001, 152.369, 97.889, 151.796, 112.436, 94.649, 86.384, 112.025, 115.79599999999999, 137.6, 123.361, 119.284, 114.521, 89.6, 82.996, 89.321, 86.129, 84.641, 141.289, 93.71600000000001, 140.225, 119.284, 87.689, 88.225, 139.696, 112.849, 146.72899999999998, 81.881, 91.316, 92.201, 112.436, 141.824, 95.281, 82.1, 114.1, 129.049, 96.569, 155.849, 140.756, 151.225, 85.625, 107.249, 93.71600000000001, 139.16899999999998], "p": [171, 79, 87, 27, 127, 184, 181, 31, 97, 160, 108, 168, 141, 16, 113, 162, 194, 42, 130, 119, 94, 91, 90, 123, 68, 129, 150, 35, 150, 153, 172, 167, 103, 108, 64, 23, 197, 90, 181, 159, 25, 3, 122, 9, 200, 167, 178, 198, 172, 5, 29, 175, 30, 31, 141, 29, 129, 65, 65, 5, 138, 179, 41, 158, 124, 108, 137, 112, 82, 31, 62, 40, 8, 12, 179, 139, 76, 99, 56, 176, 128, 37, 80, 63, 39, 121, 58, 116, 188, 27, 124, 125, 131, 19, 149, 81, 132, 98, 126, 160, 112, 182, 200, 174, 160, 98, 171, 73, 180, 46, 19, 129, 2, 40, 98, 170, 186, 41, 31, 180, 150, 145, 127, 71, 187, 91, 91, 67, 33, 131, 50, 40, 12, 154, 131, 53, 30, 49, 33, 122, 181, 198, 102, 126, 178, 138, 128, 200, 81, 174, 170, 116, 106, 86, 128, 167, 108, 187, 67, 186, 106, 57, 28, 105, 114, 160, 131, 122, 111, 40, 14, 39, 27, 21, 167, 54, 165, 122, 33, 35, 164, 107, 177, 9, 46, 49, 106, 168, 59, 10, 110, 143, 63, 193, 166, 185, 25, 93, 54, 163], "q": [0, 25.966044309130186, 42.136023120893164, 8.874470839829305, 61.50890731440727, 0, 112.17372525096152, 10.189207260544759, 85.5459590577551, 99.15909414449638, 52.30678732248807, 148.1620734196171, 124.35031162003577, 7.749153677405641, 37.141303885211535, 0, 0, 13.804732417512252, 42.72893367325221, 89.24999999999997, 70.49999999999997, 68.24999999999999, 79.37253933193772, 76.22855362358159, 0, 113.76730637577741, 49.30261577682948, 0, 92.96165076046536, 114.74999999999997, 0, 80.88179150792136, 63.83366685551955, 35.49788335931722, 21.03578273144724, 20.284093384828527, 95.41145465305694, 43.58898943540673, 135.74999999999997, 77.00721466921854, 0, 2.2499999999999996, 91.49999999999999, 7.937253933193772, 149.99999999999994, 54.89024556487015, 156.98124445649904, 0, 106.5960262053336, 4.409585518440984, 21.749999999999993, 131.24999999999994, 18.592330152093073, 15.013985249973427, 0, 14.045341040297723, 62.477551524082976, 48.749999999999986, 0, 4.409585518440984, 121.70456030897117, 86.6936567659756, 19.857206298351954, 118.49999999999997, 109.35772085733642, 80.99999999999997, 0, 0, 39.71441259670391, 10.189207260544759, 46.499999999999986, 0, 7.055336829505575, 8.999999999999998, 58.83445482701651, 122.58647741265936, 24.9799919935936, 87.30979326513149, 0, 57.84840251147991, 42.07156546289448, 17.91991787900054, 59.99999999999998, 47.249999999999986, 24.170029197720993, 0, 19.063678100374062, 38.127356200748125, 61.79261177362627, 13.076696830622017, 60.05594099989371, 60.540263104731565, 98.24999999999997, 9.202119991919199, 131.40564844954133, 71.43528539874394, 63.930517838596536, 60.73494516350404, 61.02458520956942, 0, 69.41136590114748, 0, 0, 130.49999999999997, 119.99999999999996, 86.4278761614433, 0, 0, 134.99999999999994, 34.49999999999999, 6.2449979983984, 0, 0.9686442096757051, 35.276684147527874, 32.21104230752859, 82.33475782243492, 0, 25.409517874527197, 23.249999999999993, 158.74507866387543, 92.96165076046536, 89.86292906844984, 41.74288135771562, 44.00184802662027, 115.89219128138014, 80.25445643562593, 56.39673479468232, 41.52287067300786, 20.45156316730238, 43.05761777843107, 44.09585518440985, 24.789773536124095, 10.583005244258363, 95.44062811407777, 115.53114058315379, 0, 26.457513110645905, 16.105521153764293, 10.846575470902483, 0, 135.74999999999997, 95.89577675789481, 63.21392251711645, 0, 86.20933466113775, 103.49999999999997, 42.07156546289448, 176.3834207376394, 50.19929141065129, 0, 127.49999999999996, 71.89034325475988, 34.84051514895949, 41.65170101605532, 42.07156546289448, 0, 80.99999999999997, 115.89219128138014, 59.08844594710919, 61.135243563268546, 51.33814311281237, 18.7349939951952, 20.999999999999996, 50.85382100797452, 37.4699879903904, 141.1067365901115, 98.24999999999997, 59.087296790218005, 0, 29.99999999999999, 12.346839451634757, 29.249999999999993, 23.811761799581316, 10.170764201594903, 147.28015631592888, 0, 145.5163221085525, 59.087296790218005, 15.982629459649134, 30.867098629086893, 79.42882519340782, 80.24999999999999, 0, 2.958156946609768, 22.278816822541216, 43.21393808072165, 0, 104.1170488517212, 44.249999999999986, 3.2868410517886315, 97.01088140570165, 88.62344039164364, 47.249999999999986, 63.43603229952059, 80.39746940308352, 0, 0, 30.567621781634273, 17.74894167965861, 53.57550914415469], "B": 3476.805820407698}, "solution": [0.0, 0.0, 0.0, 0.0, 0.0, 0.0, 0.0, 0.0, 0.0, 0.0, 0.0, 1.0, 1.0, 0.0, 0.0, 0.0, 0.0, 0.0, 0.0, 0.0, 0.0, 0.0, 0.0, 0.0, 0.0, 0.0, 0.0, 0.0, 0.0, 0.0, 0.0, 0.0, 0.0, 0.0, 0.0, 0.0, 0.0, 0.0, 1.0, 0.0, 0.0, 0.0, 0.0, 0.0, 1.0, 0.0, 1.0, 0.0, 0.0, 0.0, 0.0, 1.0, 0.0, 0.0, 0.0, 0.0, 0.0, 0.0, 0.0, 0.0, 0.0, 0.0, 0.0, 0.0, 0.0, 0.0, 0.0, 0.0, 0.0, 0.0, 0.0, 0.0, 0.0, 0.0, 0.0, 0.0, 0.0, 0.0, 0.0, 0.0, 0.0, 0.0, 0.0, 0.0, 0.0, 0.0, 0.0, 0.0, 0.0, 0.0, 0.0, 0.0, 0.0, 0.0, 1.0, 0.0, 0.0, 0.0, 0.0, 0.0, 0.0, 0.0, 0.0, 1.0, 0.0, 0.0, 0.0, 0.0, 1.0, 0.0, 0.0, 0.0, 0.0, 0.0, 0.0, 0.0, 0.0, 0.0, 0.0, 1.0, 0.0, 0.0, 0.0, 0.0, 0.0, 0.0, 0.0, 0.0, 0.0, 0.0, 0.0, 0.0, 0.0, 0.0, 0.0, 0.0, 0.0, 0.0, 0.0, 0.0, 1.0, 0.0, 0.0, 0.0, 0.0, 0.0, 0.0, 1.0, 0.0, 0.0, 1.0, 0.0, 0.0, 0.0, 0.0, 0.0, 0.0, 0.0, 0.0, 0.0, 0.0, 0.0, 0.0, 0.0, 0.0, 1.0, 0.0, 0.0, 0.0, 0.0, 0.0, 0.0, 0.0, 0.0, 1.0, 0.0, 1.0, 0.0, 0.0, 0.0, 0.0, 0.0, 0.0, 0.0, 0.0, 0.0, 0.0, 0.0, 0.0, 0.0, 0.0, 0.0, 0.0, 0.0, 0.0, 0.0, 0.0, 0.0, 0.0, 0.0], "objective_value": 2316.627, "solve_time": 71.23398423194885}