{"instance": {"c": [85.376, 142.9, 90.736, 136.56400000000002, 107.636, 87.689, 120.625, 90.449, 128.56400000000002, 114.944, 155.264, 115.369, 124.756, 83.68900000000001, 151.796, 92.201, 141.824, 100.625, 85.129, 157.025, 111.209, 160.0, 91.609, 99.241, 138.121, 125.225, 146.176, 82.544, 114.1, 97.225, 108.809, 157.616, 137.08100000000002, 151.796, 103.124, 80.404, 97.225, 121.076, 109.20400000000001, 137.6, 110.804, 99.241, 149.524, 154.1, 93.71600000000001, 135.536, 133.50400000000002, 120.176, 80.609, 154.681, 99.929, 83.68900000000001, 82.996, 150.656, 135.025, 142.9, 160.0, 107.636, 85.376, 88.496, 101.32900000000001, 118.84100000000001, 143.441, 127.6, 110.40100000000001, 100.276, 108.416, 146.176, 80.404, 86.9, 126.644, 97.556, 119.284, 112.436, 155.264, 99.584, 128.56400000000002, 142.9, 126.644, 102.041, 144.529, 85.376, 154.1, 106.864, 104.969, 143.98399999999998, 148.961, 93.104, 139.16899999999998, 109.20400000000001, 108.025, 130.51600000000002, 92.801, 153.52100000000002, 96.896, 82.996, 121.98400000000001, 126.16900000000001, 111.209, 93.409, 93.409, 107.249, 102.761, 82.544, 87.424, 116.656, 92.801, 128.08100000000002, 84.4, 131.00900000000001, 81.664, 98.9, 98.561, 93.104, 89.044, 105.344, 137.6, 103.489, 108.416, 87.424, 118.84100000000001, 133.001, 109.601, 109.601, 81.025, 114.944, 92.801, 101.684, 137.6, 100.276, 102.4, 155.264, 94.336, 102.4, 80.816, 154.681, 108.025, 133.001, 149.524, 84.161, 105.344, 147.841, 124.289, 116.225, 128.56400000000002, 89.881, 117.961, 84.4, 95.921, 155.264, 160.0, 125.225, 125.696, 110.0, 98.224, 81.025, 100.976, 109.20400000000001, 147.284, 102.041, 115.369, 117.089, 86.9, 146.72899999999998, 81.881, 96.896, 114.521, 143.441, 90.736, 95.281, 100.276, 96.896, 148.4, 108.416, 130.51600000000002, 98.561, 80.609, 127.12100000000001, 125.696, 111.209, 84.4, 98.224, 138.121, 84.161, 85.376, 112.436, 152.369, 80.816, 100.976, 110.0, 145.625, 108.809, 83.225, 90.164, 81.025, 90.736, 101.32900000000001, 132.5, 108.416, 131.50400000000002], "p": [24, 170, 44, 158, 94, 33, 125, 43, 142, 112, 192, 113, 134, 17, 186, 49, 168, 75, 23, 195, 103, 200, 47, 71, 161, 135, 176, 12, 110, 65, 97, 196, 159, 186, 82, 2, 65, 126, 98, 160, 102, 71, 182, 190, 54, 156, 152, 124, 3, 191, 73, 17, 14, 184, 155, 170, 200, 94, 24, 36, 77, 121, 171, 140, 101, 74, 96, 176, 2, 30, 138, 66, 122, 106, 192, 72, 142, 170, 138, 79, 173, 24, 190, 92, 87, 172, 181, 52, 163, 98, 95, 146, 51, 189, 64, 14, 128, 137, 103, 53, 53, 93, 81, 12, 32, 116, 51, 141, 20, 147, 8, 70, 69, 52, 38, 88, 160, 83, 96, 32, 121, 151, 99, 99, 5, 112, 51, 78, 160, 74, 80, 192, 56, 80, 4, 191, 95, 151, 182, 19, 88, 179, 133, 115, 142, 41, 119, 20, 61, 192, 200, 135, 136, 100, 68, 5, 76, 98, 178, 79, 113, 117, 30, 177, 9, 64, 111, 171, 44, 59, 74, 64, 180, 96, 146, 69, 3, 139, 136, 103, 20, 68, 161, 19, 24, 106, 187, 4, 76, 100, 175, 97, 15, 42, 5, 44, 77, 150, 96, 148], "q": [17.999999999999996, 55.87629788040673, 21.31017261286551, 76.5228925643807, 70.49999999999997, 0, 77.4680423003878, 32.24999999999999, 46.673142935398566, 0, 0, 99.65663271676625, 100.49999999999997, 12.749999999999996, 61.135243563268546, 36.74999999999999, 104.1170488517212, 56.249999999999986, 0, 146.24999999999994, 33.8544628334229, 149.99999999999994, 15.448152943406567, 62.61611436186198, 99.77883848289949, 65.38348415311009, 155.21741024912265, 5.8118652580542305, 0, 31.480936814460414, 46.97924416927169, 0, 98.53934980609328, 0, 61.499999999999986, 1.2394886768062048, 21.364466836626104, 78.0877866387909, 86.4278761614433, 141.1067365901115, 89.95554457619608, 0, 112.79346958936463, 142.49999999999994, 40.499999999999986, 75.554248354705, 73.61695993535359, 109.35772085733642, 2.6457513110645907, 118.37116863499256, 23.993939678057007, 5.587629788040674, 10.499999999999998, 60.47787535291082, 75.06992624986714, 105.3565375285274, 123.94886768062048, 70.49999999999997, 11.623730516108461, 11.832627786439073, 37.29280207251465, 74.98906494677539, 0, 67.80509467729935, 33.197094623065176, 55.499999999999986, 71.99999999999999, 0, 1.2394886768062048, 18.592330152093073, 45.35840651468312, 0, 107.59388664996003, 34.84051514895949, 0, 0, 68.77373888697505, 127.49999999999996, 0, 69.67145119136755, 152.57165893805805, 21.166010488516726, 92.02119991919197, 57.01647913308542, 65.24999999999999, 151.68974183436987, 87.6623009756513, 32.226705596961324, 143.7524879011761, 86.4278761614433, 83.78212485037871, 0, 16.76288936412202, 91.53687781435413, 0, 8.676420737643435, 95.99999999999997, 84.90497436122503, 90.83746167988427, 46.741606495474436, 0, 57.63622347148852, 26.623412519487914, 3.944209262146358, 19.831818828899276, 71.89034325475988, 44.97777228809804, 124.35031162003577, 6.573682103577263, 71.19534941116432, 5.999999999999998, 52.499999999999986, 22.67920325734156, 38.999999999999986, 28.49999999999999, 28.924201255739955, 77.49153677405641, 27.28078072984564, 0, 10.51789136572362, 106.71196954627182, 0, 74.24999999999997, 47.947888378947404, 0, 83.99999999999999, 24.70042734673048, 37.7771241773525, 0, 55.499999999999986, 59.99999999999998, 118.99091297339567, 0, 59.99999999999998, 2.4789773536124096, 62.77866408916286, 83.78212485037871, 0, 59.82050714255309, 9.202119991919199, 0, 134.24999999999997, 117.29497479053019, 71.27059891635678, 0, 36.158601251216076, 89.24999999999997, 9.686442096757052, 29.543648395109003, 63.107348194341725, 65.73682103577262, 119.05880899790658, 65.86780625794795, 48.432210483785255, 50.999999999999986, 3.098721692015512, 67.02569988030297, 32.21104230752859, 156.98124445649904, 69.67145119136755, 70.03111023955057, 72.51008759316298, 18.592330152093073, 109.69474789734912, 0, 21.03578273144724, 36.48393567485381, 105.9762818669305, 21.31017261286551, 44.249999999999986, 45.86108104182958, 47.999999999999986, 111.55398091255843, 59.49545648669783, 109.49999999999997, 60.852280154485584, 1.4529663145135576, 86.14446303803123, 119.94072610159479, 77.24999999999997, 12.394886768062047, 50.999999999999986, 120.74999999999997, 16.75642497007574, 0, 34.84051514895949, 61.463927668447404, 1.9372884193514102, 67.02569988030297, 48.432210483785255, 57.519718406301045, 72.74999999999999, 13.228756555322953, 26.0292622129303, 3.098721692015512, 21.31017261286551, 25.308676098772462, 132.28756555322954, 46.494922064433844, 48.645247566471745], "B": 5619.4765025118795}, "solution": [0.0, 0.0, 0.0, 0.0, 0.0, 0.0, 0.0, 0.0, 0.0, 0.0, 0.0, 0.0, 1.0, 0.0, 0.0, 0.0, 1.0, 0.0, 0.0, 1.0, 0.0, 1.0, 0.0, 0.0, 0.0, 0.0, 1.0, 0.0, 0.0, 0.0, 0.0, 0.0, 0.0, 0.0, 0.0, 0.0, 0.0, 0.0, 0.0, 1.0, 0.0, 0.0, 1.0, 1.0, 0.0, 0.0, 0.0, 0.0, 0.0, 1.0, 0.0, 0.0, 0.0, 0.0, 0.0, 0.0, 0.0, 0.0, 0.0, 0.0, 0.0, 0.0, 0.0, 0.0, 0.0, 0.0, 0.0, 0.0, 0.0, 0.0, 0.0, 0.0, 1.0, 0.0, 0.0, 0.0, 0.0, 1.0, 0.0, 0.0, 1.0, 0.0, 0.0, 0.0, 0.0, 1.0, 0.0, 0.0, 1.0, 0.0, 0.0, 0.0, 0.0, 0.0, 0.0, 0.0, 0.0, 0.0, 0.0, 0.0, 0.0, 0.0, 0.0, 0.0, 0.0, 0.0, 0.0, 1.0, 0.0, 0.0, 0.0, 0.0, 0.0, 0.0, 0.0, 0.0, 0.0, 0.0, 0.0, 0.0, 1.0, 0.0, 0.0, 0.0, 0.0, 0.0, 0.0, 0.0, 0.0, 0.0, 0.0, 1.0, 0.0, 0.0, 0.0, 0.0, 0.0, 0.0, 0.0, 0.0, 0.0, 1.0, 1.0, 0.0, 0.0, 0.0, 0.0, 0.0, 0.0, 0.0, 0.0, 1.0, 0.0, 0.0, 0.0, 0.0, 0.0, 0.0, 1.0, 0.0, 0.0, 0.0, 0.0, 1.0, 0.0, 0.0, 0.0, 1.0, 0.0, 0.0, 0.0, 0.0, 1.0, 0.0, 0.0, 0.0, 0.0, 0.0, 1.0, 0.0, 0.0, 0.0, 1.0, 0.0, 0.0, 0.0, 0.0, 0.0, 0.0, 0.0, 0.0, 0.0, 0.0, 0.0, 0.0, 0.0, 0.0, 1.0, 0.0, 0.0], "objective_value": 3797.264, "solve_time": 189.03802108764648}