{"instance": {"c": [96.244, 113.681, 105.344, 98.224, 128.08100000000002, 105.344, 108.809, 112.436, 145.625, 126.16900000000001, 96.244, 156.436, 142.361, 89.321, 157.616, 80.609, 125.225, 87.424, 128.08100000000002, 81.236, 102.4, 119.284, 84.884, 89.321, 113.26400000000001, 93.104, 116.225, 139.16899999999998, 84.4, 143.98399999999998, 144.529, 104.225, 92.5, 91.025, 93.104, 137.6, 148.961, 85.129, 91.609, 81.449, 90.736, 141.289, 91.025, 128.56400000000002, 82.769, 112.849, 141.289, 114.521, 112.849, 81.449, 101.684, 94.025, 93.409, 132.001, 131.00900000000001, 98.224, 99.929, 103.489, 121.529, 142.9, 95.281, 92.201, 128.56400000000002, 95.281, 107.636, 102.761, 89.321, 152.94400000000002, 117.961, 96.896, 152.369, 117.524, 84.641, 110.40100000000001, 105.721, 123.824, 158.804, 110.40100000000001, 110.40100000000001, 95.6, 89.044, 151.225, 106.864, 144.529, 117.524, 89.321, 102.761, 89.881, 81.664, 125.696, 144.529, 116.225, 85.876, 96.569, 142.361, 144.529, 112.025, 92.801, 135.536, 149.524, 129.049, 97.556, 99.929, 112.025, 109.20400000000001, 143.441, 94.025, 125.225, 103.124, 116.225, 112.436, 153.52100000000002, 87.956, 140.756, 141.824, 128.56400000000002, 111.209, 108.809, 88.496, 152.94400000000002, 155.264, 97.225, 86.641, 106.864, 137.08100000000002, 96.569, 140.225, 134.51600000000002, 106.864, 149.524, 158.804, 148.961, 80.816, 104.969, 124.756, 154.681, 155.264, 95.921, 96.244, 83.456, 80.404, 101.684, 84.161, 145.07600000000002, 121.076, 96.244, 102.4, 148.961, 123.824, 101.684, 81.449, 145.625, 110.0, 119.729, 121.529, 82.321, 109.20400000000001, 110.40100000000001, 82.321, 113.26400000000001, 129.536, 88.496, 96.244, 154.681, 128.56400000000002, 87.689, 119.284, 145.625, 108.025, 98.561, 90.449, 159.401, 82.544, 160.0, 130.025, 99.584, 154.1, 97.889, 146.176, 100.976, 126.644, 90.164, 145.07600000000002, 81.881, 94.025, 143.98399999999998, 155.264, 82.996, 134.00900000000001, 83.456, 100.976, 126.16900000000001, 104.969, 150.089, 126.16900000000001, 88.769, 93.104, 98.561, 91.609, 100.625], "p": [62, 109, 88, 68, 141, 88, 97, 106, 175, 137, 62, 194, 169, 39, 196, 3, 135, 32, 141, 6, 80, 122, 22, 39, 108, 52, 115, 163, 20, 172, 173, 85, 50, 45, 52, 160, 181, 23, 47, 7, 44, 167, 45, 142, 13, 107, 167, 111, 107, 7, 78, 55, 53, 149, 147, 68, 73, 83, 127, 170, 59, 49, 142, 59, 94, 81, 39, 188, 119, 64, 187, 118, 21, 101, 89, 132, 198, 101, 101, 60, 38, 185, 92, 173, 118, 39, 81, 41, 8, 136, 173, 115, 26, 63, 169, 173, 105, 51, 156, 182, 143, 66, 73, 105, 98, 171, 55, 135, 82, 115, 106, 189, 34, 166, 168, 142, 103, 97, 36, 188, 192, 65, 29, 92, 159, 63, 165, 154, 92, 182, 198, 181, 4, 87, 134, 191, 192, 61, 62, 16, 2, 78, 19, 174, 126, 62, 80, 181, 132, 78, 7, 175, 100, 123, 127, 11, 98, 101, 11, 108, 144, 36, 62, 191, 142, 33, 122, 175, 95, 69, 43, 199, 12, 200, 145, 72, 190, 67, 176, 76, 138, 42, 174, 9, 55, 172, 192, 14, 153, 16, 76, 137, 87, 183, 137, 37, 52, 69, 47, 75], "q": [30.027970499946854, 35.82656746449609, 77.60870512456133, 0, 124.35031162003577, 54.53750177947301, 0, 79.49999999999999, 108.45525922054291, 0, 20.378414521089518, 120.23040165020187, 55.54761377522787, 12.818680101975662, 121.46989032700807, 2.2499999999999996, 0, 0, 105.74999999999997, 2.9059326290271152, 38.74576838702821, 107.59388664996003, 7.231050313934989, 0, 35.49788335931722, 45.85968939178624, 0, 122.24999999999997, 14.999999999999995, 0, 83.78772413694848, 41.16737891121746, 30.98721692015512, 14.790784733048842, 32.226705596961324, 141.1067365901115, 159.62699576756364, 7.559734419113853, 0, 6.173419725817379, 0, 147.28015631592888, 21.794494717703365, 0, 8.056676399240331, 35.16919925413836, 54.89024556487015, 36.48393567485381, 94.36513009463708, 4.338210368821717, 68.78953408767936, 18.077625784837473, 17.420257574479745, 48.973931671650604, 71.19534941116432, 32.933903128973974, 45.24133670342648, 0, 61.50890731440727, 0, 52.03310911760362, 0, 88.00369605324055, 52.03310911760362, 70.49999999999997, 60.74999999999998, 29.249999999999993, 140.99999999999994, 39.113408516284714, 47.999999999999986, 115.89219128138014, 38.78472441110585, 13.01463110646515, 0, 0, 0, 148.49999999999994, 62.59417817871335, 48.9165325886231, 29.059326290271148, 12.4899959967968, 0, 0, 107.21577054373671, 73.12983193156609, 0, 60.74999999999998, 36.158601251216076, 3.8745768387028203, 84.28523002282192, 56.86235019594332, 0, 22.92984469589312, 20.70709862626838, 149.04399052330527, 152.57165893805805, 78.74999999999997, 38.24999999999999, 96.68011679088397, 136.49999999999997, 88.62344039164364, 21.693150941804966, 45.24133670342648, 65.07315553232576, 32.21104230752859, 82.81907992727277, 48.50544070285083, 65.38348415311009, 50.81903574905439, 0, 79.49999999999999, 141.74999999999997, 11.175259576081348, 0, 104.1170488517212, 68.77373888697505, 63.83366685551955, 85.5459590577551, 17.43559577416269, 0, 92.98984412886769, 31.480936814460414, 17.97258581368997, 57.01647913308542, 0, 39.04389331939545, 79.91314729824566, 74.5856041450293, 68.99999999999999, 0, 65.0794528254149, 159.62699576756364, 2.4789773536124096, 76.72678802087313, 83.04574134601572, 0, 63.107348194341725, 0, 54.67886042866821, 0, 1.7638342073763937, 68.78953408767936, 16.75642497007574, 84.27204624178633, 0, 30.027970499946854, 49.57954707224819, 135.74999999999997, 43.38630188360993, 25.637360203951324, 2.3007887362520423, 108.45525922054291, 88.1917103688197, 0, 78.70753097719401, 3.6155251569674944, 73.49999999999999, 62.59417817871335, 0, 52.30678732248807, 126.99606293110035, 0, 20.378414521089518, 118.37116863499256, 0, 15.982629459649134, 59.087296790218005, 108.45525922054291, 83.78212485037871, 33.418225233811825, 26.6490065513334, 0, 8.999999999999998, 176.3834207376394, 127.87798003478855, 34.87119154832538, 0, 50.249999999999986, 131.99999999999997, 36.808479967676796, 0, 31.499999999999993, 57.19103430112219, 5.577699045627922, 18.077625784837473, 128.99999999999997, 0, 4.6015774725040846, 134.93331686429414, 9.915909414449638, 47.10056971863578, 120.82264320528297, 28.595517150561093, 88.63094518532702, 45.02972240950425, 0, 45.85968939178624, 51.749999999999986, 29.12798390494581, 36.32415786283894], "B": 8461.063906183217}, "solution": [0.0, 0.0, 0.0, 0.0, 1.0, 0.0, 0.0, 0.0, 1.0, 0.0, 0.0, 1.0, 0.0, 0.0, 1.0, 0.0, 0.0, 0.0, 1.0, 0.0, 0.0, 1.0, 0.0, 0.0, 0.0, 0.0, 0.0, 1.0, 0.0, 0.0, 1.0, 0.0, 0.0, 0.0, 0.0, 1.0, 1.0, 0.0, 0.0, 0.0, 0.0, 1.0, 0.0, 0.0, 0.0, 0.0, 0.0, 0.0, 1.0, 0.0, 0.0, 0.0, 0.0, 0.0, 0.0, 0.0, 0.0, 0.0, 0.0, 0.0, 0.0, 0.0, 1.0, 0.0, 0.0, 0.0, 0.0, 1.0, 0.0, 0.0, 1.0, 0.0, 0.0, 0.0, 0.0, 0.0, 1.0, 0.0, 0.0, 0.0, 0.0, 0.0, 0.0, 1.0, 0.0, 0.0, 0.0, 0.0, 0.0, 0.0, 0.0, 0.0, 0.0, 0.0, 1.0, 1.0, 0.0, 0.0, 1.0, 1.0, 1.0, 0.0, 0.0, 0.0, 0.0, 1.0, 0.0, 0.0, 0.0, 0.0, 0.0, 1.0, 0.0, 0.0, 1.0, 0.0, 0.0, 0.0, 0.0, 0.0, 1.0, 0.0, 0.0, 0.0, 0.0, 0.0, 0.0, 1.0, 0.0, 0.0, 0.0, 1.0, 0.0, 0.0, 0.0, 0.0, 0.0, 0.0, 0.0, 0.0, 0.0, 0.0, 0.0, 1.0, 0.0, 0.0, 0.0, 1.0, 0.0, 0.0, 0.0, 1.0, 0.0, 0.0, 0.0, 0.0, 0.0, 0.0, 0.0, 0.0, 1.0, 0.0, 0.0, 1.0, 0.0, 0.0, 0.0, 1.0, 0.0, 0.0, 0.0, 0.0, 0.0, 1.0, 1.0, 0.0, 0.0, 0.0, 1.0, 0.0, 0.0, 0.0, 0.0, 0.0, 0.0, 1.0, 0.0, 0.0, 1.0, 0.0, 0.0, 1.0, 0.0, 1.0, 0.0, 0.0, 0.0, 0.0, 0.0, 0.0], "objective_value": 5835.212, "solve_time": 9.607293844223022}