{"instance": {"c": [91.025, 121.98400000000001, 155.264, 133.001, 91.025, 121.98400000000001, 83.225, 85.129, 110.804, 81.449, 143.98399999999998, 89.6, 107.249, 140.225, 96.896, 106.481, 113.681, 134.00900000000001, 129.536, 106.1, 112.849, 90.164, 96.244, 93.71600000000001, 141.289, 105.344, 157.616, 94.964, 80.609, 101.32900000000001, 83.225, 94.025, 93.104, 85.129, 108.809, 106.1, 99.929, 117.524, 146.176, 158.209, 105.344, 132.001, 83.456, 113.26400000000001, 95.6, 93.71600000000001, 131.50400000000002, 106.1, 82.1, 142.9, 140.756, 139.696, 127.6, 80.609, 103.124, 90.164, 87.689, 146.72899999999998, 96.244, 131.00900000000001, 95.921, 135.536, 105.721, 142.9, 118.4, 138.644, 129.536, 89.881, 97.889, 86.641, 156.436, 124.289, 100.976, 103.856, 124.289, 102.041, 145.07600000000002, 95.281, 151.796, 95.921, 98.561, 107.249, 89.321, 81.881, 89.321, 87.689, 108.416, 128.08100000000002, 89.881, 126.644, 91.316, 85.876, 128.56400000000002, 110.0, 134.00900000000001, 99.929, 153.52100000000002, 91.904, 80.404, 106.481, 119.729, 146.176, 87.161, 111.209, 86.384, 92.5, 125.696, 101.684, 81.025, 136.56400000000002, 110.0, 156.436, 103.856, 99.241, 140.756, 126.16900000000001, 104.596, 123.824, 125.225, 84.4, 97.556, 117.961, 91.609, 129.049, 115.79599999999999, 112.025, 104.969, 123.824, 133.50400000000002, 154.1, 122.441, 87.424, 95.6, 148.961, 114.944, 144.529, 88.496, 136.56400000000002, 146.176, 106.481, 154.681, 89.321, 154.1, 144.529, 117.089, 152.94400000000002, 83.68900000000001, 154.681, 100.625, 114.521, 83.924, 113.681, 110.0, 135.025, 80.201, 105.721, 96.569, 111.616, 109.20400000000001, 99.241, 108.025, 129.536, 117.089, 157.025, 83.68900000000001, 85.376, 82.996, 99.584, 114.1, 142.9, 152.369, 93.71600000000001, 104.596, 155.849, 90.736, 154.1, 132.5, 82.769, 138.121, 84.4, 117.524, 81.449, 114.1, 106.864, 158.804, 157.025, 95.921, 128.56400000000002, 85.876, 137.6, 117.089, 143.441, 110.40100000000001, 98.561, 148.961, 124.289, 107.249, 128.56400000000002, 91.025, 98.9], "p": [45, 128, 192, 151, 45, 128, 15, 23, 102, 7, 172, 40, 93, 165, 64, 91, 109, 153, 144, 90, 107, 42, 62, 54, 167, 88, 196, 58, 3, 77, 15, 55, 52, 23, 97, 90, 73, 118, 176, 197, 88, 149, 16, 108, 60, 54, 148, 90, 10, 170, 166, 164, 140, 3, 82, 42, 33, 177, 62, 147, 61, 156, 89, 170, 120, 162, 144, 41, 67, 29, 194, 133, 76, 84, 133, 79, 174, 59, 186, 61, 69, 93, 39, 9, 39, 33, 96, 141, 41, 138, 46, 26, 142, 100, 153, 73, 189, 48, 2, 91, 123, 176, 31, 103, 28, 50, 136, 78, 5, 158, 100, 194, 84, 71, 166, 137, 86, 132, 135, 20, 66, 119, 47, 143, 114, 105, 87, 132, 152, 190, 129, 32, 60, 181, 112, 173, 36, 158, 176, 91, 191, 39, 190, 173, 117, 188, 17, 191, 75, 111, 18, 109, 100, 155, 1, 89, 63, 104, 98, 71, 95, 144, 117, 195, 17, 24, 14, 72, 110, 170, 187, 54, 86, 193, 44, 190, 150, 13, 161, 20, 118, 7, 110, 92, 198, 195, 61, 142, 26, 160, 117, 171, 101, 69, 181, 133, 93, 142, 45, 70], "q": [39.68626966596886, 79.3272753155971, 169.3280839081338, 113.24999999999997, 27.888495228139607, 42.07156546289448, 11.249999999999996, 7.559734419113853, 0, 5.249999999999999, 106.5960262053336, 24.789773536124095, 82.01829064300232, 102.2578158365119, 39.66363765779855, 29.910253571276545, 81.74999999999999, 114.74999999999997, 107.99999999999997, 0, 51.82246521765022, 20.341528403189805, 38.42414898099235, 17.74894167965861, 0, 77.60870512456133, 94.92713254821909, 43.499999999999986, 1.8592330152093073, 47.720314057038884, 7.264831572567787, 18.077625784837473, 38.999999999999986, 14.254119783271355, 72.74999999999999, 79.37253933193772, 45.24133670342648, 88.49999999999997, 0, 173.7376694265748, 54.53750177947301, 72.16399362084003, 9.915909414449638, 95.24704719832526, 0, 0, 0, 0, 0, 105.3565375285274, 124.49999999999997, 53.90419324933356, 104.99999999999997, 1.8592330152093073, 26.95209662466678, 20.341528403189805, 15.982629459649134, 156.09932735281086, 20.378414521089518, 91.10241774525605, 53.79694332498001, 116.99999999999997, 78.49062222824952, 105.3565375285274, 58.118652580542296, 0, 107.99999999999997, 25.409517874527197, 22.021835046983828, 25.57559600695771, 63.76471640469945, 43.7149859887888, 47.10056971863578, 0, 99.74999999999997, 0, 107.8355148821398, 0, 164.03658128600463, 20.049730415910652, 22.67920325734156, 82.01829064300232, 34.39476704383968, 5.577699045627922, 12.818680101975662, 24.749999999999996, 31.553674097170862, 124.35031162003577, 36.158601251216076, 66.83645046762365, 15.119468838227705, 22.92984469589312, 106.49999999999996, 32.86841051788631, 134.93331686429414, 23.993939678057007, 0, 15.776837048585431, 0.9686442096757051, 68.24999999999999, 59.57161889505586, 109.07500355894602, 10.189207260544759, 33.8544628334229, 24.693678903269515, 30.98721692015512, 44.701038304325394, 48.340058395441986, 3.7499999999999987, 51.93208861826037, 74.99999999999997, 63.76471640469945, 52.0585244258606, 34.38686944348753, 146.39823921224067, 45.02972240950425, 28.26683304538223, 43.38630188360993, 0, 12.394886768062047, 58.20652884342099, 89.24999999999997, 41.450103873345256, 69.25806099181291, 100.53854982045443, 92.60129588726068, 53.9177574410699, 43.38630188360993, 113.99999999999996, 167.56424970075741, 79.94701965400021, 28.2213473180223, 19.721046310731786, 87.6623009756513, 36.812619780032676, 56.86235019594332, 26.999999999999993, 51.93208861826037, 131.99999999999997, 80.25445643562593, 0, 12.818680101975662, 92.02119991919197, 129.74999999999997, 0, 165.80041549338102, 0, 118.37116863499256, 0, 83.24999999999997, 13.499999999999996, 81.74999999999999, 48.432210483785255, 50.94603630272379, 0.6197443384031024, 43.10466733056887, 55.560777532356404, 34.183146938601766, 32.21104230752859, 44.00184802662027, 58.875712148294724, 47.33051114575629, 72.51008759316298, 94.44281044338125, 10.53565375285274, 11.623730516108461, 6.780509467729935, 63.49803146555018, 82.49999999999997, 0, 115.89219128138014, 40.499999999999986, 0, 144.74999999999994, 38.80435256228066, 142.49999999999994, 0, 8.056676399240331, 52.91814093379696, 0, 0, 4.338210368821717, 0, 44.55763364508243, 174.61958653026298, 146.24999999999994, 20.049730415910652, 46.673142935398566, 0, 0, 0, 128.24999999999997, 62.59417817871335, 60.852280154485584, 112.17372525096152, 43.7149859887888, 45.041955749920284, 68.77373888697505, 27.888495228139607, 61.734197258173786], "B": 9636.829036554702}, "solution": [0.0, 1.0, 1.0, 1.0, 0.0, 0.0, 0.0, 0.0, 0.0, 0.0, 1.0, 0.0, 0.0, 1.0, 0.0, 0.0, 0.0, 1.0, 1.0, 0.0, 0.0, 0.0, 0.0, 0.0, 0.0, 0.0, 1.0, 0.0, 0.0, 0.0, 0.0, 0.0, 0.0, 0.0, 0.0, 0.0, 0.0, 1.0, 0.0, 1.0, 0.0, 0.0, 0.0, 1.0, 0.0, 0.0, 0.0, 0.0, 0.0, 1.0, 1.0, 0.0, 1.0, 0.0, 0.0, 0.0, 0.0, 1.0, 0.0, 1.0, 0.0, 1.0, 0.0, 1.0, 0.0, 0.0, 1.0, 0.0, 0.0, 0.0, 0.0, 0.0, 0.0, 0.0, 1.0, 0.0, 1.0, 0.0, 1.0, 0.0, 0.0, 0.0, 0.0, 0.0, 0.0, 0.0, 0.0, 1.0, 0.0, 0.0, 0.0, 0.0, 1.0, 0.0, 1.0, 0.0, 0.0, 0.0, 0.0, 0.0, 0.0, 1.0, 0.0, 0.0, 0.0, 0.0, 0.0, 0.0, 0.0, 0.0, 0.0, 0.0, 0.0, 0.0, 1.0, 0.0, 0.0, 0.0, 0.0, 0.0, 0.0, 1.0, 0.0, 0.0, 1.0, 1.0, 0.0, 0.0, 1.0, 1.0, 0.0, 0.0, 0.0, 1.0, 0.0, 0.0, 0.0, 0.0, 1.0, 0.0, 0.0, 0.0, 1.0, 1.0, 0.0, 1.0, 0.0, 1.0, 0.0, 0.0, 0.0, 0.0, 0.0, 0.0, 0.0, 0.0, 0.0, 0.0, 0.0, 0.0, 0.0, 0.0, 0.0, 1.0, 0.0, 0.0, 0.0, 0.0, 1.0, 0.0, 1.0, 0.0, 0.0, 1.0, 0.0, 1.0, 0.0, 0.0, 0.0, 0.0, 0.0, 0.0, 0.0, 0.0, 1.0, 1.0, 0.0, 0.0, 0.0, 0.0, 0.0, 1.0, 0.0, 0.0, 1.0, 0.0, 0.0, 1.0, 0.0, 0.0], "objective_value": 6705.344000000002, "solve_time": 50.772655725479126}