{"instance": {"c": [80.404, 86.384, 84.161, 134.00900000000001, 143.98399999999998, 86.9, 131.50400000000002, 124.289, 135.536, 80.201, 160.0, 145.07600000000002, 84.4, 156.436, 101.684, 85.129, 116.225, 114.521, 146.176, 124.756, 92.201, 115.79599999999999, 80.609, 152.369, 103.856, 85.376, 121.529, 100.976, 82.996, 109.601, 112.436, 154.681, 139.696, 89.6, 101.32900000000001, 129.536, 84.161, 108.416, 116.656, 136.56400000000002, 84.641, 144.529, 103.489, 138.121, 94.025, 138.644, 88.225, 111.209, 94.964, 119.729, 89.6, 109.601, 97.889, 80.816, 154.681, 85.376, 142.9, 145.625, 82.321, 144.529, 155.849, 123.361, 113.26400000000001, 154.1, 100.625, 105.344, 145.07600000000002, 154.1, 100.625, 154.1, 135.025, 104.225, 89.321, 80.404, 105.344, 115.79599999999999, 120.625, 152.369, 87.689, 132.001, 106.864, 92.5, 89.321, 157.025, 127.12100000000001, 122.441, 140.225, 146.176, 96.896, 134.00900000000001, 107.636, 86.641, 145.625, 80.201, 115.79599999999999, 102.041, 108.809, 94.336, 94.336, 139.16899999999998, 82.769, 85.376, 121.076, 111.209, 85.876, 135.536, 129.536, 92.201, 124.289, 95.921, 154.1, 92.5, 148.4, 86.9, 152.94400000000002, 126.644, 96.896, 108.025, 111.616, 81.449, 96.569, 125.696, 91.316, 137.08100000000002, 84.161, 134.51600000000002, 147.841, 80.609, 145.625, 156.436, 104.596, 113.681, 135.025, 102.761, 110.0, 133.001, 87.689, 119.729, 94.025, 143.98399999999998, 103.856, 87.956, 99.584, 127.12100000000001, 103.856, 87.689, 113.681, 84.4, 100.276, 104.969, 80.816, 103.856, 128.56400000000002, 122.9, 130.51600000000002, 101.684, 85.876, 158.209, 121.529, 112.025, 80.201, 87.956, 143.98399999999998, 111.616, 83.225, 120.625, 117.961, 116.656, 150.656, 96.569, 80.201, 117.089, 86.384, 140.756, 97.225, 96.244, 97.889, 131.50400000000002, 100.976, 94.964, 118.4, 104.225, 119.729, 133.50400000000002, 95.921, 129.536, 107.636, 108.416, 120.176, 145.07600000000002, 92.5, 145.07600000000002, 119.284, 87.424, 155.849, 133.50400000000002, 125.696, 147.284, 102.761, 86.129], "p": [2, 28, 19, 153, 172, 30, 148, 133, 156, 1, 200, 174, 20, 194, 78, 23, 115, 111, 176, 134, 49, 114, 3, 187, 84, 24, 127, 76, 14, 99, 106, 191, 164, 40, 77, 144, 19, 96, 116, 158, 21, 173, 83, 161, 55, 162, 35, 103, 58, 123, 40, 99, 67, 4, 191, 24, 170, 175, 11, 173, 193, 131, 108, 190, 75, 88, 174, 190, 75, 190, 155, 85, 39, 2, 88, 114, 125, 187, 33, 149, 92, 50, 39, 195, 139, 129, 165, 176, 64, 153, 94, 29, 175, 1, 114, 79, 97, 56, 56, 163, 13, 24, 126, 103, 26, 156, 144, 49, 133, 61, 190, 50, 180, 30, 188, 138, 64, 95, 104, 7, 63, 136, 46, 159, 19, 154, 179, 3, 175, 194, 86, 109, 155, 81, 100, 151, 33, 123, 55, 172, 84, 34, 72, 139, 84, 33, 109, 20, 74, 87, 4, 84, 142, 130, 146, 78, 26, 197, 127, 105, 1, 34, 172, 104, 15, 125, 119, 116, 184, 63, 1, 117, 28, 166, 65, 62, 67, 148, 76, 58, 120, 85, 123, 152, 61, 144, 94, 96, 124, 174, 50, 174, 122, 32, 193, 152, 136, 178, 81, 27], "q": [1.4999999999999996, 20.999999999999996, 6.2449979983984, 50.28866809236606, 56.53366609076446, 0, 48.645247566471745, 64.41483994343439, 96.68011679088397, 0.48432210483785254, 0, 130.49999999999997, 12.394886768062047, 145.49999999999997, 37.7771241773525, 14.254119783271355, 37.79867209556926, 0, 131.99999999999997, 64.89916204827223, 43.21393808072165, 85.49999999999999, 0.9860523155365895, 90.56823360467843, 62.999999999999986, 0, 95.24999999999999, 24.9799919935936, 10.499999999999998, 74.24999999999997, 51.33814311281237, 143.24999999999997, 101.63807149810879, 35.276684147527874, 57.749999999999986, 69.74238309665076, 6.2449979983984, 46.494922064433844, 86.99999999999997, 139.3429023827351, 13.01463110646515, 152.57165893805805, 0, 52.91814093379696, 34.08593861217064, 78.4601809837321, 30.867098629086893, 49.885176798298815, 43.499999999999986, 59.57161889505586, 0, 0, 50.249999999999986, 2.4789773536124096, 0, 14.873864121674458, 105.3565375285274, 154.33549314543447, 5.327543153216378, 56.86235019594332, 93.47416623370553, 0, 80.99999999999997, 62.449979983983994, 0, 28.924201255739955, 107.8355148821398, 142.49999999999994, 46.48082538023268, 117.75142429658945, 136.6971510716705, 63.74999999999998, 24.170029197720993, 0, 54.53750177947301, 55.21271995151518, 0, 140.24999999999997, 20.45156316730238, 131.40564844954133, 68.99999999999999, 16.434205258943155, 34.39476704383968, 94.44281044338125, 45.687090619861976, 62.477551524082976, 102.2578158365119, 57.84840251147991, 30.996614709622563, 74.10128204019144, 82.90020774669051, 17.97258581368997, 84.7563683466242, 0.32868410517886315, 37.4699879903904, 25.966044309130186, 85.5459590577551, 49.38735780653903, 34.70568295057374, 53.57550914415469, 11.46492234794656, 7.888418524292716, 111.12155506471281, 33.8544628334229, 16.113352798480662, 116.99999999999997, 47.33051114575629, 23.731783137054773, 82.42599700761262, 45.74999999999999, 92.02119991919197, 0, 87.17797887081346, 22.499999999999993, 165.80041549338102, 103.49999999999997, 30.996614709622563, 58.875712148294724, 77.99999999999997, 0, 0, 84.28523002282192, 40.56818676965705, 98.53934980609328, 11.775142429658946, 74.5856041450293, 58.83445482701651, 2.2499999999999996, 0, 171.0919181155102, 0, 67.55213288593816, 75.06992624986714, 50.19929141065129, 74.99999999999997, 133.16948265691772, 10.846575470902483, 0, 41.249999999999986, 0, 0, 21.07130750570548, 0, 122.58647741265936, 74.08103670980854, 29.103264421710495, 35.82656746449609, 6.573682103577263, 0, 76.72678802087313, 1.9372884193514102, 52.0585244258606, 106.49999999999996, 114.6492234794656, 128.75989713847676, 0, 19.499999999999993, 173.7376694265748, 61.50890731440727, 50.85382100797452, 0.7499999999999998, 0, 56.53366609076446, 91.71937878357248, 4.930261577682947, 60.540263104731565, 104.94813533889544, 56.18136416119089, 114.03295826617084, 39.04389331939545, 0, 87.74999999999999, 0, 146.39823921224067, 21.364466836626104, 30.027970499946854, 22.021835046983828, 0, 56.99999999999998, 51.15119201391542, 39.44209262146357, 0, 0, 94.20113943727156, 53.79694332498001, 0, 82.90020774669051, 46.494922064433844, 92.99999999999997, 84.27204624178633, 16.434205258943155, 153.45357604174626, 75.6088092851785, 15.498307354811281, 144.74999999999994, 134.05139976060593, 101.99999999999997, 58.50577072183764, 60.74999999999998, 13.076696830622017], "B": 5022.170744074986}, "solution": [0.0, 0.0, 0.0, 0.0, 0.0, 0.0, 0.0, 0.0, 0.0, 0.0, 0.0, 1.0, 0.0, 1.0, 0.0, 0.0, 0.0, 0.0, 1.0, 0.0, 0.0, 0.0, 0.0, 0.0, 0.0, 0.0, 0.0, 0.0, 0.0, 0.0, 0.0, 1.0, 0.0, 0.0, 0.0, 0.0, 0.0, 0.0, 0.0, 1.0, 0.0, 1.0, 0.0, 0.0, 0.0, 0.0, 0.0, 0.0, 0.0, 0.0, 0.0, 0.0, 0.0, 0.0, 0.0, 0.0, 0.0, 1.0, 0.0, 0.0, 0.0, 0.0, 0.0, 0.0, 0.0, 0.0, 0.0, 1.0, 0.0, 0.0, 1.0, 0.0, 0.0, 0.0, 0.0, 0.0, 0.0, 1.0, 0.0, 1.0, 0.0, 0.0, 0.0, 0.0, 0.0, 0.0, 0.0, 0.0, 0.0, 0.0, 0.0, 0.0, 0.0, 0.0, 0.0, 0.0, 0.0, 0.0, 0.0, 0.0, 0.0, 0.0, 1.0, 0.0, 0.0, 0.0, 0.0, 0.0, 0.0, 0.0, 0.0, 0.0, 0.0, 0.0, 1.0, 0.0, 0.0, 0.0, 0.0, 0.0, 0.0, 0.0, 0.0, 0.0, 0.0, 0.0, 0.0, 0.0, 0.0, 1.0, 0.0, 0.0, 0.0, 0.0, 0.0, 1.0, 0.0, 0.0, 0.0, 0.0, 0.0, 0.0, 0.0, 1.0, 0.0, 0.0, 0.0, 0.0, 0.0, 0.0, 0.0, 0.0, 0.0, 1.0, 1.0, 0.0, 0.0, 1.0, 0.0, 0.0, 0.0, 0.0, 0.0, 0.0, 0.0, 0.0, 0.0, 0.0, 0.0, 0.0, 0.0, 0.0, 0.0, 1.0, 0.0, 0.0, 0.0, 0.0, 0.0, 0.0, 0.0, 0.0, 0.0, 0.0, 0.0, 0.0, 0.0, 0.0, 0.0, 0.0, 0.0, 1.0, 0.0, 0.0, 1.0, 1.0, 0.0, 0.0, 0.0, 0.0], "objective_value": 3279.97, "solve_time": 56.603193283081055}