{"instance": {"c": [106.1, 143.98399999999998, 90.449, 93.409, 143.98399999999998, 84.161, 107.636, 122.441, 155.849, 91.904, 152.94400000000002, 118.84100000000001, 131.00900000000001, 84.641, 99.584, 92.5, 89.044, 145.625, 82.1, 100.976, 82.769, 128.56400000000002, 85.376, 87.424, 116.656, 100.276, 80.816, 90.449, 82.544, 96.569, 133.50400000000002, 152.94400000000002, 82.321, 85.129, 110.40100000000001, 86.384, 86.384, 115.369, 108.025, 158.209, 97.889, 106.864, 151.225, 83.456, 80.609, 102.4, 150.089, 87.689, 89.321, 88.769, 91.316, 89.881, 96.896, 92.801, 106.864, 81.025, 101.684, 117.089, 117.524, 86.129, 140.225, 121.076, 112.849, 112.025, 89.6, 139.16899999999998, 87.424, 87.689, 85.376, 109.601, 97.889, 131.00900000000001, 106.481, 133.50400000000002, 149.524, 86.129, 146.72899999999998, 89.044, 155.849, 114.1, 81.025, 101.32900000000001, 81.881, 108.416, 155.264, 131.50400000000002, 85.129, 104.225, 112.849, 114.944, 83.456, 132.001, 93.409, 110.0, 87.956, 102.761, 82.996, 90.736, 158.209, 102.761, 97.889, 132.5, 131.50400000000002, 143.98399999999998, 80.404, 86.129, 83.225, 92.5, 125.696, 98.224, 130.51600000000002, 90.164, 93.104, 97.889, 123.824, 134.51600000000002, 83.225, 96.569, 117.089, 89.044, 89.881, 94.025, 138.121, 128.08100000000002, 80.201, 87.161, 100.276, 133.50400000000002, 123.824, 134.51600000000002, 103.489, 89.321, 126.16900000000001, 105.721, 86.384, 123.824, 111.616, 134.00900000000001, 116.225, 91.609, 103.124, 118.4, 148.4, 147.284, 97.889, 137.08100000000002, 84.4, 155.849, 157.616, 101.32900000000001, 82.996, 151.796, 126.16900000000001, 98.224, 133.50400000000002, 102.4, 82.321, 93.104, 131.00900000000001, 96.896, 116.656, 128.08100000000002, 101.32900000000001, 91.609, 139.696, 98.224, 108.416, 116.656, 83.225, 122.441, 89.321, 138.121, 154.681, 90.449, 147.841, 109.20400000000001, 80.201, 102.041, 106.864, 90.164, 132.001, 134.51600000000002, 84.161, 116.656, 141.824, 96.896, 86.9, 82.996, 123.361, 155.849, 108.416, 126.644, 84.4, 88.496, 156.436, 84.884, 108.025, 133.50400000000002, 99.929, 126.644], "p": [90, 172, 43, 53, 172, 19, 94, 129, 193, 48, 188, 121, 147, 21, 72, 50, 38, 175, 10, 76, 13, 142, 24, 32, 116, 74, 4, 43, 12, 63, 152, 188, 11, 23, 101, 28, 28, 113, 95, 197, 67, 92, 185, 16, 3, 80, 183, 33, 39, 37, 46, 41, 64, 51, 92, 5, 78, 117, 118, 27, 165, 126, 107, 105, 40, 163, 32, 33, 24, 99, 67, 147, 91, 152, 182, 27, 177, 38, 193, 110, 5, 77, 9, 96, 192, 148, 23, 85, 107, 112, 16, 149, 53, 100, 34, 81, 14, 44, 197, 81, 67, 150, 148, 172, 2, 27, 15, 50, 136, 68, 146, 42, 52, 67, 132, 154, 15, 63, 117, 38, 41, 55, 161, 141, 1, 31, 74, 152, 132, 154, 83, 39, 137, 89, 28, 132, 104, 153, 115, 47, 82, 120, 180, 178, 67, 159, 20, 193, 196, 77, 14, 186, 137, 68, 152, 80, 11, 52, 147, 64, 116, 141, 77, 47, 164, 68, 96, 116, 15, 129, 39, 161, 191, 43, 179, 98, 1, 79, 92, 42, 149, 154, 19, 116, 168, 64, 30, 14, 131, 193, 96, 138, 20, 36, 194, 22, 95, 152, 73, 138], "q": [0, 106.5960262053336, 32.24999999999999, 0, 0, 16.75642497007574, 30.896305886813135, 96.74999999999997, 63.43603229952059, 42.33202097703345, 61.79261177362627, 58.602974685380154, 91.10241774525605, 18.520259177452136, 23.665255572878145, 0, 18.404239983838398, 108.45525922054291, 7.499999999999997, 0, 11.46492234794656, 0, 21.166010488516726, 19.831818828899276, 71.89034325475988, 0, 0, 32.24999999999999, 8.999999999999998, 20.70709862626838, 113.99999999999996, 116.51193561978324, 9.701088140570166, 7.559734419113853, 89.0736274725079, 17.35284147528687, 17.35284147528687, 84.74999999999997, 58.875712148294724, 0, 59.08844594710919, 68.99999999999999, 89.59958939500271, 11.999999999999996, 0.9860523155365895, 26.294728414309052, 88.63094518532702, 24.749999999999996, 34.39476704383968, 32.63093283646329, 28.50823956654271, 0, 39.66363765779855, 0, 30.23893767645541, 0, 48.340058395441986, 103.18430113151904, 38.78472441110585, 0, 54.232877354512425, 78.0877866387909, 51.82246521765022, 65.07315553232576, 35.276684147527874, 78.94450308856996, 10.51789136572362, 10.846575470902483, 7.888418524292716, 74.24999999999997, 59.08844594710919, 110.24999999999996, 56.39673479468232, 0, 0, 23.811761799581316, 0, 23.55028485931789, 63.43603229952059, 53.27543153216377, 1.6434205258943158, 37.29280207251465, 6.749999999999998, 0, 118.99091297339567, 130.52373134585315, 17.249999999999996, 27.938148940203366, 0, 36.812619780032676, 7.749153677405641, 131.40564844954133, 25.669071556406184, 88.1917103688197, 29.985181525398698, 71.43528539874394, 12.346839451634757, 0, 95.41145465305694, 50.19929141065129, 59.08844594710919, 92.96165076046536, 91.72216208365916, 151.68974183436987, 1.2394886768062048, 13.076696830622017, 7.264831572567787, 0, 101.99999999999997, 59.970363050797395, 90.48267340685295, 0, 17.091573469300883, 50.249999999999986, 116.41305768684198, 115.49999999999997, 9.296165076046536, 0, 87.74999999999999, 18.404239983838398, 13.47604831233339, 0, 99.77883848289949, 46.3444588302197, 0.8819171036881969, 10.189207260544759, 45.86108104182958, 134.05139976060593, 63.930517838596536, 135.81523396798232, 40.19873470154176, 34.39476704383968, 0, 78.49062222824952, 20.999999999999996, 43.38630188360993, 91.71937878357248, 134.93331686429414, 86.24999999999997, 0, 0, 58.118652580542296, 87.17797887081346, 110.31449223575223, 22.021835046983828, 98.53934980609328, 6.573682103577263, 0, 0, 57.749999999999986, 0, 139.49999999999997, 120.82264320528297, 59.970363050797395, 0, 26.294728414309052, 3.6155251569674944, 25.18474945156833, 91.10241774525605, 30.996614709622563, 56.18136416119089, 46.3444588302197, 0, 0, 53.90419324933356, 59.970363050797395, 0, 86.99999999999997, 7.264831572567787, 62.477551524082976, 34.39476704383968, 0, 118.37116863499256, 20.82585050802766, 86.6936567659756, 73.49999999999999, 0.7499999999999998, 59.249999999999986, 81.1363735393141, 0, 111.74999999999997, 0, 14.249999999999995, 56.18136416119089, 0, 39.66363765779855, 14.529663145135574, 6.780509467729935, 115.53114058315379, 119.61065731179878, 59.49545648669783, 121.70456030897117, 12.394886768062047, 17.43559577416269, 171.0919181155102, 0, 58.875712148294724, 113.99999999999996, 54.749999999999986, 121.70456030897117], "B": 5933.049076668853}, "solution": [0.0, 1.0, 0.0, 0.0, 0.0, 0.0, 0.0, 0.0, 0.0, 0.0, 0.0, 0.0, 0.0, 0.0, 0.0, 0.0, 0.0, 1.0, 0.0, 0.0, 0.0, 0.0, 0.0, 0.0, 0.0, 0.0, 0.0, 0.0, 0.0, 0.0, 1.0, 1.0, 0.0, 0.0, 0.0, 0.0, 0.0, 0.0, 0.0, 0.0, 0.0, 0.0, 0.0, 0.0, 0.0, 0.0, 0.0, 0.0, 0.0, 0.0, 0.0, 0.0, 0.0, 0.0, 0.0, 0.0, 0.0, 1.0, 0.0, 0.0, 0.0, 0.0, 0.0, 0.0, 0.0, 0.0, 0.0, 0.0, 0.0, 0.0, 0.0, 1.0, 0.0, 0.0, 0.0, 0.0, 0.0, 0.0, 0.0, 0.0, 0.0, 0.0, 0.0, 0.0, 1.0, 1.0, 0.0, 0.0, 0.0, 0.0, 0.0, 1.0, 0.0, 0.0, 0.0, 0.0, 0.0, 0.0, 0.0, 0.0, 0.0, 0.0, 0.0, 1.0, 0.0, 0.0, 0.0, 0.0, 1.0, 0.0, 1.0, 0.0, 0.0, 0.0, 1.0, 1.0, 0.0, 0.0, 0.0, 0.0, 0.0, 0.0, 1.0, 0.0, 0.0, 0.0, 0.0, 1.0, 0.0, 1.0, 0.0, 0.0, 0.0, 0.0, 0.0, 0.0, 0.0, 1.0, 0.0, 0.0, 0.0, 0.0, 0.0, 1.0, 0.0, 0.0, 0.0, 0.0, 0.0, 0.0, 0.0, 1.0, 1.0, 0.0, 0.0, 0.0, 0.0, 0.0, 1.0, 0.0, 0.0, 0.0, 0.0, 0.0, 0.0, 0.0, 0.0, 0.0, 0.0, 0.0, 0.0, 0.0, 1.0, 0.0, 0.0, 0.0, 0.0, 0.0, 0.0, 0.0, 1.0, 0.0, 0.0, 0.0, 0.0, 0.0, 0.0, 0.0, 1.0, 1.0, 0.0, 1.0, 0.0, 0.0, 1.0, 0.0, 0.0, 1.0, 0.0, 1.0], "objective_value": 4106.988, "solve_time": 42.04423189163208}