{"instance": {"c": [80.816, 116.656, 82.1, 127.6, 91.316, 99.929, 122.441, 84.161, 111.209, 87.161, 96.569, 124.289, 154.1, 120.176, 116.225, 87.424, 121.529, 120.176, 119.284, 142.361, 112.436, 94.336, 81.664, 99.929, 97.556, 136.56400000000002, 94.964, 147.284, 121.076, 137.08100000000002, 125.225, 98.224, 83.68900000000001, 86.641, 86.9, 84.4, 111.616, 131.00900000000001, 131.00900000000001, 115.369, 97.889, 82.321, 98.9, 121.076, 94.025, 86.641, 141.289, 157.616, 117.089, 86.641, 90.449, 156.436, 91.025, 84.161, 90.449, 155.264, 94.964, 140.756, 144.529, 85.876, 89.881, 107.636, 102.4, 84.161, 81.025, 96.244, 110.40100000000001, 144.529, 123.824, 97.889, 88.496, 106.481, 136.56400000000002, 117.961, 101.32900000000001, 89.6, 102.4, 139.16899999999998, 112.025, 86.384, 111.616, 152.94400000000002, 85.376, 103.856, 89.881, 105.721, 107.636, 118.4, 125.225, 128.56400000000002, 84.161, 120.625, 151.225, 84.4, 110.0, 111.616, 142.9, 116.225, 128.08100000000002, 117.961, 84.641, 125.225, 92.801, 133.50400000000002, 97.889, 146.72899999999998, 87.956, 119.284, 90.164, 126.16900000000001, 86.384, 149.524, 147.284, 135.536, 148.961, 98.224, 149.524, 83.924, 107.636, 107.636, 80.609, 160.0, 82.769, 114.944, 81.449, 147.284, 141.824, 121.529, 145.625, 97.889, 90.736, 134.51600000000002, 98.224, 152.369, 104.225, 96.569, 118.4, 103.856, 152.369, 142.361, 124.289, 132.001, 152.369, 82.1, 151.225, 116.656, 103.124, 88.225, 105.344, 97.889, 148.961, 87.424, 119.284, 102.761, 150.089, 129.536, 96.569, 84.884, 117.961, 84.161, 100.625, 134.00900000000001, 94.964, 97.225, 134.51600000000002, 126.644, 94.649, 112.436, 123.824, 146.176, 99.241, 92.5, 155.264, 128.56400000000002, 84.161, 95.6, 142.361, 145.625, 97.889, 107.636, 99.929, 90.449, 81.664, 125.696, 88.496, 86.9, 95.6, 82.769, 89.6, 80.201, 126.16900000000001, 129.536, 85.376, 104.225, 110.0, 105.721, 102.4, 150.089, 131.00900000000001, 108.809], "p": [4, 116, 10, 140, 46, 73, 129, 19, 103, 31, 63, 133, 190, 124, 115, 32, 127, 124, 122, 169, 106, 56, 8, 73, 66, 158, 58, 178, 126, 159, 135, 68, 17, 29, 30, 20, 104, 147, 147, 113, 67, 11, 70, 126, 55, 29, 167, 196, 117, 29, 43, 194, 45, 19, 43, 192, 58, 166, 173, 26, 41, 94, 80, 19, 5, 62, 101, 173, 132, 67, 36, 91, 158, 119, 77, 40, 80, 163, 105, 28, 104, 188, 24, 84, 41, 89, 94, 120, 135, 142, 19, 125, 185, 20, 100, 104, 170, 115, 141, 119, 21, 135, 51, 152, 67, 177, 34, 122, 42, 137, 28, 182, 178, 156, 181, 68, 182, 18, 94, 94, 3, 200, 13, 112, 7, 178, 168, 127, 175, 67, 44, 154, 68, 187, 85, 63, 120, 84, 187, 169, 133, 149, 187, 10, 185, 116, 82, 35, 88, 67, 181, 32, 122, 81, 183, 144, 63, 22, 119, 19, 75, 153, 58, 65, 154, 138, 57, 106, 132, 176, 71, 50, 192, 142, 19, 60, 169, 175, 67, 94, 73, 43, 8, 136, 36, 30, 60, 13, 40, 1, 137, 144, 24, 85, 100, 89, 80, 183, 147, 97], "q": [3.5276684147527875, 56.18136416119089, 0, 86.76420737643433, 28.50823956654271, 45.24133670342648, 113.76730637577741, 6.2449979983984, 33.8544628334229, 15.013985249973427, 20.70709862626838, 99.74999999999997, 0, 109.35772085733642, 71.27059891635678, 28.2213473180223, 41.74288135771562, 109.35772085733642, 59.087296790218005, 126.74999999999997, 0, 41.99999999999999, 0, 54.749999999999986, 49.49999999999999, 0, 28.090682080595446, 58.50577072183764, 111.12155506471281, 119.24999999999997, 119.05880899790658, 50.999999999999986, 14.992590762699349, 25.57559600695771, 9.860523155365893, 6.573682103577263, 64.45341119392265, 91.10241774525605, 110.24999999999996, 54.72839784667734, 59.08844594710919, 0, 33.902547338649676, 94.49999999999997, 26.637715766081886, 17.97258581368997, 54.89024556487015, 146.99999999999997, 103.18430113151904, 17.97258581368997, 14.133416522691116, 171.0919181155102, 0, 16.75642497007574, 37.92243545859247, 118.99091297339567, 28.090682080595446, 0, 152.57165893805805, 12.592374725784165, 36.158601251216076, 45.526277854758135, 49.57954707224819, 11.775142429658946, 4.409585518440984, 20.378414521089518, 33.197094623065176, 152.57165893805805, 0, 41.52287067300786, 17.43559577416269, 68.24999999999999, 97.91960546769018, 0, 37.29280207251465, 0, 26.294728414309052, 143.7524879011761, 50.85382100797452, 17.35284147528687, 0, 140.99999999999994, 7.888418524292716, 27.609464835024504, 36.158601251216076, 0, 58.25596780989162, 105.83005244258362, 101.24999999999997, 88.00369605324055, 6.2449979983984, 41.085513147357894, 89.59958939500271, 0, 0, 91.71937878357248, 55.87629788040673, 0, 105.74999999999997, 104.94813533889544, 0, 65.38348415311009, 44.97777228809804, 94.20113943727156, 59.08844594710919, 0, 29.985181525398698, 0, 13.804732417512252, 120.82264320528297, 0, 136.49999999999997, 86.20933466113775, 116.99999999999997, 159.62699576756364, 42.14261501141096, 59.82050714255309, 11.155398091255844, 0, 45.526277854758135, 2.2499999999999996, 96.86442096757051, 6.296187362892082, 0, 3.3902547338649676, 86.20933466113775, 125.99999999999997, 78.70753097719401, 57.519718406301045, 22.021835046983828, 0, 74.5856041450293, 0, 140.24999999999997, 0, 20.70709862626838, 105.83005244258362, 62.999999999999986, 140.24999999999997, 0, 82.42599700761262, 131.40564844954133, 90.56823360467843, 3.2868410517886315, 163.15466418231642, 56.18136416119089, 0, 21.691051844108582, 65.99999999999999, 41.52287067300786, 87.6623009756513, 15.498307354811281, 91.49999999999999, 26.623412519487914, 0, 47.33051114575629, 20.70709862626838, 0, 39.113408516284714, 0, 24.65130788841474, 74.10128204019144, 19.063678100374062, 0, 135.81523396798232, 0, 18.7349939951952, 79.49999999999999, 43.38630188360993, 0, 23.336571467699283, 0, 169.3280839081338, 0, 9.202119991919199, 44.999999999999986, 0, 0, 50.249999999999986, 45.526277854758135, 23.993939678057007, 32.24999999999999, 0, 44.701038304325394, 31.74901573277509, 26.457513110645905, 37.184660304186146, 4.272893367325221, 19.372884193514103, 0.7499999999999998, 120.82264320528297, 47.33051114575629, 14.873864121674458, 52.6782687642637, 88.1917103688197, 66.74999999999999, 0, 0, 71.19534941116432, 46.97924416927169], "B": 3076.1625955247773}, "solution": [0.0, 0.0, 0.0, 0.0, 0.0, 0.0, 0.0, 0.0, 0.0, 0.0, 0.0, 0.0, 0.0, 0.0, 0.0, 0.0, 0.0, 0.0, 0.0, 0.0, 0.0, 0.0, 0.0, 0.0, 0.0, 0.0, 0.0, 0.0, 0.0, 0.0, 0.0, 0.0, 0.0, 0.0, 0.0, 0.0, 0.0, 0.0, 0.0, 0.0, 0.0, 0.0, 0.0, 0.0, 0.0, 0.0, 0.0, 1.0, 0.0, 0.0, 0.0, 1.0, 0.0, 0.0, 0.0, 1.0, 0.0, 0.0, 1.0, 0.0, 0.0, 0.0, 0.0, 0.0, 0.0, 0.0, 0.0, 1.0, 0.0, 0.0, 0.0, 0.0, 0.0, 0.0, 0.0, 0.0, 0.0, 1.0, 0.0, 0.0, 0.0, 1.0, 0.0, 0.0, 0.0, 0.0, 0.0, 0.0, 0.0, 0.0, 0.0, 0.0, 0.0, 0.0, 0.0, 0.0, 0.0, 0.0, 0.0, 0.0, 0.0, 0.0, 0.0, 0.0, 0.0, 0.0, 0.0, 0.0, 0.0, 0.0, 0.0, 1.0, 0.0, 0.0, 1.0, 0.0, 0.0, 0.0, 0.0, 0.0, 0.0, 0.0, 0.0, 0.0, 0.0, 0.0, 0.0, 0.0, 0.0, 0.0, 0.0, 0.0, 0.0, 1.0, 0.0, 0.0, 0.0, 0.0, 1.0, 0.0, 0.0, 0.0, 0.0, 0.0, 1.0, 0.0, 0.0, 0.0, 0.0, 0.0, 0.0, 0.0, 0.0, 0.0, 0.0, 0.0, 0.0, 0.0, 0.0, 0.0, 0.0, 0.0, 0.0, 0.0, 0.0, 0.0, 0.0, 0.0, 0.0, 0.0, 0.0, 0.0, 1.0, 0.0, 0.0, 0.0, 0.0, 0.0, 0.0, 0.0, 0.0, 0.0, 0.0, 0.0, 0.0, 0.0, 0.0, 0.0, 0.0, 0.0, 0.0, 0.0, 0.0, 0.0, 0.0, 0.0, 0.0, 0.0, 0.0, 0.0], "objective_value": 1960.1989999999996, "solve_time": 48.61391639709473}