{"instance": {"c": [145.625, 139.16899999999998, 105.344, 88.225, 127.12100000000001, 85.376, 103.124, 87.956, 131.50400000000002, 139.16899999999998, 101.684, 120.625, 87.161, 92.201, 159.401, 145.07600000000002, 120.176, 147.284, 91.609, 84.4, 111.616, 106.481, 98.224, 103.124, 125.696, 112.436, 137.6, 128.08100000000002, 130.025, 109.20400000000001, 132.5, 124.756, 110.40100000000001, 94.336, 85.129, 95.921, 145.07600000000002, 120.176, 122.9, 128.56400000000002, 105.344, 99.241, 118.4, 96.244, 145.625, 129.536, 110.804, 144.529, 83.924, 122.9, 100.625, 133.001, 99.241, 111.616, 84.4, 140.756, 115.79599999999999, 83.225, 145.625, 96.569, 139.16899999999998, 92.5, 100.625, 142.9, 140.756, 105.344, 105.721, 132.5, 89.044, 81.881, 117.089, 125.225, 132.5, 96.569, 134.00900000000001, 93.104, 82.544, 146.72899999999998, 131.00900000000001, 98.9, 95.921, 104.596, 134.51600000000002, 106.864, 96.896, 108.809, 125.696, 88.225, 129.536, 83.456, 116.225, 124.289, 122.9, 82.996, 144.529, 148.4, 91.316, 94.025, 90.164, 148.961, 110.804, 134.00900000000001, 103.124, 141.289, 134.00900000000001, 80.816, 93.71600000000001, 111.616, 80.816, 98.9, 81.025, 85.129, 99.584, 159.401, 99.241, 147.841, 118.84100000000001, 80.404, 123.361, 81.025, 101.684, 152.369, 138.644, 90.449, 84.161, 81.449, 87.689, 124.289, 100.625, 108.809, 138.121, 133.50400000000002, 131.50400000000002, 94.336, 141.824, 102.4, 137.08100000000002, 93.409, 129.049, 83.456, 82.1, 130.51600000000002, 106.481, 134.00900000000001, 114.1, 155.849, 83.68900000000001, 106.1, 157.616, 89.881, 88.225, 104.596, 86.641, 104.225, 104.596, 106.481, 100.276, 123.824, 135.025, 93.71600000000001, 90.736, 159.401, 120.176, 127.12100000000001, 87.689, 104.596, 117.524, 117.089, 100.276, 123.824, 151.796, 133.001, 138.644, 82.1, 149.524, 86.129, 108.416, 107.636, 136.56400000000002, 83.456, 158.804, 110.0, 85.876, 116.656, 139.16899999999998, 87.956, 108.809, 86.641, 116.656, 123.361, 96.896, 99.929, 140.756, 87.161, 115.369, 134.51600000000002, 81.881, 121.98400000000001, 144.529, 141.289], "p": [175, 163, 88, 35, 139, 24, 82, 34, 148, 163, 78, 125, 31, 49, 199, 174, 124, 178, 47, 20, 104, 91, 68, 82, 136, 106, 160, 141, 145, 98, 150, 134, 101, 56, 23, 61, 174, 124, 130, 142, 88, 71, 120, 62, 175, 144, 102, 173, 18, 130, 75, 151, 71, 104, 20, 166, 114, 15, 175, 63, 163, 50, 75, 170, 166, 88, 89, 150, 38, 9, 117, 135, 150, 63, 153, 52, 12, 177, 147, 70, 61, 86, 154, 92, 64, 97, 136, 35, 144, 16, 115, 133, 130, 14, 173, 180, 46, 55, 42, 181, 102, 153, 82, 167, 153, 4, 54, 104, 4, 70, 5, 23, 72, 199, 71, 179, 121, 2, 131, 5, 78, 187, 162, 43, 19, 7, 33, 133, 75, 97, 161, 152, 148, 56, 168, 80, 159, 53, 143, 16, 10, 146, 91, 153, 110, 193, 17, 90, 196, 41, 35, 86, 29, 85, 86, 91, 74, 132, 155, 54, 44, 199, 124, 139, 33, 86, 118, 117, 74, 132, 186, 151, 162, 10, 182, 27, 96, 94, 158, 16, 198, 100, 26, 116, 163, 34, 97, 29, 116, 131, 64, 73, 166, 31, 113, 154, 9, 128, 173, 167], "q": [84.7563683466242, 53.57550914415469, 77.60870512456133, 21.691051844108582, 104.24999999999997, 7.888418524292716, 72.31720250243215, 0, 71.67967151600216, 101.01832715970569, 37.7771241773525, 41.085513147357894, 19.212074490496175, 36.74999999999999, 96.38009886273265, 0, 109.35772085733642, 58.50577072183764, 41.450103873345256, 12.394886768062047, 50.36949890313666, 0, 0, 0, 44.701038304325394, 0, 0, 0, 127.87798003478855, 73.49999999999999, 72.64831572567788, 0, 75.74999999999999, 18.406309890016338, 7.559734419113853, 0, 0, 0, 0, 0, 65.99999999999999, 34.38686944348753, 89.99999999999997, 54.67886042866821, 108.45525922054291, 47.33051114575629, 0, 129.74999999999997, 13.499999999999996, 97.49999999999997, 56.249999999999986, 0, 23.336571467699283, 91.71937878357248, 0, 146.39823921224067, 100.53854982045443, 9.296165076046536, 0, 0, 78.94450308856996, 30.98721692015512, 24.65130788841474, 55.87629788040673, 124.49999999999997, 77.60870512456133, 66.74999999999999, 72.64831572567788, 12.4899959967968, 0, 72.51008759316298, 0, 132.28756555322954, 30.51229260478471, 0, 38.999999999999986, 10.583005244258363, 156.09932735281086, 110.24999999999996, 43.382103688217164, 37.80440464258925, 53.2980131026668, 115.49999999999997, 81.1363735393141, 39.66363765779855, 60.115200825100935, 0, 26.249999999999993, 107.99999999999997, 14.11067365901115, 37.79867209556926, 99.74999999999997, 114.6492234794656, 12.346839451634757, 56.86235019594332, 0, 22.278816822541216, 34.08593861217064, 26.0292622129303, 112.17372525096152, 76.49999999999999, 74.10128204019144, 72.31720250243215, 80.88179150792136, 0, 1.3147364207154526, 33.46619427376753, 91.71937878357248, 1.3147364207154526, 61.734197258173786, 0, 7.559734419113853, 34.87119154832538, 175.5015036339512, 53.24999999999998, 86.6936567659756, 106.71196954627182, 0.9686442096757051, 115.53114058315379, 4.409585518440984, 0, 90.56823360467843, 121.49999999999996, 20.82585050802766, 16.75642497007574, 4.338210368821717, 15.982629459649134, 0, 56.249999999999986, 72.74999999999999, 77.97585887889426, 134.05139976060593, 91.72216208365916, 34.70568295057374, 104.1170488517212, 49.57954707224819, 98.53934980609328, 17.420257574479745, 126.11414582741214, 9.915909414449638, 7.499999999999997, 90.48267340685295, 44.073311540244575, 134.93331686429414, 0, 63.43603229952059, 0, 55.776990456279215, 94.92713254821909, 0, 30.867098629086893, 75.84487091718493, 14.045341040297723, 74.96295381349674, 64.49999999999999, 56.39673479468232, 45.86108104182958, 116.41305768684198, 50.94603630272379, 26.153393661244035, 27.268750889736506, 149.24999999999997, 60.05594099989371, 45.687090619861976, 15.982629459649134, 53.2980131026668, 38.78472441110585, 0, 65.26186567292658, 0, 0, 93.58139509886846, 121.49999999999996, 7.499999999999997, 59.82050714255309, 23.811761799581316, 59.49545648669783, 30.896305886813135, 51.93208861826037, 5.25894568286181, 174.61958653026298, 88.1917103688197, 16.113352798480662, 0, 78.94450308856996, 0, 46.97924416927169, 0, 56.18136416119089, 0, 47.999999999999986, 23.993939678057007, 80.39746940308352, 27.339430214334104, 99.65663271676625, 0, 5.577699045627922, 79.3272753155971, 0, 125.24999999999996], "B": 6907.633305152315}, "solution": [0.0, 0.0, 0.0, 0.0, 1.0, 0.0, 0.0, 0.0, 0.0, 1.0, 0.0, 0.0, 0.0, 0.0, 0.0, 0.0, 1.0, 0.0, 0.0, 0.0, 0.0, 0.0, 0.0, 0.0, 0.0, 0.0, 0.0, 0.0, 1.0, 0.0, 0.0, 0.0, 0.0, 0.0, 0.0, 0.0, 0.0, 0.0, 0.0, 0.0, 0.0, 0.0, 0.0, 0.0, 1.0, 0.0, 0.0, 1.0, 0.0, 0.0, 0.0, 0.0, 0.0, 0.0, 0.0, 1.0, 1.0, 0.0, 0.0, 0.0, 0.0, 0.0, 0.0, 0.0, 1.0, 0.0, 0.0, 0.0, 0.0, 0.0, 0.0, 0.0, 1.0, 0.0, 0.0, 0.0, 0.0, 1.0, 1.0, 0.0, 0.0, 0.0, 1.0, 0.0, 0.0, 0.0, 0.0, 0.0, 1.0, 0.0, 0.0, 1.0, 1.0, 0.0, 0.0, 0.0, 0.0, 0.0, 0.0, 1.0, 0.0, 0.0, 0.0, 0.0, 0.0, 0.0, 0.0, 0.0, 0.0, 0.0, 0.0, 0.0, 0.0, 1.0, 0.0, 1.0, 1.0, 0.0, 1.0, 0.0, 0.0, 1.0, 1.0, 0.0, 0.0, 0.0, 0.0, 0.0, 0.0, 0.0, 0.0, 1.0, 0.0, 0.0, 1.0, 0.0, 1.0, 0.0, 1.0, 0.0, 0.0, 0.0, 0.0, 1.0, 0.0, 0.0, 0.0, 0.0, 1.0, 0.0, 0.0, 0.0, 0.0, 0.0, 0.0, 0.0, 0.0, 1.0, 0.0, 0.0, 0.0, 1.0, 0.0, 0.0, 0.0, 0.0, 0.0, 0.0, 0.0, 0.0, 0.0, 0.0, 1.0, 0.0, 0.0, 0.0, 0.0, 0.0, 0.0, 0.0, 1.0, 0.0, 0.0, 0.0, 0.0, 0.0, 0.0, 0.0, 0.0, 0.0, 0.0, 0.0, 0.0, 0.0, 1.0, 0.0, 0.0, 0.0, 0.0, 1.0], "objective_value": 4785.263999999999, "solve_time": 29.85821771621704}