{"instance": {"c": [94.336, 121.98400000000001, 108.809, 97.225, 82.769, 157.025, 83.924, 140.225, 119.729, 81.449, 93.71600000000001, 129.536, 113.26400000000001, 98.9, 135.536, 130.51600000000002, 103.489, 117.524, 81.881, 98.9, 142.9, 155.264, 85.625, 131.00900000000001, 84.161, 105.344, 155.849, 80.404, 87.956, 81.025, 127.6, 117.089, 86.9, 140.225, 147.284, 96.569, 91.025, 84.4, 118.4, 151.225, 138.644, 98.9, 98.224, 83.456, 145.625, 117.961, 110.0, 146.176, 115.79599999999999, 96.569, 138.121, 125.696, 84.161, 121.076, 94.964, 90.449, 81.881, 108.809, 92.201, 86.641, 122.9, 82.1, 127.12100000000001, 103.124, 135.025, 112.436, 143.441, 150.656, 130.51600000000002, 97.889, 97.225, 134.51600000000002, 81.664, 84.641, 120.176, 81.664, 131.00900000000001, 81.449, 135.536, 147.841, 86.9, 83.456, 83.456, 135.025, 118.84100000000001, 127.6, 123.361, 90.164, 123.824, 110.804, 158.804, 89.044, 111.616, 129.049, 115.79599999999999, 81.449, 141.289, 151.796, 105.344, 95.281, 125.696, 134.00900000000001, 101.684, 94.336, 113.26400000000001, 139.16899999999998, 158.209, 130.51600000000002, 114.1, 160.0, 150.089, 83.68900000000001, 124.289, 112.849, 89.881, 110.804, 82.321, 102.041, 80.609, 107.636, 93.409, 140.756, 148.961, 102.041, 126.16900000000001, 103.489, 94.336, 80.404, 94.025, 80.201, 122.9, 96.896, 120.176, 92.5, 139.16899999999998, 83.68900000000001, 154.1, 82.1, 80.816, 150.089, 129.049, 112.436, 136.049, 135.536, 104.969, 98.9, 89.044, 90.736, 91.316, 155.849, 147.284, 121.529, 84.884, 126.644, 123.361, 81.449, 83.456, 116.656, 148.4, 140.225, 89.044, 111.209, 95.281, 85.129, 149.524, 128.08100000000002, 84.161, 81.881, 146.72899999999998, 80.201, 150.656, 142.361, 82.544, 81.881, 139.16899999999998, 88.769, 122.441, 89.881, 144.529, 98.224, 92.801, 112.436, 113.681, 134.00900000000001, 99.241, 81.236, 93.409, 148.4, 128.08100000000002, 87.956, 147.841, 118.84100000000001, 109.20400000000001, 122.441, 89.044, 121.98400000000001, 87.956, 86.641, 108.025, 110.0], "p": [56, 128, 97, 65, 13, 195, 18, 165, 123, 7, 54, 144, 108, 70, 156, 146, 83, 118, 9, 70, 170, 192, 25, 147, 19, 88, 193, 2, 34, 5, 140, 117, 30, 165, 178, 63, 45, 20, 120, 185, 162, 70, 68, 16, 175, 119, 100, 176, 114, 63, 161, 136, 19, 126, 58, 43, 9, 97, 49, 29, 130, 10, 139, 82, 155, 106, 171, 184, 146, 67, 65, 154, 8, 21, 124, 8, 147, 7, 156, 179, 30, 16, 16, 155, 121, 140, 131, 42, 132, 102, 198, 38, 104, 143, 114, 7, 167, 186, 88, 59, 136, 153, 78, 56, 108, 163, 197, 146, 110, 200, 183, 17, 133, 107, 41, 102, 11, 79, 3, 94, 53, 166, 181, 79, 137, 83, 56, 2, 55, 1, 130, 64, 124, 50, 163, 17, 190, 10, 4, 183, 143, 106, 157, 156, 87, 70, 38, 44, 46, 193, 178, 127, 22, 138, 131, 7, 16, 116, 180, 165, 38, 103, 59, 23, 182, 141, 19, 9, 177, 1, 184, 169, 12, 9, 163, 37, 129, 41, 173, 68, 51, 106, 109, 153, 71, 6, 53, 180, 141, 34, 179, 121, 98, 129, 38, 128, 34, 29, 95, 100], "q": [18.406309890016338, 95.99999999999997, 72.74999999999999, 57.3246117397328, 11.46492234794656, 146.24999999999994, 15.874507866387544, 79.91314729824566, 0, 2.3007887362520423, 47.62352359916263, 107.99999999999997, 80.99999999999997, 33.902547338649676, 0, 70.71102730632647, 27.28078072984564, 38.78472441110585, 7.937253933193772, 43.382103688217164, 149.92590762699348, 143.99999999999997, 18.749999999999993, 48.31656346129288, 9.202119991919199, 77.60870512456133, 144.74999999999994, 0, 25.499999999999993, 4.409585518440984, 104.99999999999997, 56.66568626602874, 9.860523155365893, 145.5163221085525, 86.20933466113775, 30.51229260478471, 33.749999999999986, 17.638342073763937, 39.44209262146357, 163.15466418231642, 53.24682503897583, 61.734197258173786, 0, 14.11067365901115, 131.24999999999994, 39.113408516284714, 61.97443384031024, 131.99999999999997, 55.21271995151518, 0, 99.77883848289949, 84.28523002282192, 6.2449979983984, 94.49999999999997, 51.15119201391542, 32.24999999999999, 5.577699045627922, 0, 0, 17.97258581368997, 42.72893367325221, 7.499999999999997, 86.14446303803123, 50.81903574905439, 75.06992624986714, 93.48321299094887, 56.2049819855856, 0, 90.48267340685295, 41.52287067300786, 48.749999999999986, 50.617352197544925, 0, 18.520259177452136, 109.35772085733642, 2.629472841430905, 71.19534941116432, 5.249999999999999, 116.99999999999997, 86.6936567659756, 9.860523155365893, 5.25894568286181, 14.11067365901115, 116.24999999999997, 0, 46.01577472504084, 43.05761777843107, 0, 0, 63.21392251711645, 174.61958653026298, 28.49999999999999, 64.45341119392265, 69.25806099181291, 70.65085457795368, 4.338210368821717, 147.28015631592888, 90.08391149984057, 77.60870512456133, 19.392362205552924, 101.99999999999997, 50.28866809236606, 37.7771241773525, 27.12203787091974, 66.93238854753506, 122.24999999999997, 95.41145465305694, 47.987879356114014, 68.17187722434127, 0, 60.149191247731956, 8.233475782243493, 64.41483994343439, 80.24999999999999, 0, 76.49999999999999, 0, 25.966044309130186, 2.2499999999999996, 70.49999999999997, 25.669071556406184, 146.39823921224067, 87.6623009756513, 48.95980273384509, 84.90497436122503, 0, 34.70568295057374, 0, 26.637715766081886, 0, 0, 56.4426946360446, 109.35772085733642, 37.499999999999986, 101.01832715970569, 10.53565375285274, 0, 7.499999999999997, 3.5276684147527875, 60.149191247731956, 107.24999999999997, 0, 138.46098527904692, 0, 76.72678802087313, 61.734197258173786, 33.51284994015148, 21.31017261286551, 40.56818676965705, 0, 86.20933466113775, 95.24999999999999, 13.634375444868253, 0, 63.44619573375868, 0, 11.999999999999996, 86.99999999999997, 0, 102.2578158365119, 0, 49.885176798298815, 44.249999999999986, 7.559734419113853, 88.14662308048915, 124.35031162003577, 11.775142429658946, 6.749999999999998, 0, 0.8819171036881969, 60.47787535291082, 55.54761377522787, 5.8118652580542305, 7.937253933193772, 143.7524879011761, 27.749999999999993, 62.477551524082976, 30.749999999999993, 129.74999999999997, 59.970363050797395, 31.606961258558226, 0, 52.79110942732593, 50.28866809236606, 23.336571467699283, 2.9059326290271152, 25.669071556406184, 111.55398091255843, 46.3444588302197, 11.175259576081348, 134.24999999999997, 74.98906494677539, 60.73494516350404, 42.40024956807334, 28.49999999999999, 61.993229419245125, 0, 17.97258581368997, 46.010599959595986, 32.86841051788631], "B": 8669.187193637299}, "solution": [0.0, 1.0, 0.0, 0.0, 0.0, 1.0, 0.0, 1.0, 0.0, 0.0, 0.0, 1.0, 0.0, 0.0, 0.0, 0.0, 0.0, 0.0, 0.0, 0.0, 1.0, 1.0, 0.0, 0.0, 0.0, 0.0, 1.0, 0.0, 0.0, 0.0, 1.0, 0.0, 0.0, 1.0, 1.0, 0.0, 0.0, 0.0, 0.0, 1.0, 0.0, 0.0, 0.0, 0.0, 1.0, 0.0, 0.0, 1.0, 0.0, 0.0, 1.0, 1.0, 0.0, 1.0, 0.0, 0.0, 0.0, 0.0, 0.0, 0.0, 0.0, 0.0, 0.0, 0.0, 1.0, 1.0, 0.0, 0.0, 1.0, 0.0, 0.0, 0.0, 0.0, 0.0, 1.0, 0.0, 0.0, 0.0, 1.0, 0.0, 0.0, 0.0, 0.0, 1.0, 0.0, 0.0, 0.0, 0.0, 0.0, 0.0, 1.0, 0.0, 0.0, 0.0, 0.0, 0.0, 1.0, 1.0, 0.0, 0.0, 1.0, 0.0, 0.0, 0.0, 0.0, 1.0, 1.0, 0.0, 0.0, 0.0, 0.0, 0.0, 0.0, 0.0, 0.0, 0.0, 0.0, 0.0, 0.0, 0.0, 0.0, 1.0, 1.0, 0.0, 0.0, 0.0, 0.0, 0.0, 0.0, 0.0, 0.0, 0.0, 1.0, 0.0, 1.0, 0.0, 0.0, 0.0, 0.0, 0.0, 1.0, 0.0, 1.0, 0.0, 0.0, 0.0, 0.0, 0.0, 0.0, 0.0, 1.0, 1.0, 0.0, 0.0, 0.0, 0.0, 0.0, 1.0, 0.0, 1.0, 0.0, 0.0, 0.0, 0.0, 1.0, 1.0, 0.0, 0.0, 0.0, 0.0, 0.0, 0.0, 0.0, 0.0, 1.0, 0.0, 0.0, 0.0, 1.0, 0.0, 0.0, 0.0, 0.0, 0.0, 0.0, 0.0, 0.0, 1.0, 0.0, 0.0, 1.0, 0.0, 0.0, 0.0, 0.0, 0.0, 0.0, 0.0, 0.0, 0.0], "objective_value": 6086.886, "solve_time": 52.72024464607239}