{"instance": {"c": [106.1, 126.644, 143.98399999999998, 107.249, 97.225, 134.51600000000002, 140.756, 81.881, 95.6, 148.961, 127.12100000000001, 135.536, 128.08100000000002, 97.889, 108.809, 125.225, 91.316, 130.025, 115.369, 103.856, 157.616, 159.401, 99.929, 96.569, 98.224, 94.336, 145.625, 82.544, 114.521, 92.801, 98.9, 110.804, 128.56400000000002, 153.52100000000002, 154.681, 87.424, 98.224, 160.0, 86.129, 97.225, 89.321, 147.284, 84.4, 147.841, 84.641, 121.076, 89.881, 89.881, 92.5, 94.964, 110.804, 150.656, 93.71600000000001, 89.6, 109.20400000000001, 95.281, 82.769, 154.681, 137.6, 90.164, 81.025, 111.209, 89.6, 131.50400000000002, 157.616, 143.441, 102.041, 146.72899999999998, 134.00900000000001, 108.809, 82.1, 107.249, 131.50400000000002, 102.041, 85.129, 124.756, 80.201, 148.4, 154.681, 89.6, 123.824, 130.51600000000002, 153.52100000000002, 107.249, 136.56400000000002, 109.601, 92.201, 98.224, 126.644, 114.1, 102.041, 82.1, 148.961, 81.664, 142.361, 83.225, 91.025, 154.681, 97.889, 89.321, 135.025, 139.16899999999998, 103.489, 140.756, 137.08100000000002, 95.281, 137.6, 124.756, 85.376, 137.08100000000002, 153.52100000000002, 126.16900000000001, 104.225, 157.616, 107.249, 88.496, 82.544, 86.9, 85.129, 135.025, 101.684, 117.524, 86.384, 84.4, 104.225, 122.9, 98.561, 120.176, 86.384, 92.5, 84.4, 96.569, 87.956, 122.441, 140.756, 143.98399999999998, 83.68900000000001, 99.929, 122.9, 82.996, 85.129, 93.104, 154.1, 151.225, 106.864, 114.521, 138.121, 118.4, 121.98400000000001, 132.5, 83.225, 148.4, 102.4, 114.521, 91.609, 112.436, 112.025, 143.441, 84.161, 131.50400000000002, 95.281, 144.529, 83.68900000000001, 83.456, 154.681, 85.129, 132.001, 86.384, 130.51600000000002, 155.849, 104.596, 152.369, 144.529, 115.79599999999999, 80.609, 89.044, 133.001, 127.12100000000001, 108.416, 149.524, 159.401, 93.409, 150.656, 98.224, 92.201, 157.616, 128.56400000000002, 93.409, 98.9, 112.025, 93.71600000000001, 81.664, 80.816, 116.225, 127.12100000000001, 89.6, 103.489, 91.609, 138.644, 107.636], "p": [90, 138, 172, 93, 65, 154, 166, 9, 60, 181, 139, 156, 141, 67, 97, 135, 46, 145, 113, 84, 196, 199, 73, 63, 68, 56, 175, 12, 111, 51, 70, 102, 142, 189, 191, 32, 68, 200, 27, 65, 39, 178, 20, 179, 21, 126, 41, 41, 50, 58, 102, 184, 54, 40, 98, 59, 13, 191, 160, 42, 5, 103, 40, 148, 196, 171, 79, 177, 153, 97, 10, 93, 148, 79, 23, 134, 1, 180, 191, 40, 132, 146, 189, 93, 158, 99, 49, 68, 138, 110, 79, 10, 181, 8, 169, 15, 45, 191, 67, 39, 155, 163, 83, 166, 159, 59, 160, 134, 24, 159, 189, 137, 85, 196, 93, 36, 12, 30, 23, 155, 78, 118, 28, 20, 85, 130, 69, 124, 28, 50, 20, 63, 34, 129, 166, 172, 17, 73, 130, 14, 23, 52, 190, 185, 92, 111, 161, 120, 128, 150, 15, 180, 80, 111, 47, 106, 105, 171, 19, 148, 59, 173, 17, 16, 191, 23, 149, 28, 146, 193, 86, 187, 173, 114, 3, 38, 151, 139, 96, 182, 199, 53, 184, 68, 49, 196, 142, 53, 70, 105, 54, 8, 4, 115, 139, 40, 83, 47, 162, 94], "q": [0, 85.52471869962812, 128.99999999999997, 69.74999999999999, 40.283381996201655, 95.44062811407777, 102.87756017491499, 7.937253933193772, 37.184660304186146, 159.62699576756364, 122.58647741265936, 75.554248354705, 105.74999999999997, 50.249999999999986, 72.74999999999999, 65.38348415311009, 28.50823956654271, 70.22670520148861, 70.03111023955057, 27.609464835024504, 64.42208461505717, 0, 23.993939678057007, 20.70709862626838, 59.970363050797395, 34.70568295057374, 84.7563683466242, 3.944209262146358, 83.24999999999997, 38.24999999999999, 0, 76.49999999999999, 106.49999999999996, 91.53687781435413, 118.37116863499256, 10.51789136572362, 59.970363050797395, 123.94886768062048, 20.249999999999993, 40.283381996201655, 0, 0, 0, 0, 6.902366208756126, 41.41419725253676, 13.47604831233339, 13.47604831233339, 24.216105241892627, 28.090682080595446, 33.52577872824404, 114.03295826617084, 26.153393661244035, 35.276684147527874, 47.463566274109546, 28.575004185433297, 8.056676399240331, 168.4461668044456, 0, 0, 0, 90.83746167988427, 0, 130.52373134585315, 172.8557523228866, 128.24999999999997, 48.95980273384509, 109.69474789734912, 50.28866809236606, 60.115200825100935, 4.843221048378526, 30.567621781634273, 0, 0, 0, 83.04574134601572, 0.7499999999999998, 0, 62.77866408916286, 24.789773536124095, 0, 70.71102730632647, 117.13167995818634, 0, 118.49999999999997, 47.947888378947404, 36.74999999999999, 50.999999999999986, 66.83645046762365, 97.01088140570165, 69.67145119136755, 4.843221048378526, 87.6623009756513, 2.629472841430905, 149.04399052330527, 11.249999999999996, 21.794494717703365, 62.77866408916286, 32.449581024136116, 29.249999999999993, 96.06037245248086, 101.01832715970569, 27.28078072984564, 80.39746940308352, 52.26077272343924, 36.564915965783044, 141.1067365901115, 64.89916204827223, 11.623730516108461, 140.2248194864233, 91.53687781435413, 120.82264320528297, 0, 94.92713254821909, 30.567621781634273, 22.310796182511687, 5.8118652580542305, 26.457513110645905, 17.249999999999996, 50.94603630272379, 37.7771241773525, 38.78472441110585, 0, 9.686442096757052, 52.6782687642637, 62.96187362892083, 22.67920325734156, 109.35772085733642, 17.35284147528687, 30.98721692015512, 6.573682103577263, 0, 25.499999999999993, 42.40024956807334, 146.39823921224067, 106.5960262053336, 10.53565375285274, 35.355513653163236, 114.6492234794656, 4.6015774725040846, 17.249999999999996, 0, 62.449979983983994, 0, 57.01647913308542, 83.24999999999997, 77.97585887889426, 0, 61.993229419245125, 92.96165076046536, 7.264831572567787, 0, 49.57954707224819, 53.75975363700163, 0, 79.49999999999999, 50.85382100797452, 150.8078247306817, 16.75642497007574, 0, 44.249999999999986, 0, 0, 0, 143.24999999999997, 7.559734419113853, 131.40564844954133, 17.35284147528687, 128.75989713847676, 63.43603229952059, 0, 140.24999999999997, 129.74999999999997, 85.49999999999999, 0.9860523155365895, 33.51284994015148, 133.16948265691772, 104.24999999999997, 71.99999999999999, 59.82050714255309, 96.38009886273265, 25.669071556406184, 89.11526729016487, 50.999999999999986, 43.21393808072165, 64.42208461505717, 68.77373888697505, 46.741606495474436, 23.00788736252042, 0, 47.62352359916263, 4.957954707224819, 0, 101.42046692414264, 67.32077257246151, 13.147364207154526, 0, 41.450103873345256, 78.4601809837321, 82.90020774669051], "B": 10142.02830103261}, "solution": [0.0, 1.0, 1.0, 0.0, 0.0, 1.0, 1.0, 0.0, 0.0, 1.0, 1.0, 0.0, 1.0, 0.0, 0.0, 0.0, 0.0, 1.0, 0.0, 0.0, 0.0, 0.0, 0.0, 0.0, 0.0, 0.0, 1.0, 0.0, 0.0, 0.0, 0.0, 0.0, 1.0, 1.0, 1.0, 0.0, 0.0, 1.0, 0.0, 0.0, 0.0, 0.0, 0.0, 0.0, 0.0, 0.0, 0.0, 0.0, 0.0, 0.0, 0.0, 1.0, 0.0, 0.0, 0.0, 0.0, 0.0, 1.0, 0.0, 0.0, 0.0, 1.0, 0.0, 1.0, 1.0, 1.0, 0.0, 1.0, 0.0, 0.0, 0.0, 0.0, 0.0, 0.0, 0.0, 0.0, 0.0, 0.0, 0.0, 0.0, 0.0, 0.0, 1.0, 0.0, 1.0, 0.0, 0.0, 0.0, 0.0, 1.0, 0.0, 0.0, 1.0, 0.0, 1.0, 0.0, 0.0, 0.0, 0.0, 0.0, 1.0, 1.0, 0.0, 1.0, 0.0, 0.0, 1.0, 0.0, 0.0, 1.0, 1.0, 1.0, 0.0, 1.0, 0.0, 0.0, 0.0, 0.0, 0.0, 0.0, 0.0, 0.0, 0.0, 0.0, 0.0, 0.0, 0.0, 1.0, 0.0, 0.0, 0.0, 0.0, 0.0, 0.0, 1.0, 1.0, 0.0, 0.0, 1.0, 0.0, 0.0, 0.0, 0.0, 0.0, 0.0, 0.0, 1.0, 0.0, 0.0, 1.0, 0.0, 0.0, 0.0, 0.0, 0.0, 0.0, 0.0, 1.0, 0.0, 0.0, 0.0, 0.0, 0.0, 0.0, 1.0, 0.0, 1.0, 0.0, 1.0, 0.0, 0.0, 1.0, 1.0, 0.0, 0.0, 0.0, 1.0, 1.0, 0.0, 0.0, 1.0, 0.0, 1.0, 0.0, 0.0, 0.0, 0.0, 0.0, 0.0, 0.0, 0.0, 0.0, 0.0, 1.0, 0.0, 0.0, 0.0, 0.0, 1.0, 0.0], "objective_value": 7121.780999999999, "solve_time": 16.79050064086914}