{"instance": {"c": [103.856, 83.456, 91.316, 96.896, 80.609, 90.164, 128.56400000000002, 89.321, 127.12100000000001, 83.68900000000001, 147.284, 123.361, 142.9, 84.641, 147.841, 86.384, 80.404, 82.544, 102.4, 97.556, 151.796, 112.436, 119.729, 104.225, 88.496, 82.769, 90.164, 103.124, 97.556, 126.16900000000001, 149.524, 129.049, 88.225, 147.284, 100.976, 88.225, 102.4, 123.361, 84.884, 87.424, 155.849, 159.401, 135.536, 136.56400000000002, 113.681, 81.664, 127.12100000000001, 92.801, 96.896, 119.284, 133.50400000000002, 127.12100000000001, 142.9, 103.856, 125.225, 102.041, 113.26400000000001, 87.956, 91.316, 142.9, 110.0, 126.644, 83.456, 110.0, 93.409, 82.996, 105.344, 104.596, 91.609, 100.625, 84.641, 124.756, 90.164, 126.644, 104.596, 135.536, 145.625, 100.976, 124.289, 111.209, 128.56400000000002, 122.441, 154.1, 114.944, 86.9, 80.404, 152.94400000000002, 98.561, 83.456, 84.161, 155.264, 141.824, 148.961, 103.856, 84.641, 91.025, 85.376, 141.824, 114.944, 110.0, 93.104, 120.176, 81.236, 136.049, 83.225, 153.52100000000002, 104.225, 81.664, 102.4, 107.249, 114.1, 90.164, 110.40100000000001, 122.9, 94.336, 119.284, 145.625, 87.956, 127.6, 82.769, 84.884, 125.696, 157.025, 86.641, 116.225, 121.98400000000001, 89.6, 140.756, 108.809, 121.076, 90.449, 81.881, 111.616, 112.849, 81.236, 113.681, 86.9, 119.284, 80.404, 126.16900000000001, 141.289, 80.609, 114.944, 90.449, 99.584, 130.025, 111.616, 151.225, 160.0, 148.961, 88.225, 92.5, 123.361, 100.276, 89.6, 83.225, 81.664, 95.281, 153.52100000000002, 147.284, 99.241, 113.26400000000001, 126.16900000000001, 82.769, 124.756, 84.641, 98.561, 88.496, 86.9, 152.94400000000002, 112.849, 89.6, 106.1, 80.201, 128.08100000000002, 154.1, 85.129, 106.864, 139.16899999999998, 119.284, 97.225, 103.489, 139.696, 88.769, 88.225, 82.321, 149.524, 109.601, 131.00900000000001, 119.284, 112.849, 84.641, 83.924, 148.961, 97.889, 92.5, 110.40100000000001, 121.529, 91.904, 133.50400000000002], "p": [84, 16, 46, 64, 3, 42, 142, 39, 139, 17, 178, 131, 170, 21, 179, 28, 2, 12, 80, 66, 186, 106, 123, 85, 36, 13, 42, 82, 66, 137, 182, 143, 35, 178, 76, 35, 80, 131, 22, 32, 193, 199, 156, 158, 109, 8, 139, 51, 64, 122, 152, 139, 170, 84, 135, 79, 108, 34, 46, 170, 100, 138, 16, 100, 53, 14, 88, 86, 47, 75, 21, 134, 42, 138, 86, 156, 175, 76, 133, 103, 142, 129, 190, 112, 30, 2, 188, 69, 16, 19, 192, 168, 181, 84, 21, 45, 24, 168, 112, 100, 52, 124, 6, 157, 15, 189, 85, 8, 80, 93, 110, 42, 101, 130, 56, 122, 175, 34, 140, 13, 22, 136, 195, 29, 115, 128, 40, 166, 97, 126, 43, 9, 104, 107, 6, 109, 30, 122, 2, 137, 167, 3, 112, 43, 72, 145, 104, 185, 200, 181, 35, 50, 131, 74, 40, 15, 8, 59, 189, 178, 71, 108, 137, 13, 134, 21, 69, 36, 30, 188, 107, 40, 90, 1, 141, 190, 23, 92, 163, 122, 65, 83, 164, 37, 35, 11, 182, 99, 147, 122, 107, 21, 18, 181, 67, 50, 101, 127, 48, 152], "q": [52.0585244258606, 7.749153677405641, 34.49999999999999, 21.03578273144724, 0, 37.04051835490427, 106.49999999999996, 18.88856208867625, 0, 14.992590762699349, 86.20933466113775, 98.24999999999997, 0, 0, 110.93423657415532, 17.35284147528687, 0.9686442096757051, 0, 38.74576838702821, 58.20652884342099, 164.03658128600463, 51.33814311281237, 40.42814493700017, 27.938148940203366, 31.74901573277509, 6.296187362892082, 31.499999999999993, 72.31720250243215, 49.49999999999999, 84.90497436122503, 59.82050714255309, 126.11414582741214, 21.691051844108582, 110.31449223575223, 56.99999999999998, 21.691051844108582, 70.55336829505575, 98.24999999999997, 7.231050313934989, 15.498307354811281, 63.43603229952059, 175.5015036339512, 116.99999999999997, 51.93208861826037, 35.82656746449609, 5.999999999999998, 45.687090619861976, 31.606961258558226, 0, 0, 49.9599839871872, 104.24999999999997, 149.92590762699348, 0, 44.37235419914652, 59.249999999999986, 52.30678732248807, 25.499999999999993, 15.119468838227705, 105.3565375285274, 74.99999999999997, 85.52471869962812, 11.999999999999996, 88.1917103688197, 0, 12.346839451634757, 42.62034522573102, 53.2980131026668, 29.12798390494581, 0, 6.902366208756126, 100.49999999999997, 37.04051835490427, 45.35840651468312, 28.26683304538223, 0, 84.7563683466242, 56.99999999999998, 99.74999999999997, 0, 88.00369605324055, 42.40024956807334, 167.56424970075741, 83.99999999999999, 18.592330152093073, 1.7638342073763937, 91.05255570951627, 0, 7.749153677405641, 11.775142429658946, 63.107348194341725, 0, 159.62699576756364, 74.08103670980854, 15.749999999999996, 33.749999999999986, 21.166010488516726, 125.99999999999997, 0, 32.86841051788631, 45.85968939178624, 92.99999999999997, 0, 117.74999999999996, 13.228756555322953, 117.13167995818634, 63.74999999999998, 4.957954707224819, 49.57954707224819, 69.74999999999999, 97.01088140570165, 37.04051835490427, 62.59417817871335, 80.56676399240331, 49.38735780653903, 40.099460831821304, 131.24999999999994, 16.466951564486987, 0, 11.46492234794656, 10.655086306432755, 65.86780625794795, 0, 14.045341040297723, 0, 79.3272753155971, 0, 102.87756017491499, 60.115200825100935, 61.02458520956942, 26.6490065513334, 6.749999999999998, 77.99999999999997, 35.16919925413836, 2.9059326290271152, 96.12896430201346, 26.457513110645905, 75.6088092851785, 0.6573682103577263, 102.74999999999999, 125.24999999999996, 2.2499999999999996, 83.99999999999999, 0, 0, 108.74999999999997, 77.99999999999997, 89.59958939500271, 176.3834207376394, 135.74999999999997, 21.691051844108582, 24.216105241892627, 115.53114058315379, 55.499999999999986, 29.99999999999999, 11.249999999999996, 4.957954707224819, 44.249999999999986, 62.121295878805135, 156.98124445649904, 34.38686944348753, 0, 120.82264320528297, 8.056676399240331, 64.89916204827223, 18.520259177452136, 42.76235934981406, 0, 26.457513110645905, 61.79261177362627, 0, 0, 0, 0.7499999999999998, 87.38395171483744, 167.56424970075741, 14.254119783271355, 44.55763364508243, 0, 91.49999999999999, 40.283381996201655, 73.19911960612033, 0, 32.63093283646329, 16.951273669324838, 3.6155251569674944, 0, 61.35468950190714, 91.10241774525605, 59.087296790218005, 80.24999999999999, 15.749999999999996, 8.717797887081344, 59.49182303737423, 0, 44.09585518440985, 0, 112.003472168401, 23.247461032216922, 0], "B": 4933.087326539583}, "solution": [0.0, 0.0, 0.0, 0.0, 0.0, 0.0, 0.0, 0.0, 0.0, 0.0, 0.0, 0.0, 0.0, 0.0, 1.0, 0.0, 0.0, 0.0, 0.0, 0.0, 1.0, 0.0, 0.0, 0.0, 0.0, 0.0, 0.0, 0.0, 0.0, 0.0, 0.0, 1.0, 0.0, 1.0, 0.0, 0.0, 0.0, 0.0, 0.0, 0.0, 0.0, 1.0, 1.0, 0.0, 0.0, 0.0, 0.0, 0.0, 0.0, 0.0, 0.0, 1.0, 1.0, 0.0, 0.0, 0.0, 0.0, 0.0, 0.0, 1.0, 0.0, 0.0, 0.0, 0.0, 0.0, 0.0, 0.0, 0.0, 0.0, 0.0, 0.0, 0.0, 0.0, 0.0, 0.0, 0.0, 0.0, 0.0, 0.0, 0.0, 0.0, 0.0, 1.0, 0.0, 0.0, 0.0, 0.0, 0.0, 0.0, 0.0, 0.0, 0.0, 1.0, 0.0, 0.0, 0.0, 0.0, 1.0, 0.0, 0.0, 0.0, 0.0, 0.0, 1.0, 0.0, 0.0, 0.0, 0.0, 0.0, 0.0, 0.0, 0.0, 0.0, 0.0, 0.0, 0.0, 1.0, 0.0, 0.0, 0.0, 0.0, 0.0, 0.0, 0.0, 0.0, 0.0, 0.0, 0.0, 0.0, 0.0, 0.0, 0.0, 0.0, 0.0, 0.0, 0.0, 0.0, 0.0, 0.0, 1.0, 1.0, 0.0, 0.0, 0.0, 0.0, 1.0, 0.0, 0.0, 1.0, 1.0, 0.0, 0.0, 1.0, 0.0, 0.0, 0.0, 0.0, 0.0, 0.0, 1.0, 0.0, 0.0, 1.0, 0.0, 0.0, 0.0, 0.0, 0.0, 0.0, 0.0, 0.0, 0.0, 0.0, 0.0, 0.0, 1.0, 0.0, 0.0, 0.0, 0.0, 0.0, 0.0, 0.0, 0.0, 0.0, 0.0, 0.0, 0.0, 0.0, 0.0, 0.0, 0.0, 0.0, 0.0, 0.0, 0.0, 0.0, 0.0, 0.0, 0.0], "objective_value": 3267.745, "solve_time": 17.68454074859619}