{"instance": {"c": [127.6, 114.521, 147.841, 93.104, 106.864, 104.225, 85.625, 100.625, 92.801, 150.656, 103.856, 124.756, 84.884, 133.50400000000002, 159.401, 145.625, 90.449, 114.1, 84.641, 88.769, 81.449, 112.025, 108.025, 129.536, 86.9, 84.161, 80.404, 91.025, 82.996, 97.556, 121.529, 93.104, 135.025, 82.996, 103.124, 105.344, 159.401, 93.104, 143.98399999999998, 125.225, 90.164, 103.124, 90.736, 86.9, 94.336, 127.6, 115.79599999999999, 126.16900000000001, 121.529, 109.20400000000001, 107.249, 96.244, 115.369, 88.225, 135.025, 125.696, 150.089, 98.9, 111.209, 116.656, 134.00900000000001, 112.849, 80.201, 112.436, 102.761, 90.164, 126.16900000000001, 109.20400000000001, 111.209, 85.376, 107.249, 118.4, 91.609, 102.761, 88.225, 80.816, 88.769, 103.124, 100.625, 81.236, 96.569, 88.496, 127.12100000000001, 117.089, 144.529, 122.9, 113.681, 137.6, 80.609, 93.409, 84.884, 155.849, 125.696, 122.9, 122.9, 81.881, 83.68900000000001, 130.51600000000002, 86.384, 84.641, 120.176, 113.26400000000001, 118.4, 136.049, 120.176, 87.956, 131.50400000000002, 147.841, 125.696, 118.84100000000001, 160.0, 117.961, 133.50400000000002, 102.041, 116.225, 154.1, 111.616, 119.284, 80.404, 144.529, 117.524, 115.369, 92.201, 132.001, 114.521, 154.1, 118.84100000000001, 106.481, 100.625, 146.176, 128.08100000000002, 129.049, 105.344, 143.441, 84.4, 133.001, 114.521, 142.9, 88.225, 135.536, 102.4, 132.5, 84.641, 90.164, 91.609, 92.5, 95.921, 97.556, 81.449, 81.025, 146.176, 141.289, 140.756, 86.129, 143.98399999999998, 154.1, 106.481, 149.524, 93.104, 84.161, 128.08100000000002, 117.961, 157.025, 87.424, 85.876, 81.881, 102.041, 148.961, 96.244, 102.761, 141.289, 133.001, 82.769, 88.496, 94.964, 137.6, 100.976, 104.969, 151.225, 116.225, 121.076, 109.601, 105.344, 101.32900000000001, 98.561, 158.804, 148.961, 95.6, 134.51600000000002, 82.996, 122.441, 138.121, 115.79599999999999, 106.1, 139.696, 133.50400000000002, 106.1, 91.316, 122.9, 150.656], "p": [140, 111, 179, 52, 92, 85, 25, 75, 51, 184, 84, 134, 22, 152, 199, 175, 43, 110, 21, 37, 7, 105, 95, 144, 30, 19, 2, 45, 14, 66, 127, 52, 155, 14, 82, 88, 199, 52, 172, 135, 42, 82, 44, 30, 56, 140, 114, 137, 127, 98, 93, 62, 113, 35, 155, 136, 183, 70, 103, 116, 153, 107, 1, 106, 81, 42, 137, 98, 103, 24, 93, 120, 47, 81, 35, 4, 37, 82, 75, 6, 63, 36, 139, 117, 173, 130, 109, 160, 3, 53, 22, 193, 136, 130, 130, 9, 17, 146, 28, 21, 124, 108, 120, 157, 124, 34, 148, 179, 136, 121, 200, 119, 152, 79, 115, 190, 104, 122, 2, 173, 118, 113, 49, 149, 111, 190, 121, 91, 75, 176, 141, 143, 88, 171, 20, 151, 111, 170, 35, 156, 80, 150, 21, 42, 47, 50, 61, 66, 7, 5, 176, 167, 166, 27, 172, 190, 91, 182, 52, 19, 141, 119, 195, 32, 26, 9, 79, 181, 62, 81, 167, 151, 13, 36, 58, 160, 76, 87, 185, 115, 126, 99, 88, 77, 69, 198, 181, 60, 154, 14, 129, 161, 114, 90, 164, 152, 90, 46, 130, 184], "q": [104.99999999999997, 53.75975363700163, 110.93423657415532, 25.18474945156833, 30.23893767645541, 52.6782687642637, 22.047927592204925, 66.14378277661477, 0, 0, 52.0585244258606, 100.49999999999997, 13.634375444868253, 0, 65.40813693059377, 0, 20.82585050802766, 0, 15.749999999999996, 22.93054052091479, 5.249999999999999, 34.511831043780624, 58.875712148294724, 0, 22.499999999999993, 6.2449979983984, 1.4999999999999996, 27.888495228139607, 12.346839451634757, 0, 41.74288135771562, 38.999999999999986, 136.6971510716705, 4.6015774725040846, 61.499999999999986, 28.924201255739955, 175.5015036339512, 38.999999999999986, 106.5960262053336, 119.05880899790658, 0, 72.31720250243215, 0, 22.499999999999993, 49.38735780653903, 67.80509467729935, 100.53854982045443, 45.02972240950425, 61.50890731440727, 0, 69.74999999999999, 20.378414521089518, 84.74999999999997, 16.951273669324838, 75.06992624986714, 65.86780625794795, 0, 52.499999999999986, 49.885176798298815, 56.18136416119089, 74.10128204019144, 66.31264420913196, 0.7499999999999998, 93.48321299094887, 26.623412519487914, 20.341528403189805, 102.74999999999999, 32.21104230752859, 77.24999999999997, 0, 45.041955749920284, 74.36932060837229, 22.763138927379067, 26.623412519487914, 16.951273669324838, 1.9372884193514102, 32.63093283646329, 39.71441259670391, 66.14378277661477, 4.499999999999999, 0, 11.832627786439073, 67.32077257246151, 103.18430113151904, 56.86235019594332, 62.96187362892083, 96.12896430201346, 141.1067365901115, 2.2499999999999996, 46.741606495474436, 19.40217628114033, 0, 0, 80.56676399240331, 97.49999999999997, 2.958156946609768, 12.749999999999996, 109.49999999999997, 0, 10.170764201594903, 0, 95.24704719832526, 39.44209262146357, 51.603404513081514, 76.8482979619847, 0, 130.52373134585315, 110.93423657415532, 119.94072610159479, 39.770776726642445, 96.86442096757051, 0, 73.61695993535359, 48.95980273384509, 55.69704205635304, 117.75142429658945, 50.36949890313666, 75.6088092851785, 0, 0, 73.12983193156609, 54.72839784667734, 30.36747258175202, 111.74999999999997, 53.75975363700163, 142.49999999999994, 90.74999999999997, 0, 24.65130788841474, 131.99999999999997, 87.38395171483744, 47.00182704057743, 54.53750177947301, 105.9762818669305, 12.394886768062047, 73.13263783051572, 68.79162156274437, 105.3565375285274, 16.951273669324838, 137.5790681753587, 49.57954707224819, 112.49999999999997, 0, 13.804732417512252, 0, 16.434205258943155, 37.80440464258925, 31.965258919298268, 6.173419725817379, 0, 85.24069045146204, 80.88179150792136, 0, 0, 151.68974183436987, 62.449979983983994, 44.073311540244575, 59.82050714255309, 0, 9.202119991919199, 0, 104.94813533889544, 146.24999999999994, 19.831818828899276, 0, 6.749999999999998, 38.26144628219035, 0, 0, 60.74999999999998, 147.28015631592888, 113.24999999999997, 0, 22.310796182511687, 35.94517162737994, 77.49153677405641, 67.02569988030297, 76.72678802087313, 114.65270260457393, 86.24999999999997, 78.0877866387909, 0, 77.60870512456133, 57.749999999999986, 33.418225233811825, 148.49999999999994, 159.62699576756364, 19.721046310731786, 115.49999999999997, 10.499999999999998, 42.40024956807334, 99.77883848289949, 70.65085457795368, 43.58898943540673, 122.99999999999997, 73.61695993535359, 55.776990456279215, 0, 80.56676399240331, 162.2727470786282], "B": 6457.843593618279}, "solution": [1.0, 0.0, 1.0, 0.0, 0.0, 0.0, 0.0, 0.0, 0.0, 0.0, 0.0, 0.0, 0.0, 0.0, 0.0, 0.0, 0.0, 0.0, 0.0, 0.0, 0.0, 0.0, 0.0, 0.0, 0.0, 0.0, 0.0, 0.0, 0.0, 0.0, 0.0, 0.0, 1.0, 0.0, 0.0, 0.0, 1.0, 0.0, 1.0, 1.0, 0.0, 0.0, 0.0, 0.0, 0.0, 0.0, 0.0, 0.0, 0.0, 0.0, 0.0, 0.0, 0.0, 0.0, 0.0, 0.0, 0.0, 0.0, 0.0, 0.0, 0.0, 0.0, 0.0, 0.0, 0.0, 0.0, 1.0, 0.0, 0.0, 0.0, 0.0, 0.0, 0.0, 0.0, 0.0, 0.0, 0.0, 0.0, 0.0, 0.0, 0.0, 0.0, 0.0, 0.0, 0.0, 0.0, 0.0, 1.0, 0.0, 0.0, 0.0, 0.0, 0.0, 0.0, 0.0, 0.0, 0.0, 1.0, 0.0, 0.0, 0.0, 0.0, 0.0, 0.0, 0.0, 0.0, 1.0, 1.0, 1.0, 0.0, 0.0, 0.0, 0.0, 0.0, 0.0, 1.0, 0.0, 0.0, 0.0, 0.0, 0.0, 0.0, 0.0, 1.0, 0.0, 1.0, 0.0, 0.0, 0.0, 1.0, 0.0, 0.0, 0.0, 1.0, 0.0, 0.0, 0.0, 1.0, 0.0, 1.0, 0.0, 1.0, 0.0, 0.0, 0.0, 0.0, 0.0, 0.0, 0.0, 0.0, 0.0, 0.0, 0.0, 0.0, 1.0, 0.0, 0.0, 0.0, 0.0, 0.0, 0.0, 0.0, 1.0, 0.0, 0.0, 0.0, 0.0, 0.0, 0.0, 0.0, 1.0, 1.0, 0.0, 0.0, 0.0, 0.0, 0.0, 0.0, 1.0, 0.0, 0.0, 0.0, 0.0, 0.0, 0.0, 1.0, 1.0, 0.0, 1.0, 0.0, 0.0, 1.0, 0.0, 0.0, 1.0, 0.0, 0.0, 0.0, 0.0, 1.0], "objective_value": 4376.434, "solve_time": 14.136206865310669}