{"instance": {"c": [122.9, 122.9, 89.044, 91.609, 104.596, 82.321, 140.756, 119.284, 80.609, 81.236, 133.001, 101.32900000000001, 86.129, 104.596, 140.756, 135.025, 133.001, 91.904, 142.361, 112.849, 140.225, 84.884, 103.856, 143.98399999999998, 124.756, 86.641, 109.20400000000001, 135.536, 100.276, 142.361, 135.025, 102.041, 85.876, 82.769, 86.641, 82.1, 82.544, 111.209, 121.98400000000001, 110.804, 128.56400000000002, 117.089, 133.50400000000002, 81.881, 159.401, 84.4, 140.225, 134.51600000000002, 86.9, 106.481, 124.289, 119.284, 89.044, 121.076, 131.00900000000001, 82.996, 123.361, 127.12100000000001, 107.249, 125.225, 148.4, 88.496, 126.644, 125.225, 115.369, 149.524, 116.656, 108.025, 132.5, 94.336, 143.98399999999998, 129.049, 93.409, 84.161, 124.289, 89.6, 144.529, 122.9, 98.9, 123.361, 148.961, 123.824, 82.1, 80.609, 127.6, 153.52100000000002, 100.976, 80.816, 95.6, 92.201, 150.089, 82.321, 81.449, 157.616, 96.896, 81.236, 92.5, 83.225, 111.209, 97.225, 103.489, 80.201, 131.00900000000001, 82.544, 95.281, 142.361, 119.729, 148.4, 111.616, 121.529, 84.161, 86.641, 105.344, 99.584, 85.129, 84.884, 127.12100000000001, 99.929, 133.50400000000002, 124.756, 94.025, 97.556, 106.864, 126.644, 125.225, 85.876, 87.689, 149.524, 125.225, 155.264, 121.076, 105.721, 116.225, 104.969, 148.4, 120.625, 84.641, 150.656, 113.681, 154.681, 85.876, 80.201, 133.001, 138.644, 133.001, 104.225, 126.644, 132.001, 102.041, 130.025, 82.996, 136.049, 95.281, 82.321, 85.876, 103.489, 153.52100000000002, 95.6, 151.796, 101.32900000000001, 87.689, 149.524, 84.161, 155.849, 118.4, 127.12100000000001, 119.284, 146.176, 146.72899999999998, 99.929, 121.529, 128.56400000000002, 84.4, 102.041, 136.56400000000002, 148.961, 84.161, 97.889, 132.5, 143.441, 157.616, 108.416, 117.524, 143.441, 84.641, 93.71600000000001, 153.52100000000002, 83.225, 150.089, 93.409, 121.076, 141.289, 142.9, 98.9, 125.696, 158.209, 143.441, 115.79599999999999, 88.769, 117.524], "p": [130, 130, 38, 47, 86, 11, 166, 122, 3, 6, 151, 77, 27, 86, 166, 155, 151, 48, 169, 107, 165, 22, 84, 172, 134, 29, 98, 156, 74, 169, 155, 79, 26, 13, 29, 10, 12, 103, 128, 102, 142, 117, 152, 9, 199, 20, 165, 154, 30, 91, 133, 122, 38, 126, 147, 14, 131, 139, 93, 135, 180, 36, 138, 135, 113, 182, 116, 95, 150, 56, 172, 143, 53, 19, 133, 40, 173, 130, 70, 131, 181, 132, 10, 3, 140, 189, 76, 4, 60, 49, 183, 11, 7, 196, 64, 6, 50, 15, 103, 65, 83, 1, 147, 12, 59, 169, 123, 180, 104, 127, 19, 29, 88, 72, 23, 22, 139, 73, 152, 134, 55, 66, 92, 138, 135, 26, 33, 182, 135, 192, 126, 89, 115, 87, 180, 125, 21, 184, 109, 191, 26, 1, 151, 162, 151, 85, 138, 149, 79, 145, 14, 157, 59, 11, 26, 83, 189, 60, 186, 77, 33, 182, 19, 193, 120, 139, 122, 176, 177, 73, 127, 142, 20, 79, 158, 181, 19, 67, 150, 171, 196, 96, 118, 171, 21, 54, 189, 15, 183, 53, 126, 167, 170, 70, 136, 197, 171, 114, 37, 118], "q": [42.72893367325221, 114.6492234794656, 28.49999999999999, 0, 64.49999999999999, 9.701088140570166, 54.56156145969128, 75.6088092851785, 2.2499999999999996, 1.972104631073179, 73.13263783051572, 47.720314057038884, 23.811761799581316, 28.26683304538223, 80.39746940308352, 96.06037245248086, 73.13263783051572, 35.99999999999999, 81.85043571759708, 51.82246521765022, 123.74999999999996, 16.499999999999996, 52.0585244258606, 83.30340203211064, 0, 21.749999999999993, 47.463566274109546, 51.27472040790265, 24.322623783235873, 55.54761377522787, 136.6971510716705, 38.26144628219035, 16.113352798480662, 11.46492234794656, 0, 3.2868410517886315, 8.999999999999998, 90.83746167988427, 95.99999999999997, 76.49999999999999, 68.77373888697505, 72.51008759316298, 73.61695993535359, 5.577699045627922, 65.40813693059377, 12.394886768062047, 145.5163221085525, 0, 9.860523155365893, 0, 64.41483994343439, 59.087296790218005, 12.4899959967968, 78.0877866387909, 48.31656346129288, 8.676420737643435, 63.44619573375868, 122.58647741265936, 69.74999999999999, 65.38348415311009, 0, 22.310796182511687, 45.35840651468312, 44.37235419914652, 37.141303885211535, 59.82050714255309, 38.127356200748125, 31.224989991991997, 132.28756555322954, 18.406309890016338, 151.68974183436987, 107.24999999999997, 25.669071556406184, 11.775142429658946, 82.42599700761262, 0, 83.78772413694848, 97.49999999999997, 43.382103688217164, 63.44619573375868, 59.49182303737423, 63.930517838596536, 0, 2.2499999999999996, 0, 117.13167995818634, 0, 1.3147364207154526, 0, 30.36747258175202, 137.24999999999994, 3.6155251569674944, 6.173419725817379, 0, 39.66363765779855, 3.7184660304186146, 44.09585518440985, 9.296165076046536, 63.83366685551955, 0, 27.28078072984564, 0.48432210483785254, 110.24999999999996, 3.944209262146358, 0, 81.85043571759708, 108.47580375364822, 87.17797887081346, 77.99999999999997, 41.74288135771562, 0, 9.531839050187031, 54.53750177947301, 0, 20.284093384828527, 16.499999999999996, 0, 45.24133670342648, 73.61695993535359, 118.17689189421839, 48.50544070285083, 49.49999999999999, 57.01647913308542, 0, 65.38348415311009, 12.592374725784165, 0, 160.50891287125185, 44.37235419914652, 118.99091297339567, 111.12155506471281, 29.25288536091882, 101.42046692414264, 65.24999999999999, 134.99999999999994, 93.74999999999997, 18.520259177452136, 60.47787535291082, 0, 168.4461668044456, 12.592374725784165, 0.6197443384031024, 0, 0, 113.24999999999997, 41.16737891121746, 0, 72.16399362084003, 38.26144628219035, 47.659195250935156, 6.780509467729935, 51.603404513081514, 0, 5.327543153216378, 12.592374725784165, 51.438780087457495, 91.53687781435413, 37.184660304186146, 139.49999999999997, 0, 20.45156316730238, 112.79346958936463, 0, 144.74999999999994, 105.83005244258362, 104.24999999999997, 107.59388664996003, 131.99999999999997, 132.74999999999997, 54.749999999999986, 95.24999999999999, 46.673142935398566, 6.573682103577263, 48.95980273384509, 51.93208861826037, 112.17372525096152, 16.75642497007574, 22.021835046983828, 132.28756555322954, 128.24999999999997, 172.8557523228866, 46.494922064433844, 73.12983193156609, 82.81907992727277, 18.520259177452136, 33.46619427376753, 141.74999999999997, 0, 161.39082997494003, 25.669071556406184, 111.12155506471281, 147.28015631592888, 149.92590762699348, 52.499999999999986, 0, 95.41145465305694, 82.81907992727277, 0, 22.93054052091479, 88.49999999999997], "B": 4592.471561030199}, "solution": [0.0, 0.0, 0.0, 0.0, 0.0, 0.0, 0.0, 0.0, 0.0, 0.0, 0.0, 0.0, 0.0, 0.0, 0.0, 0.0, 0.0, 0.0, 0.0, 0.0, 1.0, 0.0, 0.0, 0.0, 0.0, 0.0, 0.0, 0.0, 0.0, 0.0, 1.0, 0.0, 0.0, 0.0, 0.0, 0.0, 0.0, 0.0, 0.0, 0.0, 0.0, 0.0, 0.0, 0.0, 0.0, 0.0, 1.0, 0.0, 0.0, 0.0, 0.0, 0.0, 0.0, 0.0, 0.0, 0.0, 0.0, 1.0, 0.0, 0.0, 0.0, 0.0, 0.0, 0.0, 0.0, 0.0, 0.0, 0.0, 1.0, 0.0, 1.0, 0.0, 0.0, 0.0, 0.0, 0.0, 0.0, 0.0, 0.0, 0.0, 0.0, 0.0, 0.0, 0.0, 0.0, 0.0, 0.0, 0.0, 0.0, 0.0, 1.0, 0.0, 0.0, 0.0, 0.0, 0.0, 0.0, 0.0, 0.0, 0.0, 0.0, 0.0, 0.0, 0.0, 0.0, 0.0, 0.0, 0.0, 0.0, 0.0, 0.0, 0.0, 0.0, 0.0, 0.0, 0.0, 0.0, 0.0, 0.0, 0.0, 0.0, 0.0, 0.0, 0.0, 0.0, 0.0, 0.0, 1.0, 0.0, 0.0, 0.0, 0.0, 0.0, 0.0, 1.0, 0.0, 0.0, 0.0, 0.0, 1.0, 0.0, 0.0, 0.0, 0.0, 0.0, 0.0, 0.0, 0.0, 0.0, 0.0, 0.0, 0.0, 0.0, 0.0, 0.0, 0.0, 0.0, 0.0, 1.0, 0.0, 0.0, 0.0, 0.0, 1.0, 0.0, 0.0, 0.0, 1.0, 1.0, 0.0, 0.0, 0.0, 0.0, 0.0, 0.0, 0.0, 0.0, 0.0, 1.0, 1.0, 1.0, 0.0, 0.0, 0.0, 0.0, 0.0, 1.0, 0.0, 1.0, 0.0, 0.0, 1.0, 1.0, 0.0, 0.0, 0.0, 0.0, 0.0, 0.0, 0.0], "objective_value": 3043.68, "solve_time": 83.8234007358551}