{"instance": {"c": [98.561, 138.121, 85.129, 111.616, 143.98399999999998, 131.50400000000002, 86.384, 90.736, 157.616, 109.601, 139.16899999999998, 82.1, 110.40100000000001, 117.961, 151.225, 123.361, 103.489, 99.929, 90.164, 87.956, 129.536, 97.556, 105.344, 159.401, 85.129, 88.496, 138.644, 81.881, 80.609, 111.616, 130.025, 159.401, 81.236, 88.225, 122.9, 132.5, 87.424, 104.596, 125.225, 104.596, 116.656, 99.241, 105.721, 83.68900000000001, 89.044, 90.164, 102.4, 83.924, 117.524, 132.5, 117.524, 92.201, 149.524, 94.025, 95.6, 121.529, 138.121, 93.409, 148.961, 147.284, 155.849, 151.796, 110.804, 86.129, 147.841, 128.56400000000002, 158.804, 113.26400000000001, 105.721, 139.16899999999998, 142.361, 151.225, 93.409, 103.124, 138.121, 81.236, 146.72899999999998, 100.625, 80.404, 81.664, 134.51600000000002, 108.025, 146.176, 81.236, 140.756, 93.409, 145.07600000000002, 100.976, 85.376, 94.336, 104.596, 141.824, 155.849, 133.001, 88.769, 96.896, 99.584, 127.6, 100.276, 140.756, 103.856, 100.625, 117.089, 104.225, 84.161, 82.996, 113.26400000000001, 114.1, 119.284, 132.001, 87.956, 88.225, 82.769, 129.536, 131.50400000000002, 143.98399999999998, 109.20400000000001, 115.369, 153.52100000000002, 157.025, 92.801, 105.721, 114.944, 128.56400000000002, 127.12100000000001, 135.536, 140.756, 86.9, 80.404, 137.6, 159.401, 132.5, 93.71600000000001, 92.801, 143.441, 94.025, 138.121, 99.241, 125.696, 153.52100000000002, 122.441, 83.68900000000001, 85.876, 87.424, 108.025, 104.969, 84.4, 82.769, 125.696, 84.884, 90.736, 85.625, 125.696, 93.409, 110.40100000000001, 123.824, 108.025, 91.025, 141.289, 132.001, 119.284, 86.9, 80.404, 153.52100000000002, 112.025, 160.0, 141.289, 118.4, 120.625, 128.08100000000002, 152.94400000000002, 80.404, 109.20400000000001, 128.08100000000002, 89.321, 84.161, 148.4, 126.16900000000001, 103.856, 89.044, 146.72899999999998, 85.876, 121.529, 84.884, 88.496, 158.209, 136.049, 86.129, 151.225, 112.849, 94.649, 137.6, 110.804, 105.344, 143.98399999999998, 114.944, 92.201, 128.56400000000002, 81.236, 143.441], "p": [69, 161, 23, 104, 172, 148, 28, 44, 196, 99, 163, 10, 101, 119, 185, 131, 83, 73, 42, 34, 144, 66, 88, 199, 23, 36, 162, 9, 3, 104, 145, 199, 6, 35, 130, 150, 32, 86, 135, 86, 116, 71, 89, 17, 38, 42, 80, 18, 118, 150, 118, 49, 182, 55, 60, 127, 161, 53, 181, 178, 193, 186, 102, 27, 179, 142, 198, 108, 89, 163, 169, 185, 53, 82, 161, 6, 177, 75, 2, 8, 154, 95, 176, 6, 166, 53, 174, 76, 24, 56, 86, 168, 193, 151, 37, 64, 72, 140, 74, 166, 84, 75, 117, 85, 19, 14, 108, 110, 122, 149, 34, 35, 13, 144, 148, 172, 98, 113, 189, 195, 51, 89, 112, 142, 139, 156, 166, 30, 2, 160, 199, 150, 54, 51, 171, 55, 161, 71, 136, 189, 129, 17, 26, 32, 95, 87, 20, 13, 136, 22, 44, 25, 136, 53, 101, 132, 95, 45, 167, 149, 122, 30, 2, 189, 105, 200, 167, 120, 125, 141, 188, 2, 98, 141, 39, 19, 180, 137, 84, 38, 177, 26, 127, 22, 36, 197, 157, 27, 185, 107, 57, 160, 102, 88, 172, 112, 49, 142, 6, 171], "q": [22.67920325734156, 77.97585887889426, 17.249999999999996, 0, 106.5960262053336, 48.645247566471745, 20.999999999999996, 14.462100627869978, 121.46989032700807, 47.947888378947404, 122.24999999999997, 4.843221048378526, 0, 73.74957626996918, 60.80655945808968, 81.18650833080642, 73.19911960612033, 54.749999999999986, 20.341528403189805, 29.985181525398698, 47.33051114575629, 49.49999999999999, 77.60870512456133, 0, 0, 31.74901573277509, 100.39858282130258, 7.937253933193772, 2.6457513110645907, 0, 47.659195250935156, 149.24999999999997, 0, 21.691051844108582, 97.49999999999997, 72.64831572567788, 23.999999999999993, 0, 44.37235419914652, 28.26683304538223, 38.127356200748125, 62.61611436186198, 66.74999999999999, 0, 33.51284994015148, 0, 38.74576838702821, 13.499999999999996, 88.49999999999997, 49.30261577682948, 104.06621823520724, 36.74999999999999, 59.82050714255309, 18.077625784837473, 19.721046310731786, 61.50890731440727, 0, 46.741606495474436, 159.62699576756364, 110.31449223575223, 144.74999999999994, 0, 0, 13.076696830622017, 110.93423657415532, 0, 148.49999999999994, 0, 0, 0, 81.85043571759708, 60.80655945808968, 32.846449935364426, 39.71441259670391, 77.97585887889426, 0, 156.09932735281086, 66.14378277661477, 1.2394886768062048, 2.629472841430905, 135.81523396798232, 31.224989991991997, 85.24069045146204, 3.7184660304186146, 80.39746940308352, 32.846449935364426, 57.19103430112219, 47.10056971863578, 7.888418524292716, 18.406309890016338, 28.26683304538223, 125.99999999999997, 93.47416623370553, 113.24999999999997, 22.93054052091479, 0, 63.49803146555018, 67.80509467729935, 0, 102.87756017491499, 52.0585244258606, 46.48082538023268, 38.45604030592698, 27.938148940203366, 6.2449979983984, 6.780509467729935, 0, 97.01088140570165, 0, 72.16399362084003, 21.07130750570548, 0, 8.056676399240331, 107.99999999999997, 91.72216208365916, 56.53366609076446, 32.21104230752859, 37.141303885211535, 166.68233259706923, 146.24999999999994, 44.97777228809804, 78.49062222824952, 36.812619780032676, 88.00369605324055, 86.14446303803123, 96.68011679088397, 124.49999999999997, 14.529663145135574, 0.6573682103577263, 52.589456828618104, 123.32912334221739, 72.64831572567788, 47.62352359916263, 44.97777228809804, 82.81907992727277, 18.077625784837473, 141.9886536937997, 23.336571467699283, 0, 141.74999999999997, 42.40024956807334, 8.233475782243493, 19.499999999999993, 10.51789136572362, 31.224989991991997, 53.9177574410699, 12.394886768062047, 4.272893367325221, 0, 0, 27.268750889736506, 0, 0, 32.846449935364426, 62.59417817871335, 81.80625266920951, 0, 27.888495228139607, 147.28015631592888, 0, 40.099460831821304, 22.499999999999993, 0, 0, 0, 65.73682103577262, 103.4973045133181, 89.99999999999997, 93.74999999999997, 46.3444588302197, 61.79261177362627, 1.2394886768062048, 0, 68.28941678213721, 29.249999999999993, 11.775142429658946, 87.17797887081346, 102.74999999999999, 40.68305680637961, 28.49999999999999, 109.69474789734912, 12.592374725784165, 95.24999999999999, 13.634375444868253, 31.74901573277509, 95.41145465305694, 0, 20.249999999999993, 60.80655945808968, 35.16919925413836, 18.7349939951952, 141.1067365901115, 33.52577872824404, 65.99999999999999, 151.68974183436987, 69.41136590114748, 43.21393808072165, 88.00369605324055, 5.291502622129181, 82.81907992727277], "B": 10976.69973033444}, "solution": [0.0, 1.0, 0.0, 0.0, 1.0, 0.0, 0.0, 0.0, 1.0, 0.0, 1.0, 0.0, 0.0, 0.0, 1.0, 1.0, 0.0, 0.0, 0.0, 0.0, 0.0, 0.0, 0.0, 0.0, 0.0, 0.0, 1.0, 0.0, 0.0, 0.0, 0.0, 1.0, 0.0, 0.0, 1.0, 0.0, 0.0, 0.0, 0.0, 0.0, 0.0, 0.0, 0.0, 0.0, 0.0, 0.0, 0.0, 0.0, 1.0, 0.0, 1.0, 0.0, 0.0, 0.0, 0.0, 0.0, 0.0, 0.0, 1.0, 1.0, 1.0, 0.0, 0.0, 0.0, 1.0, 0.0, 1.0, 0.0, 0.0, 0.0, 1.0, 0.0, 0.0, 0.0, 1.0, 0.0, 1.0, 0.0, 0.0, 0.0, 1.0, 0.0, 1.0, 0.0, 1.0, 0.0, 0.0, 0.0, 0.0, 0.0, 0.0, 1.0, 1.0, 1.0, 0.0, 0.0, 0.0, 0.0, 0.0, 1.0, 0.0, 0.0, 0.0, 0.0, 0.0, 0.0, 0.0, 1.0, 0.0, 0.0, 0.0, 0.0, 0.0, 1.0, 1.0, 0.0, 0.0, 0.0, 1.0, 1.0, 0.0, 0.0, 0.0, 1.0, 1.0, 1.0, 1.0, 0.0, 0.0, 0.0, 1.0, 0.0, 0.0, 0.0, 1.0, 0.0, 1.0, 0.0, 0.0, 1.0, 0.0, 0.0, 0.0, 0.0, 0.0, 0.0, 0.0, 0.0, 0.0, 0.0, 0.0, 0.0, 0.0, 0.0, 0.0, 1.0, 0.0, 0.0, 1.0, 0.0, 0.0, 0.0, 0.0, 0.0, 0.0, 1.0, 1.0, 1.0, 1.0, 0.0, 1.0, 0.0, 0.0, 0.0, 0.0, 0.0, 1.0, 1.0, 0.0, 0.0, 1.0, 0.0, 1.0, 0.0, 0.0, 1.0, 0.0, 0.0, 1.0, 0.0, 0.0, 1.0, 0.0, 0.0, 1.0, 0.0, 0.0, 1.0, 0.0, 1.0], "objective_value": 7864.664999999999, "solve_time": 43.69256520271301}