{"instance": {"c": [110.40100000000001, 101.32900000000001, 99.241, 114.1, 110.804, 107.249, 130.025, 91.316, 99.584, 110.40100000000001, 122.9, 113.26400000000001, 91.316, 121.529, 144.529, 86.641, 108.025, 82.769, 92.201, 80.816, 84.161, 111.616, 90.736, 98.9, 85.376, 87.689, 82.996, 99.241, 97.556, 103.856, 142.361, 144.529, 95.6, 92.5, 122.441, 123.824, 112.436, 141.824, 159.401, 133.001, 107.636, 103.124, 159.401, 140.756, 122.441, 86.384, 106.481, 132.5, 86.384, 114.944, 151.796, 151.796, 89.881, 108.025, 105.721, 85.129, 142.9, 147.284, 148.961, 150.656, 99.241, 149.524, 90.736, 149.524, 106.864, 96.896, 102.041, 86.641, 122.441, 147.841, 84.4, 90.449, 80.404, 138.121, 112.849, 116.656, 106.481, 112.849, 131.00900000000001, 127.12100000000001, 82.1, 102.4, 138.644, 80.201, 92.201, 97.556, 117.524, 132.001, 80.201, 89.321, 97.556, 80.609, 123.361, 108.809, 81.664, 114.521, 132.5, 121.529, 86.384, 114.944, 102.4, 83.924, 102.4, 94.649, 140.756, 119.284, 96.244, 133.50400000000002, 113.681, 80.201, 135.025, 118.4, 159.401, 120.625, 122.441, 91.609, 135.536, 86.9, 105.344, 80.816, 128.56400000000002, 98.224, 136.049, 97.556, 119.284, 155.849, 154.1, 122.9, 104.596, 147.284, 90.736, 88.225, 85.625, 158.209, 115.369, 100.276, 135.025, 81.881, 124.289, 84.4, 152.94400000000002, 80.816, 88.225, 108.025, 85.376, 147.841, 133.001, 101.684, 107.636, 115.369, 125.225, 108.025, 140.756, 148.961, 92.5, 85.876, 99.584, 126.644, 114.521, 96.244, 129.049, 156.436, 115.369, 132.001, 88.769, 147.284, 94.025, 131.50400000000002, 139.696, 99.241, 98.561, 93.71600000000001, 102.041, 133.50400000000002, 122.9, 80.816, 148.961, 87.161, 94.964, 121.98400000000001, 116.656, 82.321, 118.4, 130.025, 145.07600000000002, 91.609, 133.001, 158.209, 122.9, 84.884, 102.4, 110.0, 96.244, 100.976, 100.625, 140.225, 98.224, 93.71600000000001, 81.449, 143.441], "p": [101, 77, 71, 110, 102, 93, 145, 46, 72, 101, 130, 108, 46, 127, 173, 29, 95, 13, 49, 4, 19, 104, 44, 70, 24, 33, 14, 71, 66, 84, 169, 173, 60, 50, 129, 132, 106, 168, 199, 151, 94, 82, 199, 166, 129, 28, 91, 150, 28, 112, 186, 186, 41, 95, 89, 23, 170, 178, 181, 184, 71, 182, 44, 182, 92, 64, 79, 29, 129, 179, 20, 43, 2, 161, 107, 116, 91, 107, 147, 139, 10, 80, 162, 1, 49, 66, 118, 149, 1, 39, 66, 3, 131, 97, 8, 111, 150, 127, 28, 112, 80, 18, 80, 57, 166, 122, 62, 152, 109, 1, 155, 120, 199, 125, 129, 47, 156, 30, 88, 4, 142, 68, 157, 66, 122, 193, 190, 130, 86, 178, 44, 35, 25, 197, 113, 74, 155, 9, 133, 20, 188, 4, 35, 95, 24, 179, 151, 78, 94, 113, 135, 95, 166, 181, 50, 26, 72, 138, 111, 62, 143, 194, 113, 149, 37, 178, 55, 148, 164, 71, 69, 54, 79, 152, 130, 4, 181, 31, 58, 128, 116, 11, 120, 145, 174, 47, 151, 197, 130, 22, 80, 100, 62, 76, 75, 165, 68, 54, 7, 171], "q": [33.197094623065176, 57.749999999999986, 23.336571467699283, 82.49999999999997, 89.95554457619608, 0, 47.659195250935156, 34.49999999999999, 53.999999999999986, 48.9165325886231, 62.96187362892083, 52.30678732248807, 40.56818676965705, 95.24999999999999, 129.74999999999997, 25.57559600695771, 83.78212485037871, 8.056676399240331, 0, 3.5276684147527875, 9.202119991919199, 50.36949890313666, 0, 43.382103688217164, 7.888418524292716, 20.45156316730238, 4.6015774725040846, 23.336571467699283, 31.965258919298268, 62.999999999999986, 0, 0, 19.721046310731786, 24.216105241892627, 96.74999999999997, 63.930517838596536, 51.33814311281237, 148.1620734196171, 175.5015036339512, 73.13263783051572, 70.49999999999997, 0, 123.32912334221739, 0, 0, 24.693678903269515, 29.910253571276545, 132.28756555322954, 9.203154945008169, 83.99999999999999, 115.27244694297704, 90.08391149984057, 0, 71.24999999999997, 0, 11.139408411270608, 55.87629788040673, 110.31449223575223, 159.62699576756364, 162.2727470786282, 62.61611436186198, 136.49999999999997, 38.80435256228066, 160.50891287125185, 30.23893767645541, 0, 59.249999999999986, 21.749999999999993, 0, 0, 0, 32.24999999999999, 0.6573682103577263, 52.91814093379696, 66.31264420913196, 38.127356200748125, 56.39673479468232, 35.16919925413836, 129.64181424216494, 104.24999999999997, 7.499999999999997, 26.294728414309052, 53.24682503897583, 0.6197443384031024, 0, 58.20652884342099, 104.06621823520724, 92.34190642206225, 0.7499999999999998, 29.249999999999993, 31.965258919298268, 0.9860523155365895, 43.05761777843107, 85.5459590577551, 4.957954707224819, 97.89279850938986, 92.96165076046536, 61.50890731440727, 20.999999999999996, 54.24407574183948, 59.99999999999998, 0, 59.99999999999998, 42.74999999999999, 102.87756017491499, 59.087296790218005, 38.42414898099235, 73.61695993535359, 52.79110942732593, 0, 136.6971510716705, 58.118652580542296, 96.38009886273265, 93.74999999999997, 42.40024956807334, 15.448152943406567, 137.5790681753587, 26.457513110645905, 42.62034522573102, 1.3147364207154526, 106.49999999999996, 59.970363050797395, 51.603404513081514, 58.20652884342099, 91.49999999999999, 170.21000101182202, 62.449979983983994, 42.72893367325221, 53.2980131026668, 156.98124445649904, 0, 30.867098629086893, 18.749999999999993, 95.41145465305694, 70.03111023955057, 55.499999999999986, 50.94603630272379, 6.749999999999998, 64.41483994343439, 17.638342073763937, 0, 2.4789773536124096, 11.50394368126021, 0, 11.623730516108461, 134.24999999999997, 0, 68.78953408767936, 82.90020774669051, 84.74999999999997, 119.05880899790658, 0, 146.39823921224067, 87.6623009756513, 0, 0, 53.999999999999986, 0, 36.48393567485381, 38.42414898099235, 0, 120.23040165020187, 54.72839784667734, 131.40564844954133, 17.91991787900054, 0, 18.077625784837473, 130.52373134585315, 144.6344050048643, 53.24999999999998, 22.67920325734156, 26.153393661244035, 69.67145119136755, 0, 97.49999999999997, 2.999999999999999, 159.62699576756364, 23.249999999999993, 43.499999999999986, 61.993229419245125, 56.18136416119089, 3.6155251569674944, 89.99999999999997, 0, 84.27204624178633, 35.249999999999986, 133.16948265691772, 0, 62.96187362892083, 19.40217628114033, 70.55336829505575, 74.99999999999997, 30.027970499946854, 67.02569988030297, 0, 79.91314729824566, 42.14261501141096, 26.153393661244035, 3.3902547338649676, 150.8078247306817], "B": 10925.415271338847}, "solution": [0.0, 0.0, 0.0, 1.0, 1.0, 0.0, 0.0, 0.0, 0.0, 0.0, 0.0, 0.0, 0.0, 1.0, 1.0, 0.0, 0.0, 0.0, 0.0, 0.0, 0.0, 0.0, 0.0, 0.0, 0.0, 0.0, 0.0, 0.0, 0.0, 0.0, 0.0, 0.0, 0.0, 0.0, 1.0, 0.0, 0.0, 1.0, 1.0, 1.0, 0.0, 0.0, 1.0, 0.0, 0.0, 0.0, 0.0, 1.0, 0.0, 1.0, 1.0, 1.0, 0.0, 0.0, 0.0, 0.0, 1.0, 1.0, 1.0, 1.0, 0.0, 1.0, 0.0, 1.0, 0.0, 0.0, 0.0, 0.0, 0.0, 0.0, 0.0, 0.0, 0.0, 1.0, 0.0, 0.0, 0.0, 0.0, 1.0, 1.0, 0.0, 0.0, 1.0, 0.0, 0.0, 0.0, 1.0, 1.0, 0.0, 0.0, 0.0, 0.0, 0.0, 1.0, 0.0, 1.0, 1.0, 0.0, 0.0, 0.0, 0.0, 0.0, 0.0, 0.0, 1.0, 0.0, 0.0, 1.0, 0.0, 0.0, 1.0, 1.0, 1.0, 1.0, 0.0, 0.0, 1.0, 0.0, 0.0, 0.0, 1.0, 0.0, 0.0, 0.0, 1.0, 1.0, 1.0, 0.0, 0.0, 1.0, 0.0, 0.0, 0.0, 1.0, 0.0, 0.0, 0.0, 0.0, 0.0, 0.0, 0.0, 0.0, 0.0, 0.0, 0.0, 1.0, 0.0, 0.0, 0.0, 1.0, 1.0, 0.0, 1.0, 1.0, 0.0, 0.0, 0.0, 0.0, 0.0, 0.0, 0.0, 1.0, 0.0, 1.0, 0.0, 0.0, 0.0, 1.0, 1.0, 0.0, 0.0, 0.0, 0.0, 0.0, 1.0, 0.0, 1.0, 0.0, 0.0, 0.0, 0.0, 0.0, 1.0, 0.0, 1.0, 0.0, 1.0, 0.0, 0.0, 0.0, 0.0, 0.0, 0.0, 0.0, 0.0, 1.0, 0.0, 0.0, 0.0, 1.0], "objective_value": 7783.495000000001, "solve_time": 14.065051317214966}