{"instance": {"c": [115.369, 103.856, 108.025, 102.761, 90.449, 114.521, 80.816, 117.961, 141.289, 83.924, 152.369, 80.404, 101.32900000000001, 96.244, 105.721, 119.284, 122.441, 112.849, 130.025, 93.409, 120.625, 149.524, 117.961, 102.041, 135.536, 138.644, 104.225, 129.049, 104.596, 123.361, 110.40100000000001, 106.1, 151.796, 110.804, 120.176, 104.969, 87.689, 111.209, 94.025, 151.225, 82.769, 98.9, 140.225, 158.209, 109.20400000000001, 87.161, 94.649, 121.98400000000001, 80.404, 96.244, 112.025, 133.001, 112.849, 95.281, 87.161, 93.409, 95.6, 154.681, 80.201, 85.129, 81.664, 112.025, 91.904, 111.616, 84.4, 152.369, 87.956, 102.761, 137.6, 85.876, 103.856, 139.696, 94.649, 105.344, 92.801, 145.07600000000002, 95.281, 97.556, 97.225, 100.625, 92.201, 110.0, 95.6, 116.225, 112.025, 129.536, 96.569, 138.121, 140.225, 100.625, 110.40100000000001, 106.1, 110.0, 100.976, 82.1, 111.209, 112.025, 149.524, 84.4, 98.9, 94.964, 93.71600000000001, 92.801, 97.225, 82.321, 97.225, 93.71600000000001, 132.5, 138.121, 103.856, 92.801, 83.68900000000001, 116.225, 102.4, 136.56400000000002, 92.5, 95.281, 115.79599999999999, 121.076, 86.641, 87.689, 96.244, 114.944, 97.556, 88.225, 122.441, 140.225, 88.225, 155.264, 102.041, 93.71600000000001, 147.284, 149.524, 133.50400000000002, 125.225, 115.369, 100.276, 148.4, 129.049, 100.976, 80.404, 87.161, 119.729, 148.4, 160.0, 82.544, 89.6, 134.00900000000001, 112.436, 121.076, 97.556, 131.00900000000001, 103.856, 127.6, 157.025, 156.436, 83.68900000000001, 97.225, 85.876, 129.536, 116.225, 97.889, 91.316, 96.244, 118.84100000000001, 84.884, 136.56400000000002, 111.209, 123.361, 94.025, 88.769, 104.225, 119.729, 89.6, 89.044, 98.224, 134.51600000000002, 116.225, 123.824, 112.436, 129.049, 151.796, 136.049, 91.609, 143.441, 113.26400000000001, 99.241, 88.769, 80.609, 96.896, 127.12100000000001, 132.5, 145.625, 89.321, 100.276, 130.51600000000002, 125.225, 86.129, 82.544, 107.636], "p": [113, 84, 95, 81, 43, 111, 4, 119, 167, 18, 187, 2, 77, 62, 89, 122, 129, 107, 145, 53, 125, 182, 119, 79, 156, 162, 85, 143, 86, 131, 101, 90, 186, 102, 124, 87, 33, 103, 55, 185, 13, 70, 165, 197, 98, 31, 57, 128, 2, 62, 105, 151, 107, 59, 31, 53, 60, 191, 1, 23, 8, 105, 48, 104, 20, 187, 34, 81, 160, 26, 84, 164, 57, 88, 51, 174, 59, 66, 65, 75, 49, 100, 60, 115, 105, 144, 63, 161, 165, 75, 101, 90, 100, 76, 10, 103, 105, 182, 20, 70, 58, 54, 51, 65, 11, 65, 54, 150, 161, 84, 51, 17, 115, 80, 158, 50, 59, 114, 126, 29, 33, 62, 112, 66, 35, 129, 165, 35, 192, 79, 54, 178, 182, 152, 135, 113, 74, 180, 143, 76, 2, 31, 123, 180, 200, 12, 40, 153, 106, 126, 66, 147, 84, 140, 195, 194, 17, 65, 26, 144, 115, 67, 46, 62, 121, 22, 158, 103, 131, 55, 37, 85, 123, 40, 38, 68, 154, 115, 132, 106, 143, 186, 157, 47, 171, 108, 71, 37, 3, 64, 139, 150, 175, 39, 74, 146, 135, 27, 12, 94], "q": [54.72839784667734, 40.68305680637961, 31.224989991991997, 60.74999999999998, 26.6490065513334, 97.89279850938986, 1.9372884193514102, 0, 0, 0, 140.24999999999997, 1.7638342073763937, 67.90761698399116, 38.42414898099235, 55.15724611787611, 107.59388664996003, 42.40024956807334, 94.36513009463708, 47.659195250935156, 25.669071556406184, 60.540263104731565, 160.50891287125185, 89.24999999999997, 48.95980273384509, 75.554248354705, 100.39858282130258, 52.6782687642637, 107.24999999999997, 53.2980131026668, 81.18650833080642, 62.59417817871335, 0, 139.49999999999997, 76.49999999999999, 40.756829042179035, 65.24999999999999, 0, 0, 0, 0, 0, 33.902547338649676, 102.2578158365119, 95.41145465305694, 47.463566274109546, 23.249999999999993, 27.60635997575759, 0, 0, 20.378414521089518, 78.74999999999997, 73.13263783051572, 0, 44.249999999999986, 15.013985249973427, 25.669071556406184, 52.91502622129181, 143.24999999999997, 0.32868410517886315, 11.139408411270608, 3.8745768387028203, 0, 35.99999999999999, 0, 6.573682103577263, 140.24999999999997, 25.499999999999993, 26.623412519487914, 119.99999999999996, 19.499999999999993, 0, 0, 18.7349939951952, 28.924201255739955, 0, 84.27204624178633, 19.392362205552924, 49.49999999999999, 48.749999999999986, 66.14378277661477, 43.21393808072165, 32.86841051788631, 37.184660304186146, 55.69704205635304, 50.85382100797452, 0, 39.04389331939545, 141.9886536937997, 123.74999999999996, 66.14378277661477, 0, 43.58898943540673, 48.432210483785255, 47.10056971863578, 6.197443384031024, 0, 92.60129588726068, 88.14662308048915, 14.999999999999995, 61.734197258173786, 28.090682080595446, 47.62352359916263, 44.97777228809804, 31.480936814460414, 8.249999999999998, 57.3246117397328, 26.153393661244035, 49.30261577682948, 120.74999999999997, 74.08103670980854, 16.76288936412202, 5.587629788040674, 101.42046692414264, 49.57954707224819, 51.93208861826037, 30.98721692015512, 36.564915965783044, 55.21271995151518, 111.12155506471281, 9.531839050187031, 10.846575470902483, 0, 0, 31.965258919298268, 30.867098629086893, 96.74999999999997, 123.74999999999996, 30.867098629086893, 169.3280839081338, 25.966044309130186, 0, 86.20933466113775, 112.79346958936463, 73.61695993535359, 83.66548568441883, 0, 24.322623783235873, 111.55398091255843, 47.00182704057743, 36.808479967676796, 1.4999999999999996, 0, 0, 134.99999999999994, 96.86442096757051, 3.944209262146358, 29.99999999999999, 94.82088377567466, 34.84051514895949, 78.0877866387909, 58.20652884342099, 71.19534941116432, 62.999999999999986, 46.01577472504084, 171.97383521919838, 145.49999999999997, 8.233475782243493, 21.364466836626104, 12.592374725784165, 0, 86.24999999999997, 59.08844594710919, 28.50823956654271, 38.42414898099235, 0, 19.40217628114033, 97.91960546769018, 49.885176798298815, 115.53114058315379, 48.50544070285083, 0, 52.6782687642637, 59.57161889505586, 0, 0, 59.970363050797395, 95.44062811407777, 0, 0, 93.48321299094887, 69.25806099181291, 164.03658128600463, 97.29986112928707, 15.448152943406567, 150.8078247306817, 95.24704719832526, 62.61611436186198, 27.749999999999993, 1.8592330152093073, 0, 86.14446303803123, 0, 108.45525922054291, 0, 45.86108104182958, 47.987879356114014, 83.66548568441883, 20.249999999999993, 5.8118652580542305, 58.25596780989162], "B": 8989.445529696379}, "solution": [0.0, 0.0, 0.0, 0.0, 0.0, 1.0, 0.0, 0.0, 0.0, 0.0, 1.0, 0.0, 0.0, 0.0, 0.0, 1.0, 0.0, 0.0, 0.0, 0.0, 0.0, 1.0, 1.0, 0.0, 1.0, 1.0, 0.0, 1.0, 0.0, 1.0, 0.0, 0.0, 1.0, 0.0, 0.0, 0.0, 0.0, 0.0, 0.0, 0.0, 0.0, 0.0, 1.0, 1.0, 0.0, 0.0, 0.0, 0.0, 0.0, 0.0, 0.0, 1.0, 0.0, 0.0, 0.0, 0.0, 0.0, 1.0, 0.0, 0.0, 0.0, 0.0, 0.0, 0.0, 0.0, 1.0, 0.0, 0.0, 1.0, 0.0, 0.0, 0.0, 0.0, 0.0, 0.0, 1.0, 0.0, 0.0, 0.0, 0.0, 0.0, 0.0, 0.0, 0.0, 0.0, 0.0, 0.0, 1.0, 1.0, 0.0, 0.0, 0.0, 0.0, 0.0, 0.0, 0.0, 0.0, 1.0, 0.0, 0.0, 0.0, 0.0, 0.0, 0.0, 0.0, 0.0, 0.0, 0.0, 1.0, 0.0, 0.0, 0.0, 1.0, 0.0, 1.0, 0.0, 0.0, 0.0, 1.0, 0.0, 0.0, 0.0, 0.0, 0.0, 0.0, 1.0, 1.0, 0.0, 1.0, 0.0, 0.0, 1.0, 1.0, 0.0, 1.0, 0.0, 0.0, 1.0, 0.0, 0.0, 0.0, 0.0, 0.0, 1.0, 1.0, 0.0, 0.0, 1.0, 0.0, 0.0, 0.0, 0.0, 0.0, 0.0, 1.0, 1.0, 0.0, 0.0, 0.0, 0.0, 0.0, 0.0, 0.0, 0.0, 0.0, 0.0, 1.0, 0.0, 1.0, 0.0, 0.0, 0.0, 0.0, 0.0, 0.0, 0.0, 1.0, 0.0, 0.0, 0.0, 0.0, 1.0, 1.0, 0.0, 1.0, 1.0, 0.0, 0.0, 0.0, 0.0, 1.0, 0.0, 1.0, 0.0, 0.0, 0.0, 1.0, 0.0, 0.0, 0.0], "objective_value": 6374.256999999999, "solve_time": 18.357197523117065}