{"instance": {"c": [86.129, 119.284, 98.561, 151.225, 128.56400000000002, 110.0, 109.601, 93.71600000000001, 90.164, 123.824, 114.521, 80.609, 93.71600000000001, 83.924, 104.596, 117.961, 108.416, 120.176, 87.161, 100.625, 82.321, 143.441, 86.9, 146.176, 143.441, 114.944, 111.209, 86.129, 91.609, 103.489, 108.025, 100.276, 103.124, 114.1, 110.804, 80.201, 136.56400000000002, 151.225, 133.001, 85.876, 132.001, 83.225, 110.0, 89.881, 123.361, 119.284, 80.404, 102.041, 104.969, 126.644, 150.656, 149.524, 106.864, 102.761, 97.889, 104.225, 94.336, 101.684, 133.001, 89.044, 94.336, 108.416, 126.644, 140.756, 146.176, 105.344, 98.561, 113.26400000000001, 103.856, 106.481, 118.84100000000001, 106.481, 84.161, 89.321, 150.656, 115.369, 118.4, 114.521, 139.696, 81.025, 87.689, 95.6, 111.209, 120.176, 128.56400000000002, 106.1, 104.596, 127.6, 106.864, 89.321, 105.721, 120.176, 102.041, 89.044, 147.841, 101.684, 90.736, 138.121, 113.26400000000001, 129.536, 137.6, 113.26400000000001, 124.289, 88.769, 105.344, 117.524, 114.944, 147.841, 131.50400000000002, 155.849, 108.809, 139.16899999999998, 89.321, 114.1, 82.544, 123.361, 147.284, 135.536, 98.9, 159.401, 84.4, 145.07600000000002, 119.284, 143.98399999999998, 94.649, 88.769, 159.401, 88.769, 143.441, 155.849, 90.736, 113.26400000000001, 137.08100000000002, 96.244, 125.225, 90.736, 117.961, 93.71600000000001, 105.721, 99.929, 88.225, 154.1, 135.025, 154.681, 98.224, 125.225, 85.625, 86.641, 97.889, 103.124, 108.025, 122.9, 147.284, 91.904, 114.521, 89.321, 83.456, 108.025, 91.025, 87.161, 88.225, 124.289, 129.536, 80.404, 85.625, 126.16900000000001, 141.824, 134.00900000000001, 98.561, 106.1, 103.856, 142.361, 136.049, 155.264, 109.20400000000001, 80.609, 99.584, 98.224, 142.9, 114.944, 117.089, 86.129, 89.044, 123.361, 84.4, 138.644, 150.656, 98.224, 117.089, 106.1, 151.225, 143.441, 89.321, 121.98400000000001, 97.225, 89.6, 106.864, 92.201, 93.409, 85.625], "p": [27, 122, 69, 185, 142, 100, 99, 54, 42, 132, 111, 3, 54, 18, 86, 119, 96, 124, 31, 75, 11, 171, 30, 176, 171, 112, 103, 27, 47, 83, 95, 74, 82, 110, 102, 1, 158, 185, 151, 26, 149, 15, 100, 41, 131, 122, 2, 79, 87, 138, 184, 182, 92, 81, 67, 85, 56, 78, 151, 38, 56, 96, 138, 166, 176, 88, 69, 108, 84, 91, 121, 91, 19, 39, 184, 113, 120, 111, 164, 5, 33, 60, 103, 124, 142, 90, 86, 140, 92, 39, 89, 124, 79, 38, 179, 78, 44, 161, 108, 144, 160, 108, 133, 37, 88, 118, 112, 179, 148, 193, 97, 163, 39, 110, 12, 131, 178, 156, 70, 199, 20, 174, 122, 172, 57, 37, 199, 37, 171, 193, 44, 108, 159, 62, 135, 44, 119, 54, 89, 73, 35, 190, 155, 191, 68, 135, 25, 29, 67, 82, 95, 130, 178, 48, 111, 39, 16, 95, 45, 31, 35, 133, 144, 2, 25, 137, 168, 153, 69, 90, 84, 169, 157, 192, 98, 3, 72, 68, 170, 112, 117, 27, 38, 131, 20, 162, 184, 68, 117, 90, 185, 171, 39, 128, 65, 40, 92, 49, 53, 25], "q": [16.733097136883764, 75.6088092851785, 60.852280154485584, 60.80655945808968, 0, 61.97443384031024, 32.53972641270745, 40.499999999999986, 26.0292622129303, 0, 97.89279850938986, 2.6457513110645907, 0, 13.499999999999996, 64.49999999999999, 104.94813533889544, 46.494922064433844, 76.8482979619847, 23.249999999999993, 56.249999999999986, 5.327543153216378, 56.2049819855856, 14.529663145135574, 131.99999999999997, 0, 98.77471561307806, 33.8544628334229, 16.733097136883764, 35.249999999999986, 0, 71.24999999999997, 45.86108104182958, 26.95209662466678, 68.17187722434127, 76.49999999999999, 0.6197443384031024, 51.93208861826037, 60.80655945808968, 113.24999999999997, 12.592374725784165, 48.973931671650604, 7.264831572567787, 74.99999999999997, 25.409517874527197, 63.44619573375868, 0, 0, 38.26144628219035, 53.9177574410699, 121.70456030897117, 89.11526729016487, 160.50891287125185, 30.23893767645541, 50.19929141065129, 59.08844594710919, 27.938148940203366, 0, 0, 133.16948265691772, 18.404239983838398, 27.12203787091974, 0, 45.35840651468312, 124.49999999999997, 85.24069045146204, 28.924201255739955, 51.749999999999986, 0, 27.609464835024504, 0, 90.74999999999997, 68.24999999999999, 6.2449979983984, 0, 162.2727470786282, 37.141303885211535, 74.36932060837229, 36.48393567485381, 79.42882519340782, 2.421610524189263, 20.45156316730238, 37.184660304186146, 77.24999999999997, 60.05594099989371, 46.673142935398566, 0, 75.84487091718493, 67.80509467729935, 57.01647913308542, 24.170029197720993, 0, 40.756829042179035, 25.966044309130186, 12.4899959967968, 157.86316156018725, 0, 38.80435256228066, 141.9886536937997, 52.30678732248807, 107.99999999999997, 77.49153677405641, 52.30678732248807, 0, 27.749999999999993, 54.53750177947301, 38.78472441110585, 0, 58.83445482701651, 130.52373134585315, 170.21000101182202, 72.74999999999999, 122.24999999999997, 12.818680101975662, 36.155251569674945, 5.8118652580542305, 115.53114058315379, 156.98124445649904, 137.5790681753587, 61.734197258173786, 123.32912334221739, 12.394886768062047, 57.19103430112219, 0, 83.30340203211064, 50.26927491022722, 27.749999999999993, 65.40813693059377, 27.749999999999993, 56.2049819855856, 93.47416623370553, 38.80435256228066, 35.49788335931722, 98.53934980609328, 20.378414521089518, 101.24999999999997, 38.80435256228066, 39.113408516284714, 33.46619427376753, 66.74999999999999, 35.355513653163236, 21.691051844108582, 62.449979983983994, 50.94603630272379, 168.4461668044456, 59.970363050797395, 0, 15.49360846007756, 0, 41.52287067300786, 50.81903574905439, 83.78212485037871, 42.72893367325221, 0, 29.747728243348917, 0, 12.818680101975662, 7.749153677405641, 83.78212485037871, 0, 27.339430214334104, 11.50394368126021, 0, 126.99606293110035, 0.9686442096757051, 22.047927592204925, 45.02972240950425, 0, 74.10128204019144, 60.852280154485584, 79.37253933193772, 40.68305680637961, 149.04399052330527, 0, 0, 47.463566274109546, 0.9860523155365895, 63.49803146555018, 42.14261501141096, 82.33475782243492, 36.812619780032676, 72.51008759316298, 0, 12.4899959967968, 63.44619573375868, 12.394886768062047, 121.49999999999996, 89.11526729016487, 59.970363050797395, 56.66568626602874, 79.37253933193772, 60.80655945808968, 128.24999999999997, 18.88856208867625, 95.99999999999997, 0, 13.147364207154526, 0, 43.21393808072165, 32.846449935364426, 12.108052620946314], "B": 9200.41334232754}, "solution": [0.0, 0.0, 0.0, 1.0, 0.0, 0.0, 0.0, 0.0, 0.0, 0.0, 0.0, 0.0, 0.0, 0.0, 0.0, 1.0, 0.0, 0.0, 0.0, 0.0, 0.0, 1.0, 0.0, 1.0, 0.0, 0.0, 0.0, 0.0, 0.0, 0.0, 0.0, 0.0, 0.0, 0.0, 0.0, 0.0, 0.0, 1.0, 1.0, 0.0, 1.0, 0.0, 0.0, 0.0, 0.0, 0.0, 0.0, 0.0, 0.0, 1.0, 1.0, 1.0, 0.0, 0.0, 0.0, 0.0, 0.0, 0.0, 1.0, 0.0, 0.0, 0.0, 0.0, 1.0, 1.0, 0.0, 0.0, 0.0, 0.0, 0.0, 1.0, 0.0, 0.0, 0.0, 1.0, 0.0, 0.0, 0.0, 1.0, 0.0, 0.0, 0.0, 0.0, 0.0, 0.0, 0.0, 0.0, 1.0, 0.0, 0.0, 0.0, 0.0, 0.0, 0.0, 1.0, 0.0, 0.0, 1.0, 0.0, 1.0, 1.0, 0.0, 0.0, 0.0, 0.0, 0.0, 0.0, 1.0, 1.0, 1.0, 0.0, 1.0, 0.0, 0.0, 0.0, 1.0, 1.0, 1.0, 0.0, 1.0, 0.0, 1.0, 0.0, 1.0, 0.0, 0.0, 1.0, 0.0, 1.0, 1.0, 0.0, 0.0, 1.0, 0.0, 1.0, 0.0, 0.0, 0.0, 0.0, 0.0, 0.0, 1.0, 0.0, 1.0, 0.0, 0.0, 0.0, 0.0, 0.0, 0.0, 0.0, 0.0, 0.0, 0.0, 0.0, 0.0, 0.0, 0.0, 0.0, 0.0, 0.0, 0.0, 1.0, 0.0, 0.0, 0.0, 0.0, 1.0, 0.0, 0.0, 0.0, 1.0, 0.0, 0.0, 0.0, 0.0, 0.0, 0.0, 1.0, 0.0, 0.0, 0.0, 0.0, 0.0, 0.0, 1.0, 1.0, 0.0, 0.0, 0.0, 1.0, 1.0, 0.0, 1.0, 0.0, 0.0, 0.0, 0.0, 0.0, 0.0], "objective_value": 6625.217, "solve_time": 130.26608896255493}