{"instance": {"c": [101.32900000000001, 117.089, 90.449, 95.921, 119.284, 109.20400000000001, 83.225, 141.824, 85.376, 94.336, 82.769, 145.07600000000002, 109.20400000000001, 152.94400000000002, 91.609, 110.40100000000001, 94.964, 99.929, 98.561, 92.201, 85.376, 157.025, 90.449, 109.20400000000001, 86.641, 103.489, 145.625, 121.98400000000001, 82.321, 135.025, 89.881, 102.041, 135.536, 87.161, 136.049, 131.00900000000001, 90.736, 102.4, 132.001, 101.32900000000001, 148.4, 110.0, 133.001, 99.241, 100.625, 91.609, 97.225, 139.696, 106.864, 110.40100000000001, 123.361, 86.129, 103.124, 119.284, 109.20400000000001, 158.209, 120.625, 86.384, 156.436, 117.089, 112.436, 108.809, 91.025, 92.801, 83.225, 134.00900000000001, 85.129, 149.524, 89.044, 98.224, 135.536, 83.225, 104.225, 112.025, 95.921, 141.289, 109.601, 104.596, 107.636, 99.241, 112.849, 125.696, 106.481, 152.94400000000002, 83.68900000000001, 84.161, 151.225, 114.521, 84.161, 87.689, 125.696, 148.961, 103.124, 108.416, 119.284, 150.656, 92.5, 90.736, 136.56400000000002, 99.584, 108.416, 95.6, 159.401, 110.40100000000001, 119.284, 158.209, 140.756, 95.921, 80.404, 128.56400000000002, 124.756, 94.649, 83.225, 155.264, 150.089, 155.849, 104.969, 141.824, 94.964, 106.481, 97.556, 158.804, 106.864, 80.816, 96.244, 93.71600000000001, 106.1, 137.6, 92.801, 89.321, 94.336, 111.209, 101.684, 143.98399999999998, 91.609, 93.409, 159.401, 140.225, 92.201, 121.98400000000001, 117.961, 135.025, 85.376, 139.696, 140.225, 120.625, 140.756, 120.176, 93.71600000000001, 87.956, 80.201, 101.684, 149.524, 155.849, 117.089, 90.164, 144.529, 101.684, 84.884, 102.4, 97.889, 97.556, 154.1, 85.129, 96.244, 99.584, 104.969, 88.769, 87.956, 134.00900000000001, 125.696, 111.616, 128.56400000000002, 139.16899999999998, 88.225, 134.00900000000001, 107.636, 123.361, 108.416, 153.52100000000002, 159.401, 106.481, 98.561, 106.864, 117.089, 80.609, 89.6, 133.001, 129.536, 86.641, 114.521, 141.289, 92.201, 98.561, 124.756, 137.6, 143.441, 93.104, 101.684, 131.50400000000002], "p": [77, 117, 43, 61, 122, 98, 15, 168, 24, 56, 13, 174, 98, 188, 47, 101, 58, 73, 69, 49, 24, 195, 43, 98, 29, 83, 175, 128, 11, 155, 41, 79, 156, 31, 157, 147, 44, 80, 149, 77, 180, 100, 151, 71, 75, 47, 65, 164, 92, 101, 131, 27, 82, 122, 98, 197, 125, 28, 194, 117, 106, 97, 45, 51, 15, 153, 23, 182, 38, 68, 156, 15, 85, 105, 61, 167, 99, 86, 94, 71, 107, 136, 91, 188, 17, 19, 185, 111, 19, 33, 136, 181, 82, 96, 122, 184, 50, 44, 158, 72, 96, 60, 199, 101, 122, 197, 166, 61, 2, 142, 134, 57, 15, 192, 183, 193, 87, 168, 58, 91, 66, 198, 92, 4, 62, 54, 90, 160, 51, 39, 56, 103, 78, 172, 47, 53, 199, 165, 49, 128, 119, 155, 24, 164, 165, 125, 166, 124, 54, 34, 1, 78, 182, 193, 117, 42, 173, 78, 22, 80, 67, 66, 190, 23, 62, 72, 87, 37, 34, 153, 136, 104, 142, 163, 35, 153, 94, 131, 96, 189, 199, 91, 69, 92, 117, 3, 40, 151, 144, 29, 111, 167, 49, 69, 134, 160, 171, 52, 78, 148], "q": [47.720314057038884, 103.18430113151904, 0, 37.80440464258925, 59.087296790218005, 32.21104230752859, 4.930261577682947, 148.1620734196171, 17.999999999999996, 49.38735780653903, 9.749999999999996, 107.8355148821398, 0, 91.05255570951627, 0, 62.59417817871335, 43.499999999999986, 64.37994856923838, 22.67920325734156, 16.105521153764293, 17.999999999999996, 0, 32.24999999999999, 73.49999999999999, 9.531839050187031, 51.438780087457495, 108.45525922054291, 42.07156546289448, 8.249999999999998, 75.06992624986714, 30.749999999999993, 69.67145119136755, 51.27472040790265, 10.189207260544759, 51.603404513081514, 91.10241774525605, 27.268750889736506, 49.57954707224819, 48.973931671650604, 25.308676098772462, 134.99999999999994, 61.97443384031024, 93.58139509886846, 62.61611436186198, 36.32415786283894, 22.763138927379067, 57.3246117397328, 53.90419324933356, 0, 48.9165325886231, 115.53114058315379, 8.874470839829305, 61.499999999999986, 91.49999999999999, 73.49999999999999, 147.74999999999997, 93.74999999999997, 9.203154945008169, 93.95848833854338, 0, 34.84051514895949, 31.882358202349725, 33.749999999999986, 44.97777228809804, 4.930261577682947, 134.93331686429414, 14.254119783271355, 136.49999999999997, 18.404239983838398, 32.933903128973974, 96.68011679088397, 13.228756555322953, 0, 34.511831043780624, 45.74999999999999, 147.28015631592888, 61.35468950190714, 64.49999999999999, 30.896305886813135, 23.336571467699283, 0, 119.94072610159479, 68.24999999999999, 165.80041549338102, 10.53565375285274, 9.202119991919199, 60.80655945808968, 53.75975363700163, 11.775142429658946, 20.45156316730238, 84.28523002282192, 135.74999999999997, 50.81903574905439, 46.494922064433844, 107.59388664996003, 162.2727470786282, 44.09585518440985, 38.80435256228066, 97.91960546769018, 0, 46.494922064433844, 52.91502622129181, 175.5015036339512, 62.59417817871335, 107.59388664996003, 0, 80.39746940308352, 0, 0, 88.00369605324055, 0, 0, 4.930261577682947, 0, 0, 119.61065731179878, 76.72678802087313, 0, 28.090682080595446, 80.25445643562593, 58.20652884342099, 65.0794528254149, 68.99999999999999, 1.9372884193514102, 30.027970499946854, 47.62352359916263, 43.58898943540673, 99.15909414449638, 24.70042734673048, 24.170029197720993, 27.12203787091974, 33.8544628334229, 37.7771241773525, 151.68974183436987, 35.249999999999986, 46.741606495474436, 123.32912334221739, 145.5163221085525, 16.105521153764293, 0, 89.24999999999997, 116.24999999999997, 11.623730516108461, 53.90419324933356, 0, 60.540263104731565, 80.39746940308352, 76.8482979619847, 40.499999999999986, 11.175259576081348, 0.48432210483785254, 48.340058395441986, 136.49999999999997, 170.21000101182202, 38.45604030592698, 37.04051835490427, 56.86235019594332, 48.340058395441986, 7.231050313934989, 0, 59.08844594710919, 31.965258919298268, 62.449979983983994, 14.254119783271355, 38.42414898099235, 34.87119154832538, 0, 32.63093283646329, 11.175259576081348, 0, 65.86780625794795, 64.45341119392265, 125.23222872372396, 143.7524879011761, 0, 0, 70.49999999999997, 43.05761777843107, 31.553674097170862, 62.121295878805135, 65.40813693059377, 56.39673479468232, 51.749999999999986, 68.99999999999999, 87.74999999999999, 0.9860523155365895, 29.99999999999999, 73.13263783051572, 126.99606293110035, 0, 68.79162156274437, 80.88179150792136, 16.105521153764293, 0, 44.043670093967656, 52.589456828618104, 82.81907992727277, 32.226705596961324, 25.637360203951324, 110.99999999999997], "B": 9564.990283525434}, "solution": [0.0, 1.0, 0.0, 0.0, 0.0, 0.0, 0.0, 1.0, 0.0, 0.0, 0.0, 1.0, 0.0, 1.0, 0.0, 0.0, 0.0, 0.0, 0.0, 0.0, 0.0, 0.0, 0.0, 0.0, 0.0, 0.0, 1.0, 0.0, 0.0, 1.0, 0.0, 0.0, 0.0, 0.0, 0.0, 1.0, 0.0, 0.0, 0.0, 0.0, 1.0, 0.0, 1.0, 0.0, 0.0, 0.0, 0.0, 0.0, 0.0, 0.0, 1.0, 0.0, 0.0, 1.0, 0.0, 1.0, 1.0, 0.0, 1.0, 0.0, 0.0, 0.0, 0.0, 0.0, 0.0, 1.0, 0.0, 1.0, 0.0, 0.0, 1.0, 0.0, 0.0, 0.0, 0.0, 1.0, 0.0, 0.0, 0.0, 0.0, 0.0, 1.0, 0.0, 1.0, 0.0, 0.0, 1.0, 0.0, 0.0, 0.0, 1.0, 1.0, 0.0, 0.0, 0.0, 1.0, 0.0, 0.0, 1.0, 0.0, 0.0, 0.0, 1.0, 0.0, 1.0, 0.0, 1.0, 0.0, 0.0, 1.0, 0.0, 0.0, 0.0, 0.0, 0.0, 1.0, 0.0, 0.0, 0.0, 0.0, 0.0, 1.0, 0.0, 0.0, 0.0, 0.0, 0.0, 1.0, 0.0, 0.0, 0.0, 0.0, 0.0, 1.0, 0.0, 0.0, 1.0, 1.0, 0.0, 0.0, 1.0, 1.0, 0.0, 0.0, 0.0, 0.0, 1.0, 0.0, 0.0, 0.0, 0.0, 0.0, 1.0, 1.0, 0.0, 0.0, 0.0, 0.0, 0.0, 0.0, 0.0, 0.0, 1.0, 0.0, 0.0, 0.0, 0.0, 0.0, 0.0, 0.0, 0.0, 0.0, 1.0, 1.0, 0.0, 0.0, 0.0, 0.0, 0.0, 0.0, 1.0, 0.0, 0.0, 0.0, 0.0, 0.0, 0.0, 0.0, 1.0, 0.0, 0.0, 1.0, 0.0, 0.0, 0.0, 0.0, 1.0, 0.0, 0.0, 1.0], "objective_value": 6749.995000000002, "solve_time": 36.24500274658203}