{"instance": {"c": [81.881, 110.804, 135.025, 94.025, 91.025, 115.79599999999999, 97.889, 98.224, 82.769, 155.264, 102.041, 158.804, 85.376, 112.436, 146.72899999999998, 94.649, 145.07600000000002, 115.369, 133.001, 110.804, 87.956, 146.176, 82.1, 83.225, 154.681, 111.209, 112.849, 114.521, 104.596, 101.684, 90.164, 157.025, 106.864, 82.544, 85.625, 93.71600000000001, 151.225, 134.51600000000002, 97.556, 89.044, 157.616, 147.284, 85.876, 89.881, 154.681, 117.961, 109.20400000000001, 155.264, 84.161, 104.596, 130.025, 115.369, 98.224, 146.72899999999998, 104.596, 104.969, 93.409, 96.244, 125.696, 82.1, 148.961, 98.9, 94.336, 130.51600000000002, 80.404, 102.761, 157.616, 104.969, 88.769, 158.209, 98.224, 117.524, 106.481, 115.369, 97.889, 96.569, 129.536, 157.616, 132.5, 117.524, 142.361, 147.284, 114.1, 80.201, 84.884, 134.51600000000002, 80.201, 157.616, 112.849, 156.436, 93.104, 122.9, 105.344, 85.129, 88.769, 105.721, 93.409, 136.56400000000002, 82.1, 105.721, 111.616, 100.276, 98.9, 91.316, 136.049, 155.849, 139.16899999999998, 87.424, 82.544, 107.249, 118.4, 81.664, 83.924, 115.79599999999999, 154.681, 138.644, 117.524, 91.025, 91.904, 86.129, 87.956, 104.596, 152.369, 114.521, 82.1, 142.361, 156.436, 108.416, 88.496, 137.6, 85.625, 152.369, 86.9, 80.609, 87.161, 119.729, 85.129, 115.369, 141.824, 86.9, 111.616, 124.756, 114.1, 104.225, 99.241, 117.961, 85.376, 124.756, 102.041, 150.656, 93.104, 87.956, 84.884, 105.344, 152.94400000000002, 133.001, 104.225, 99.241, 155.264, 124.289, 125.225, 156.436, 93.409, 89.881, 88.225, 86.9, 85.376, 114.521, 128.08100000000002, 151.225, 130.025, 90.164, 100.276, 94.336, 96.244, 87.689, 131.50400000000002, 114.944, 122.9, 142.361, 132.5, 112.849, 145.07600000000002, 138.121, 150.656, 90.736, 90.449, 138.121, 143.441, 80.816, 153.52100000000002, 94.649, 100.276, 84.4, 122.441, 103.489, 80.404, 91.316, 141.824, 119.284], "p": [9, 102, 155, 55, 45, 114, 67, 68, 13, 192, 79, 198, 24, 106, 177, 57, 174, 113, 151, 102, 34, 176, 10, 15, 191, 103, 107, 111, 86, 78, 42, 195, 92, 12, 25, 54, 185, 154, 66, 38, 196, 178, 26, 41, 191, 119, 98, 192, 19, 86, 145, 113, 68, 177, 86, 87, 53, 62, 136, 10, 181, 70, 56, 146, 2, 81, 196, 87, 37, 197, 68, 118, 91, 113, 67, 63, 144, 196, 150, 118, 169, 178, 110, 1, 22, 154, 1, 196, 107, 194, 52, 130, 88, 23, 37, 89, 53, 158, 10, 89, 104, 74, 70, 46, 157, 193, 163, 32, 12, 93, 120, 8, 18, 114, 191, 162, 118, 45, 48, 27, 34, 86, 187, 111, 10, 169, 194, 96, 36, 160, 25, 187, 30, 3, 31, 123, 23, 113, 168, 30, 104, 134, 110, 85, 71, 119, 24, 134, 79, 184, 52, 34, 22, 88, 188, 151, 85, 71, 192, 133, 135, 194, 53, 41, 35, 30, 24, 111, 141, 185, 145, 42, 74, 56, 62, 33, 148, 112, 130, 169, 150, 107, 174, 161, 184, 44, 43, 161, 171, 4, 189, 57, 74, 20, 129, 83, 2, 46, 168, 122], "q": [6.749999999999998, 89.95554457619608, 50.94603630272379, 48.50544070285083, 21.794494717703365, 0, 59.08844594710919, 50.999999999999986, 11.46492234794656, 63.107348194341725, 59.249999999999986, 148.49999999999994, 21.166010488516726, 79.49999999999999, 0, 50.26927491022722, 0, 54.72839784667734, 49.631299882008335, 33.52577872824404, 21.07130750570548, 57.84840251147991, 4.843221048378526, 9.296165076046536, 62.77866408916286, 0, 66.31264420913196, 97.89279850938986, 41.65170101605532, 48.340058395441986, 20.341528403189805, 171.97383521919838, 57.01647913308542, 7.436932060837229, 18.749999999999993, 26.153393661244035, 163.15466418231642, 115.49999999999997, 21.693150941804966, 33.51284994015148, 146.99999999999997, 58.50577072183764, 16.113352798480662, 0, 62.77866408916286, 57.63433047570445, 0, 0, 0, 0, 108.74999999999997, 70.03111023955057, 22.350519152162697, 0, 41.65170101605532, 53.9177574410699, 25.669071556406184, 30.027970499946854, 119.94072610159479, 0, 0, 0, 18.406309890016338, 109.49999999999997, 1.4999999999999996, 26.623412519487914, 146.99999999999997, 0, 0, 64.75076872023604, 59.970363050797395, 104.06621823520724, 44.073311540244575, 84.74999999999997, 50.249999999999986, 20.70709862626838, 126.99606293110035, 64.42208461505717, 72.64831572567788, 88.49999999999997, 0, 133.49999999999997, 36.155251569674945, 0, 10.655086306432755, 0, 0.6197443384031024, 146.99999999999997, 35.16919925413836, 120.23040165020187, 45.85968939178624, 42.72893367325221, 28.924201255739955, 11.139408411270608, 0, 43.10466733056887, 39.74999999999999, 76.5228925643807, 0, 29.25288536091882, 77.99999999999997, 35.83983575800108, 33.902547338649676, 22.278816822541216, 51.603404513081514, 0, 0, 28.2213473180223, 3.944209262146358, 45.041955749920284, 58.118652580542296, 7.055336829505575, 15.874507866387544, 100.53854982045443, 92.50552202402983, 142.8705707974879, 57.150008370866594, 39.68626966596886, 35.99999999999999, 23.811761799581316, 21.07130750570548, 53.2980131026668, 0, 53.75975363700163, 4.843221048378526, 104.7367931901243, 0, 71.99999999999999, 0, 0, 22.047927592204925, 0, 9.860523155365893, 1.8592330152093073, 19.212074490496175, 92.24999999999997, 20.284093384828527, 0, 125.99999999999997, 0, 64.45341119392265, 83.04574134601572, 97.01088140570165, 0, 0, 73.74957626996918, 0, 100.49999999999997, 0, 0, 38.999999999999986, 29.985181525398698, 16.499999999999996, 77.60870512456133, 116.51193561978324, 0, 52.6782687642637, 23.336571467699283, 0, 82.42599700761262, 0, 171.0919181155102, 32.846449935364426, 30.749999999999993, 16.951273669324838, 26.457513110645905, 14.873864121674458, 36.48393567485381, 87.38395171483744, 89.59958939500271, 108.74999999999997, 13.804732417512252, 45.86108104182958, 34.70568295057374, 0, 10.846575470902483, 71.67967151600216, 83.99999999999999, 97.49999999999997, 149.04399052330527, 132.28756555322954, 94.36513009463708, 153.45357604174626, 77.97585887889426, 162.2727470786282, 21.31017261286551, 20.82585050802766, 77.97585887889426, 0, 0, 62.121295878805135, 35.32542728897684, 0, 17.638342073763937, 0, 27.28078072984564, 1.7638342073763937, 34.49999999999999, 148.1620734196171, 0], "B": 9979.694508838016}, "solution": [0.0, 1.0, 0.0, 0.0, 0.0, 0.0, 0.0, 0.0, 0.0, 1.0, 0.0, 1.0, 0.0, 0.0, 0.0, 0.0, 0.0, 0.0, 0.0, 0.0, 0.0, 0.0, 0.0, 0.0, 1.0, 0.0, 0.0, 1.0, 0.0, 0.0, 0.0, 1.0, 0.0, 0.0, 0.0, 0.0, 1.0, 1.0, 0.0, 0.0, 1.0, 1.0, 0.0, 0.0, 1.0, 0.0, 0.0, 0.0, 0.0, 0.0, 1.0, 0.0, 0.0, 0.0, 0.0, 0.0, 0.0, 0.0, 1.0, 0.0, 0.0, 0.0, 0.0, 1.0, 0.0, 0.0, 1.0, 0.0, 0.0, 1.0, 0.0, 1.0, 0.0, 1.0, 0.0, 0.0, 1.0, 1.0, 1.0, 1.0, 0.0, 1.0, 0.0, 0.0, 0.0, 0.0, 0.0, 1.0, 0.0, 1.0, 0.0, 0.0, 0.0, 0.0, 0.0, 0.0, 0.0, 1.0, 0.0, 0.0, 0.0, 0.0, 0.0, 0.0, 0.0, 0.0, 0.0, 0.0, 0.0, 0.0, 0.0, 0.0, 0.0, 1.0, 1.0, 1.0, 0.0, 0.0, 0.0, 0.0, 0.0, 0.0, 0.0, 0.0, 0.0, 1.0, 0.0, 0.0, 0.0, 0.0, 0.0, 0.0, 0.0, 0.0, 0.0, 1.0, 0.0, 0.0, 1.0, 0.0, 0.0, 1.0, 1.0, 0.0, 0.0, 0.0, 0.0, 1.0, 0.0, 0.0, 0.0, 0.0, 0.0, 0.0, 1.0, 0.0, 0.0, 0.0, 0.0, 1.0, 0.0, 1.0, 0.0, 0.0, 0.0, 0.0, 0.0, 0.0, 1.0, 1.0, 1.0, 0.0, 0.0, 0.0, 0.0, 0.0, 0.0, 1.0, 1.0, 1.0, 1.0, 1.0, 1.0, 1.0, 1.0, 0.0, 0.0, 1.0, 0.0, 0.0, 1.0, 0.0, 0.0, 0.0, 0.0, 0.0, 0.0, 0.0, 1.0, 0.0], "objective_value": 7178.972, "solve_time": 36.82447338104248}