{"instance": {"c": [105.721, 81.236, 86.641, 148.4, 152.94400000000002, 122.441, 92.5, 123.824, 135.025, 82.544, 103.489, 99.241, 157.025, 96.569, 111.616, 103.489, 128.08100000000002, 134.00900000000001, 130.51600000000002, 81.025, 92.5, 107.636, 93.409, 82.321, 81.236, 128.08100000000002, 133.50400000000002, 95.921, 120.176, 106.1, 84.4, 113.26400000000001, 132.5, 143.98399999999998, 91.609, 123.361, 88.225, 86.129, 117.524, 129.049, 138.121, 154.681, 94.649, 150.656, 110.40100000000001, 96.896, 85.376, 99.241, 128.08100000000002, 139.696, 105.721, 81.881, 100.976, 135.025, 138.121, 147.841, 138.644, 155.264, 122.441, 160.0, 108.416, 138.644, 89.6, 103.124, 123.361, 143.98399999999998, 80.404, 94.336, 98.224, 91.904, 107.636, 83.68900000000001, 133.50400000000002, 150.656, 154.1, 158.209, 113.681, 152.369, 104.969, 80.201, 124.289, 130.51600000000002, 159.401, 94.336, 129.049, 88.496, 81.236, 85.376, 147.841, 92.801, 81.236, 92.201, 93.409, 152.369, 95.281, 156.436, 102.761, 101.684, 108.416, 146.176, 97.225, 143.98399999999998, 133.001, 102.761, 83.924, 140.225, 138.644, 93.409, 87.689, 129.049, 119.284, 84.641, 113.681, 106.1, 147.284, 89.881, 89.321, 154.1, 87.689, 91.316, 82.1, 109.601, 98.224, 147.284, 141.824, 108.809, 90.164, 121.076, 141.289, 125.696, 84.4, 93.409, 138.121, 93.71600000000001, 113.26400000000001, 85.625, 125.225, 152.94400000000002, 93.409, 122.441, 80.609, 137.08100000000002, 97.225, 90.449, 107.636, 109.20400000000001, 83.68900000000001, 145.625, 120.176, 84.641, 92.201, 100.276, 148.961, 115.369, 107.636, 94.025, 87.161, 112.436, 88.769, 157.025, 126.644, 103.489, 82.996, 147.841, 142.361, 127.12100000000001, 111.209, 86.9, 115.79599999999999, 114.1, 114.521, 95.921, 80.201, 80.816, 144.529, 141.824, 99.929, 158.209, 145.07600000000002, 88.496, 82.1, 156.436, 91.609, 100.276, 103.856, 88.769, 80.609, 112.436, 147.284, 154.681, 80.609, 146.72899999999998, 142.361, 138.644, 100.276, 84.4, 89.6, 136.56400000000002, 103.856, 137.6], "p": [89, 6, 29, 180, 188, 129, 50, 132, 155, 12, 83, 71, 195, 63, 104, 83, 141, 153, 146, 5, 50, 94, 53, 11, 6, 141, 152, 61, 124, 90, 20, 108, 150, 172, 47, 131, 35, 27, 118, 143, 161, 191, 57, 184, 101, 64, 24, 71, 141, 164, 89, 9, 76, 155, 161, 179, 162, 192, 129, 200, 96, 162, 40, 82, 131, 172, 2, 56, 68, 48, 94, 17, 152, 184, 190, 197, 109, 187, 87, 1, 133, 146, 199, 56, 143, 36, 6, 24, 179, 51, 6, 49, 53, 187, 59, 194, 81, 78, 96, 176, 65, 172, 151, 81, 18, 165, 162, 53, 33, 143, 122, 21, 109, 90, 178, 41, 39, 190, 33, 46, 10, 99, 68, 178, 168, 97, 42, 126, 167, 136, 20, 53, 161, 54, 108, 25, 135, 188, 53, 129, 3, 159, 65, 43, 94, 98, 17, 175, 124, 21, 49, 74, 181, 113, 94, 55, 31, 106, 37, 195, 138, 83, 14, 179, 169, 139, 103, 30, 114, 110, 111, 61, 1, 4, 173, 168, 73, 197, 174, 36, 10, 194, 47, 74, 84, 37, 3, 106, 178, 191, 3, 177, 169, 162, 74, 20, 40, 158, 84, 160], "q": [29.25288536091882, 2.9059326290271152, 9.531839050187031, 111.55398091255843, 0, 79.94701965400021, 0, 81.80625266920951, 136.6971510716705, 3.944209262146358, 27.28078072984564, 53.24999999999998, 120.85014598860498, 39.04389331939545, 34.183146938601766, 27.28078072984564, 124.35031162003577, 50.28866809236606, 128.75989713847676, 3.7499999999999987, 16.434205258943155, 82.90020774669051, 32.846449935364426, 5.327543153216378, 0, 0, 134.05139976060593, 37.80440464258925, 60.05594099989371, 43.58898943540673, 17.638342073763937, 35.49788335931722, 0, 106.5960262053336, 15.448152943406567, 63.44619573375868, 21.691051844108582, 8.874470839829305, 104.06621823520724, 107.24999999999997, 141.9886536937997, 168.4461668044456, 50.26927491022722, 162.2727470786282, 33.197094623065176, 47.999999999999986, 21.166010488516726, 53.24999999999998, 0, 79.42882519340782, 43.10466733056887, 2.958156946609768, 56.99999999999998, 96.06037245248086, 52.91814093379696, 0, 100.39858282130258, 118.99091297339567, 79.94701965400021, 123.94886768062048, 71.99999999999999, 53.24682503897583, 13.147364207154526, 26.95209662466678, 81.18650833080642, 128.99999999999997, 0.9686442096757051, 18.406309890016338, 50.999999999999986, 15.776837048585431, 45.526277854758135, 0, 134.05139976060593, 162.2727470786282, 92.02119991919197, 147.74999999999997, 67.55213288593816, 0, 42.136023120893164, 0.8819171036881969, 117.29497479053019, 47.987879356114014, 123.32912334221739, 49.38735780653903, 126.11414582741214, 17.43559577416269, 2.9059326290271152, 17.999999999999996, 134.24999999999997, 24.70042734673048, 5.291502622129181, 0, 17.420257574479745, 0, 52.03310911760362, 145.49999999999997, 71.43528539874394, 48.340058395441986, 71.99999999999999, 0, 21.364466836626104, 0, 49.631299882008335, 71.43528539874394, 5.916313893219536, 0, 0, 46.741606495474436, 20.45156316730238, 47.00182704057743, 59.087296790218005, 15.749999999999996, 67.55213288593816, 67.49999999999997, 58.50577072183764, 13.47604831233339, 12.818680101975662, 142.49999999999994, 10.846575470902483, 28.50823956654271, 8.819171036881968, 47.947888378947404, 22.350519152162697, 86.20933466113775, 81.36611361275922, 72.74999999999999, 20.341528403189805, 78.0877866387909, 80.88179150792136, 65.86780625794795, 9.686442096757052, 46.741606495474436, 141.9886536937997, 40.499999999999986, 95.24704719832526, 0, 119.05880899790658, 116.51193561978324, 17.420257574479745, 79.94701965400021, 1.4529663145135576, 52.26077272343924, 21.364466836626104, 0, 82.90020774669051, 60.73494516350404, 5.587629788040674, 0, 0, 15.749999999999996, 23.731783137054773, 0, 59.49182303737423, 84.74999999999997, 82.90020774669051, 0, 15.013985249973427, 0, 0, 64.09340050987832, 121.70456030897117, 40.19873470154176, 10.499999999999998, 157.86316156018725, 104.7367931901243, 0, 33.8544628334229, 22.499999999999993, 37.4699879903904, 36.155251569674945, 83.24999999999997, 29.543648395109003, 0.8819171036881969, 3.5276684147527875, 152.57165893805805, 125.99999999999997, 23.993939678057007, 147.74999999999997, 130.49999999999997, 17.43559577416269, 6.197443384031024, 93.95848833854338, 0, 35.83983575800108, 27.609464835024504, 12.161311891617936, 1.8592330152093073, 0, 156.98124445649904, 143.24999999999997, 2.6457513110645907, 58.17708661665877, 104.7367931901243, 142.8705707974879, 45.86108104182958, 14.999999999999995, 29.99999999999999, 118.49999999999997, 27.609464835024504, 0], "B": 2714.9105922724902}, "solution": [0.0, 0.0, 0.0, 0.0, 0.0, 0.0, 0.0, 0.0, 1.0, 0.0, 0.0, 0.0, 0.0, 0.0, 0.0, 0.0, 0.0, 0.0, 0.0, 0.0, 0.0, 0.0, 0.0, 0.0, 0.0, 0.0, 0.0, 0.0, 0.0, 0.0, 0.0, 0.0, 0.0, 0.0, 0.0, 0.0, 0.0, 0.0, 0.0, 0.0, 1.0, 1.0, 0.0, 1.0, 0.0, 0.0, 0.0, 0.0, 0.0, 0.0, 0.0, 0.0, 0.0, 0.0, 0.0, 0.0, 0.0, 0.0, 0.0, 0.0, 0.0, 0.0, 0.0, 0.0, 0.0, 0.0, 0.0, 0.0, 0.0, 0.0, 0.0, 0.0, 0.0, 1.0, 0.0, 1.0, 0.0, 0.0, 0.0, 0.0, 0.0, 0.0, 0.0, 0.0, 0.0, 0.0, 0.0, 0.0, 0.0, 0.0, 0.0, 0.0, 0.0, 0.0, 0.0, 0.0, 0.0, 0.0, 0.0, 0.0, 0.0, 0.0, 0.0, 0.0, 0.0, 0.0, 0.0, 0.0, 0.0, 0.0, 0.0, 0.0, 0.0, 0.0, 0.0, 0.0, 0.0, 0.0, 0.0, 0.0, 0.0, 0.0, 0.0, 0.0, 0.0, 0.0, 0.0, 0.0, 0.0, 0.0, 0.0, 0.0, 1.0, 0.0, 0.0, 0.0, 0.0, 0.0, 0.0, 0.0, 0.0, 0.0, 0.0, 0.0, 0.0, 0.0, 0.0, 0.0, 0.0, 0.0, 0.0, 0.0, 0.0, 0.0, 0.0, 0.0, 0.0, 0.0, 0.0, 0.0, 0.0, 0.0, 0.0, 1.0, 0.0, 0.0, 0.0, 0.0, 0.0, 0.0, 0.0, 0.0, 0.0, 0.0, 1.0, 0.0, 0.0, 1.0, 0.0, 0.0, 0.0, 0.0, 0.0, 0.0, 0.0, 0.0, 0.0, 0.0, 1.0, 0.0, 0.0, 0.0, 0.0, 1.0, 0.0, 0.0, 0.0, 0.0, 0.0, 0.0], "objective_value": 1761.9759999999999, "solve_time": 51.56217074394226}