{"instance": {"c": [82.321, 94.025, 94.336, 81.236, 155.264, 89.321, 90.736, 110.40100000000001, 114.1, 81.449, 111.616, 82.544, 106.481, 120.625, 90.164, 112.849, 95.921, 123.361, 116.225, 87.424, 139.16899999999998, 105.344, 148.4, 95.281, 124.756, 106.1, 93.71600000000001, 103.856, 86.641, 89.881, 123.361, 113.26400000000001, 136.56400000000002, 147.841, 110.0, 86.129, 142.361, 108.025, 158.209, 95.281, 90.164, 91.904, 104.969, 142.361, 157.616, 148.4, 103.489, 86.129, 80.404, 93.409, 147.841, 122.441, 80.201, 129.536, 148.4, 103.124, 98.224, 82.769, 108.809, 89.6, 150.656, 102.761, 106.1, 123.361, 85.376, 89.321, 155.849, 105.721, 137.08100000000002, 95.6, 155.264, 149.524, 85.876, 132.5, 86.641, 120.176, 113.681, 123.824, 100.976, 98.224, 88.769, 154.681, 104.225, 94.336, 143.98399999999998, 106.1, 117.089, 157.025, 112.025, 98.9, 143.98399999999998, 111.209, 132.5, 114.1, 127.12100000000001, 93.409, 147.284, 98.561, 81.449, 137.6, 122.441, 119.729, 122.441, 102.4, 105.344, 82.769, 148.961, 94.964, 157.616, 158.209, 98.9, 94.025, 124.756, 81.236, 98.224, 133.001, 142.9, 133.50400000000002, 147.841, 86.641, 109.20400000000001, 89.321, 106.481, 81.664, 106.864, 140.225, 154.1, 96.244, 94.649, 100.276, 147.284, 155.849, 103.489, 119.729, 132.5, 86.384, 84.884, 117.089, 160.0, 120.176, 112.025, 98.224, 124.756, 93.71600000000001, 160.0, 101.32900000000001, 136.049, 141.824, 81.881, 122.9, 117.089, 132.001, 107.636, 145.07600000000002, 126.16900000000001, 155.264, 160.0, 122.9, 84.4, 145.625, 147.284, 106.1, 105.344, 80.201, 139.16899999999998, 158.804, 127.6, 113.26400000000001, 104.225, 100.276, 134.00900000000001, 157.616, 110.0, 100.976, 82.321, 158.209, 120.176, 136.049, 121.98400000000001, 88.769, 132.5, 101.32900000000001, 106.481, 89.321, 126.16900000000001, 102.041, 83.68900000000001, 146.176, 81.236, 81.025, 132.001, 92.801, 93.104, 130.51600000000002, 116.656, 121.076, 86.129, 116.656, 112.025, 131.50400000000002], "p": [11, 55, 56, 6, 192, 39, 44, 101, 110, 7, 104, 12, 91, 125, 42, 107, 61, 131, 115, 32, 163, 88, 180, 59, 134, 90, 54, 84, 29, 41, 131, 108, 158, 179, 100, 27, 169, 95, 197, 59, 42, 48, 87, 169, 196, 180, 83, 27, 2, 53, 179, 129, 1, 144, 180, 82, 68, 13, 97, 40, 184, 81, 90, 131, 24, 39, 193, 89, 159, 60, 192, 182, 26, 150, 29, 124, 109, 132, 76, 68, 37, 191, 85, 56, 172, 90, 117, 195, 105, 70, 172, 103, 150, 110, 139, 53, 178, 69, 7, 160, 129, 123, 129, 80, 88, 13, 181, 58, 196, 197, 70, 55, 134, 6, 68, 151, 170, 152, 179, 29, 98, 39, 91, 8, 92, 165, 190, 62, 57, 74, 178, 193, 83, 123, 150, 28, 22, 117, 200, 124, 105, 68, 134, 54, 200, 77, 157, 168, 9, 130, 117, 149, 94, 174, 137, 192, 200, 130, 20, 175, 178, 90, 88, 1, 163, 198, 140, 108, 85, 74, 153, 196, 100, 76, 11, 197, 124, 157, 128, 37, 150, 77, 91, 39, 137, 79, 17, 176, 6, 5, 149, 51, 52, 146, 116, 126, 27, 116, 105, 148], "q": [0, 0, 34.70568295057374, 0, 143.99999999999997, 34.39476704383968, 0, 75.74999999999999, 36.155251569674945, 6.173419725817379, 50.36949890313666, 10.583005244258363, 68.24999999999999, 77.4680423003878, 37.04051835490427, 35.16919925413836, 29.543648395109003, 81.18650833080642, 37.79867209556926, 28.2213473180223, 143.7524879011761, 0, 87.17797887081346, 44.249999999999986, 100.49999999999997, 79.37253933193772, 47.62352359916263, 74.08103670980854, 17.97258581368997, 13.47604831233339, 63.44619573375868, 80.99999999999997, 118.49999999999997, 0, 0, 20.249999999999993, 104.7367931901243, 83.78212485037871, 64.75076872023604, 36.564915965783044, 0, 29.747728243348917, 65.24999999999999, 126.74999999999997, 64.42208461505717, 111.55398091255843, 0, 8.874470839829305, 0, 17.420257574479745, 86.6936567659756, 0, 0, 69.74238309665076, 158.74507866387543, 39.71441259670391, 59.970363050797395, 4.272893367325221, 31.882358202349725, 35.276684147527874, 162.2727470786282, 39.23009049186605, 43.58898943540673, 115.53114058315379, 17.999999999999996, 12.818680101975662, 170.21000101182202, 78.49062222824952, 0, 52.91502622129181, 0, 160.50891287125185, 8.545786734650441, 112.49999999999997, 21.749999999999993, 0, 96.12896430201346, 116.41305768684198, 0, 42.14261501141096, 27.749999999999993, 168.4461668044456, 0, 27.12203787091974, 151.68974183436987, 55.776990456279215, 103.18430113151904, 0, 34.511831043780624, 23.00788736252042, 83.30340203211064, 77.24999999999997, 72.64831572567788, 68.17187722434127, 67.32077257246151, 46.741606495474436, 156.98124445649904, 22.67920325734156, 2.3007887362520423, 119.99999999999996, 113.76730637577741, 59.57161889505586, 96.74999999999997, 38.74576838702821, 28.924201255739955, 8.056676399240331, 135.74999999999997, 19.063678100374062, 64.42208461505717, 64.75076872023604, 33.902547338649676, 18.077625784837473, 118.17689189421839, 5.291502622129181, 59.970363050797395, 113.24999999999997, 55.87629788040673, 134.05139976060593, 58.83445482701651, 17.97258581368997, 73.49999999999999, 12.818680101975662, 80.25445643562593, 2.629472841430905, 44.55763364508243, 102.2578158365119, 62.449979983983994, 46.499999999999986, 42.74999999999999, 65.26186567292658, 86.20933466113775, 0, 51.438780087457495, 108.47580375364822, 49.30261577682948, 24.693678903269515, 0, 56.66568626602874, 96.86442096757051, 0, 0, 22.350519152162697, 118.17689189421839, 0, 123.94886768062048, 57.749999999999986, 76.03857045954285, 125.99999999999997, 7.937253933193772, 114.6492234794656, 38.45604030592698, 92.34190642206225, 58.25596780989162, 0, 84.90497436122503, 143.99999999999997, 123.94886768062048, 114.6492234794656, 6.573682103577263, 0, 86.20933466113775, 0, 65.99999999999999, 0, 101.01832715970569, 148.49999999999994, 0, 66.93238854753506, 63.74999999999998, 45.86108104182958, 94.82088377567466, 64.42208461505717, 74.99999999999997, 67.02569988030297, 5.327543153216378, 147.74999999999997, 0, 97.29986112928707, 112.8853892720892, 32.63093283646329, 0, 25.308676098772462, 68.24999999999999, 12.818680101975662, 0, 25.966044309130186, 5.587629788040674, 155.21741024912265, 3.7184660304186146, 4.409585518440984, 0, 44.97777228809804, 0, 128.75989713847676, 102.30238402783084, 41.41419725253676, 20.249999999999993, 71.89034325475988, 34.511831043780624, 0], "B": 4454.105172595591}, "solution": [0.0, 0.0, 0.0, 0.0, 1.0, 0.0, 0.0, 0.0, 0.0, 0.0, 0.0, 0.0, 0.0, 0.0, 0.0, 0.0, 0.0, 0.0, 0.0, 0.0, 1.0, 0.0, 0.0, 0.0, 0.0, 0.0, 0.0, 0.0, 0.0, 0.0, 0.0, 0.0, 0.0, 0.0, 0.0, 0.0, 0.0, 0.0, 0.0, 0.0, 0.0, 0.0, 0.0, 1.0, 0.0, 1.0, 0.0, 0.0, 0.0, 0.0, 0.0, 0.0, 0.0, 0.0, 1.0, 0.0, 0.0, 0.0, 0.0, 0.0, 1.0, 0.0, 0.0, 0.0, 0.0, 0.0, 1.0, 0.0, 0.0, 0.0, 0.0, 1.0, 0.0, 0.0, 0.0, 0.0, 0.0, 0.0, 0.0, 0.0, 0.0, 1.0, 0.0, 0.0, 1.0, 0.0, 0.0, 0.0, 0.0, 0.0, 0.0, 0.0, 0.0, 0.0, 0.0, 0.0, 1.0, 0.0, 0.0, 0.0, 0.0, 0.0, 0.0, 0.0, 0.0, 0.0, 1.0, 0.0, 0.0, 0.0, 0.0, 0.0, 0.0, 0.0, 0.0, 0.0, 0.0, 0.0, 0.0, 0.0, 0.0, 0.0, 0.0, 0.0, 0.0, 0.0, 0.0, 0.0, 0.0, 0.0, 0.0, 0.0, 0.0, 0.0, 0.0, 0.0, 0.0, 0.0, 0.0, 0.0, 0.0, 0.0, 0.0, 0.0, 1.0, 0.0, 0.0, 1.0, 0.0, 0.0, 0.0, 0.0, 0.0, 0.0, 0.0, 1.0, 1.0, 0.0, 0.0, 0.0, 0.0, 0.0, 0.0, 0.0, 0.0, 1.0, 0.0, 0.0, 0.0, 0.0, 0.0, 0.0, 0.0, 0.0, 0.0, 1.0, 0.0, 0.0, 0.0, 0.0, 0.0, 0.0, 0.0, 0.0, 0.0, 0.0, 0.0, 1.0, 0.0, 0.0, 0.0, 0.0, 0.0, 0.0, 0.0, 0.0, 0.0, 0.0, 0.0, 0.0], "objective_value": 2864.81, "solve_time": 14.618307113647461}