{"instance": {"c": [132.5, 141.824, 91.904, 94.336, 89.6, 138.121, 113.681, 114.521, 104.225, 119.729, 96.569, 142.361, 154.1, 96.244, 150.656, 122.441, 127.12100000000001, 85.129, 110.0, 81.236, 89.6, 98.561, 80.404, 127.6, 152.369, 88.769, 103.124, 110.40100000000001, 91.609, 108.416, 98.561, 84.4, 137.6, 128.08100000000002, 110.0, 130.025, 89.6, 102.761, 89.044, 103.856, 140.225, 103.489, 91.904, 148.4, 92.201, 98.9, 85.376, 128.08100000000002, 151.225, 102.4, 146.176, 82.544, 93.409, 85.376, 157.025, 119.284, 106.481, 160.0, 129.536, 86.9, 118.84100000000001, 118.84100000000001, 106.1, 96.569, 81.881, 105.721, 120.625, 81.449, 98.9, 120.176, 87.956, 102.041, 117.524, 151.225, 98.224, 138.121, 132.001, 103.124, 104.969, 80.816, 82.544, 114.944, 100.276, 152.369, 81.881, 89.321, 146.72899999999998, 133.50400000000002, 121.529, 134.51600000000002, 95.921, 87.956, 82.769, 115.369, 134.00900000000001, 129.049, 122.441, 81.664, 80.201, 87.956, 103.856, 101.32900000000001, 122.441, 105.721, 154.681, 98.224, 154.1, 134.51600000000002, 94.025, 103.856, 84.161, 124.756, 87.956, 100.276, 117.089, 121.529, 139.16899999999998, 112.849, 139.16899999999998, 108.809, 94.336, 97.225, 93.71600000000001, 80.609, 125.696, 140.756, 106.481, 103.856, 82.1, 94.336, 123.824, 156.436, 129.049, 90.164, 122.441, 87.424, 117.961, 89.044, 121.529, 102.761, 126.16900000000001, 94.964, 97.225, 97.225, 106.1, 120.625, 151.225, 146.176, 141.289, 94.336, 120.625, 143.98399999999998, 98.9, 114.521, 95.921, 110.40100000000001, 102.4, 101.32900000000001, 96.244, 123.361, 129.536, 104.969, 133.001, 81.881, 150.656, 90.164, 85.129, 116.225, 147.284, 142.9, 103.124, 122.441, 137.08100000000002, 86.9, 92.801, 116.656, 104.969, 126.644, 106.864, 126.644, 159.401, 84.884, 135.536, 142.361, 106.864, 88.225, 95.6, 125.225, 154.1, 155.849, 154.681, 118.4, 109.601, 118.84100000000001, 91.609, 115.79599999999999, 117.524, 137.08100000000002, 138.644, 155.849], "p": [150, 168, 48, 56, 40, 161, 109, 111, 85, 123, 63, 169, 190, 62, 184, 129, 139, 23, 100, 6, 40, 69, 2, 140, 187, 37, 82, 101, 47, 96, 69, 20, 160, 141, 100, 145, 40, 81, 38, 84, 165, 83, 48, 180, 49, 70, 24, 141, 185, 80, 176, 12, 53, 24, 195, 122, 91, 200, 144, 30, 121, 121, 90, 63, 9, 89, 125, 7, 70, 124, 34, 79, 118, 185, 68, 161, 149, 82, 87, 4, 12, 112, 74, 187, 9, 39, 177, 152, 127, 154, 61, 34, 13, 113, 153, 143, 129, 8, 1, 34, 84, 77, 129, 89, 191, 68, 190, 154, 55, 84, 19, 134, 34, 74, 117, 127, 163, 107, 163, 97, 56, 65, 54, 3, 136, 166, 91, 84, 10, 56, 132, 194, 143, 42, 129, 32, 119, 38, 127, 81, 137, 58, 65, 65, 90, 125, 185, 176, 167, 56, 125, 172, 70, 111, 61, 101, 80, 77, 62, 131, 144, 87, 151, 9, 184, 42, 23, 115, 178, 170, 82, 129, 159, 30, 51, 116, 87, 138, 92, 138, 199, 22, 156, 169, 92, 35, 60, 135, 190, 193, 191, 120, 99, 121, 47, 114, 118, 159, 162, 193], "q": [72.64831572567788, 55.21892967004901, 35.99999999999999, 18.406309890016338, 19.372884193514103, 0, 0, 0, 41.16737891121746, 0, 39.04389331939545, 55.54761377522787, 62.449979983983994, 38.42414898099235, 60.47787535291082, 62.477551524082976, 45.687090619861976, 7.559734419113853, 74.99999999999997, 5.291502622129181, 35.276684147527874, 60.852280154485584, 1.2394886768062048, 46.01577472504084, 61.463927668447404, 22.93054052091479, 61.499999999999986, 75.74999999999999, 41.450103873345256, 0, 33.418225233811825, 14.999999999999995, 141.1067365901115, 68.28941678213721, 32.86841051788631, 108.74999999999997, 13.147364207154526, 60.74999999999998, 12.4899959967968, 40.68305680637961, 0, 0, 0, 59.163138932195366, 43.21393808072165, 0, 14.873864121674458, 87.38395171483744, 0, 38.74576838702821, 85.24069045146204, 3.944209262146358, 46.741606495474436, 17.999999999999996, 0, 40.099460831821304, 44.073311540244575, 0, 89.24318473004675, 9.860523155365893, 74.98906494677539, 58.602974685380154, 29.581569466097683, 20.70709862626838, 7.937253933193772, 66.74999999999999, 41.085513147357894, 2.3007887362520423, 0, 60.05594099989371, 25.499999999999993, 25.966044309130186, 73.12983193156609, 114.65270260457393, 0, 120.74999999999997, 92.34190642206225, 50.81903574905439, 65.24999999999999, 3.5276684147527875, 3.944209262146358, 54.24407574183948, 45.86108104182958, 61.463927668447404, 4.358898943540672, 34.39476704383968, 109.69474789734912, 49.9599839871872, 61.50890731440727, 0, 37.80440464258925, 25.499999999999993, 4.272893367325221, 84.74999999999997, 134.93331686429414, 47.00182704057743, 113.76730637577741, 4.957954707224819, 0, 29.985181525398698, 74.08103670980854, 25.308676098772462, 113.76730637577741, 0, 62.77866408916286, 50.999999999999986, 92.02119991919197, 115.49999999999997, 34.08593861217064, 62.999999999999986, 6.2449979983984, 118.17689189421839, 25.499999999999993, 45.86108104182958, 87.74999999999999, 0, 101.01832715970569, 66.31264420913196, 101.01832715970569, 85.5459590577551, 34.70568295057374, 57.3246117397328, 17.74894167965861, 2.2499999999999996, 65.86780625794795, 146.39823921224067, 29.910253571276545, 62.999999999999986, 8.819171036881968, 0, 116.41305768684198, 63.76471640469945, 126.11414582741214, 26.0292622129303, 96.74999999999997, 23.999999999999993, 73.74957626996918, 28.49999999999999, 78.70753097719401, 26.623412519487914, 84.90497436122503, 51.15119201391542, 21.364466836626104, 40.283381996201655, 29.581569466097683, 41.085513147357894, 114.65270260457393, 85.24069045146204, 0, 27.12203787091974, 110.23963796102463, 151.68974183436987, 61.734197258173786, 0, 0, 62.59417817871335, 26.294728414309052, 67.90761698399116, 0, 81.18650833080642, 0, 42.136023120893164, 113.24999999999997, 2.958156946609768, 60.47787535291082, 20.341528403189805, 20.284093384828527, 86.24999999999997, 110.31449223575223, 127.49999999999996, 50.81903574905439, 79.94701965400021, 119.24999999999997, 0, 24.70042734673048, 0, 76.72678802087313, 45.35840651468312, 81.1363735393141, 66.83645046762365, 96.38009886273265, 0, 116.99999999999997, 55.54761377522787, 81.1363735393141, 21.691051844108582, 19.721046310731786, 44.37235419914652, 62.449979983983994, 93.47416623370553, 0, 0, 47.947888378947404, 106.71196954627182, 41.450103873345256, 37.4699879903904, 73.12983193156609, 77.00721466921854, 78.4601809837321, 93.47416623370553], "B": 5797.55348758698}, "solution": [0.0, 0.0, 0.0, 0.0, 0.0, 0.0, 0.0, 0.0, 0.0, 0.0, 0.0, 0.0, 0.0, 0.0, 0.0, 0.0, 0.0, 0.0, 0.0, 0.0, 0.0, 0.0, 0.0, 0.0, 0.0, 0.0, 0.0, 0.0, 0.0, 0.0, 0.0, 0.0, 1.0, 0.0, 0.0, 1.0, 0.0, 0.0, 0.0, 0.0, 0.0, 0.0, 0.0, 0.0, 0.0, 0.0, 0.0, 1.0, 0.0, 0.0, 1.0, 0.0, 0.0, 0.0, 0.0, 0.0, 0.0, 0.0, 0.0, 0.0, 0.0, 0.0, 0.0, 0.0, 0.0, 0.0, 0.0, 0.0, 0.0, 0.0, 0.0, 0.0, 0.0, 1.0, 0.0, 1.0, 0.0, 0.0, 0.0, 0.0, 0.0, 0.0, 0.0, 0.0, 0.0, 0.0, 1.0, 0.0, 0.0, 0.0, 0.0, 0.0, 0.0, 0.0, 1.0, 0.0, 1.0, 0.0, 0.0, 0.0, 0.0, 0.0, 1.0, 0.0, 0.0, 0.0, 0.0, 1.0, 0.0, 0.0, 0.0, 1.0, 0.0, 0.0, 0.0, 0.0, 1.0, 0.0, 1.0, 0.0, 0.0, 0.0, 0.0, 0.0, 0.0, 1.0, 0.0, 0.0, 0.0, 0.0, 1.0, 0.0, 1.0, 0.0, 1.0, 0.0, 0.0, 0.0, 0.0, 0.0, 0.0, 0.0, 0.0, 0.0, 0.0, 0.0, 1.0, 0.0, 0.0, 0.0, 1.0, 1.0, 0.0, 0.0, 0.0, 0.0, 0.0, 0.0, 0.0, 0.0, 0.0, 0.0, 1.0, 0.0, 0.0, 0.0, 0.0, 0.0, 1.0, 1.0, 0.0, 0.0, 1.0, 0.0, 0.0, 0.0, 0.0, 0.0, 0.0, 0.0, 0.0, 0.0, 1.0, 0.0, 0.0, 0.0, 0.0, 0.0, 0.0, 1.0, 0.0, 0.0, 0.0, 1.0, 0.0, 0.0, 0.0, 0.0, 1.0, 1.0], "objective_value": 4091.3470000000007, "solve_time": 160.23797869682312}