{"instance": {"c": [90.736, 157.025, 80.201, 95.921, 156.436, 85.625, 126.16900000000001, 89.881, 121.529, 155.264, 99.929, 140.225, 142.361, 83.456, 155.849, 126.16900000000001, 81.664, 159.401, 130.51600000000002, 123.361, 125.696, 83.456, 154.681, 89.6, 145.625, 127.12100000000001, 144.529, 91.609, 82.769, 96.244, 106.1, 83.225, 138.121, 139.696, 135.536, 85.876, 90.164, 104.225, 121.98400000000001, 85.376, 147.284, 134.51600000000002, 129.049, 126.644, 88.769, 134.00900000000001, 150.089, 139.696, 120.176, 101.32900000000001, 116.656, 142.361, 146.72899999999998, 97.225, 110.40100000000001, 116.656, 85.376, 147.284, 103.124, 107.249, 112.436, 87.424, 107.249, 80.609, 99.929, 143.441, 81.236, 125.696, 142.9, 152.369, 106.1, 83.456, 125.696, 116.225, 130.51600000000002, 85.129, 116.656, 111.209, 137.6, 126.644, 87.956, 110.0, 110.0, 156.436, 132.5, 82.996, 98.224, 80.201, 105.721, 100.625, 119.284, 125.696, 94.025, 142.361, 117.524, 86.641, 97.225, 137.6, 86.641, 160.0, 144.529, 110.804, 106.1, 82.1, 98.9, 94.964, 134.00900000000001, 94.025, 154.681, 117.961, 105.344, 127.12100000000001, 102.761, 110.40100000000001, 119.284, 91.609, 130.51600000000002, 82.996, 126.16900000000001, 134.51600000000002, 93.71600000000001, 107.636, 96.896, 111.209, 96.569, 85.625, 82.769, 149.524, 130.51600000000002, 94.336, 130.51600000000002, 81.664, 110.0, 87.161, 129.536, 136.049, 134.51600000000002, 86.641, 154.1, 84.884, 134.00900000000001, 116.656, 98.9, 128.08100000000002, 85.876, 148.961, 85.129, 118.84100000000001, 86.129, 121.529, 122.441, 90.164, 82.544, 87.956, 85.376, 97.889, 87.689, 87.689, 94.025, 153.52100000000002, 106.481, 88.769, 124.756, 95.281, 146.176, 81.449, 156.436, 106.1, 127.6, 104.225, 148.961, 94.964, 120.625, 154.681, 117.089, 151.796, 97.556, 81.025, 89.6, 103.856, 115.369, 128.56400000000002, 99.584, 84.161, 102.761, 104.969, 160.0, 92.201, 123.824, 152.369, 135.025, 81.449, 99.241, 99.929, 81.449, 104.969, 136.049, 136.56400000000002, 157.616, 107.636], "p": [44, 195, 1, 61, 194, 25, 137, 41, 127, 192, 73, 165, 169, 16, 193, 137, 8, 199, 146, 131, 136, 16, 191, 40, 175, 139, 173, 47, 13, 62, 90, 15, 161, 164, 156, 26, 42, 85, 128, 24, 178, 154, 143, 138, 37, 153, 183, 164, 124, 77, 116, 169, 177, 65, 101, 116, 24, 178, 82, 93, 106, 32, 93, 3, 73, 171, 6, 136, 170, 187, 90, 16, 136, 115, 146, 23, 116, 103, 160, 138, 34, 100, 100, 194, 150, 14, 68, 1, 89, 75, 122, 136, 55, 169, 118, 29, 65, 160, 29, 200, 173, 102, 90, 10, 70, 58, 153, 55, 191, 119, 88, 139, 81, 101, 122, 47, 146, 14, 137, 154, 54, 94, 64, 103, 63, 25, 13, 182, 146, 56, 146, 8, 100, 31, 144, 157, 154, 29, 190, 22, 153, 116, 70, 141, 26, 181, 23, 121, 27, 127, 129, 42, 12, 34, 24, 67, 33, 33, 55, 189, 91, 37, 134, 59, 176, 7, 194, 90, 140, 85, 181, 58, 125, 191, 117, 186, 66, 5, 40, 84, 113, 142, 72, 19, 81, 87, 200, 49, 132, 187, 155, 7, 71, 73, 7, 87, 157, 158, 196, 94], "q": [0, 64.09340050987832, 0.6197443384031024, 29.543648395109003, 0, 0, 0, 25.409517874527197, 0, 169.3280839081338, 35.355513653163236, 123.74999999999996, 0, 11.999999999999996, 0, 120.82264320528297, 5.999999999999998, 96.38009886273265, 70.71102730632647, 0, 44.701038304325394, 7.749153677405641, 92.50552202402983, 13.147364207154526, 108.45525922054291, 122.58647741265936, 129.74999999999997, 41.450103873345256, 11.46492234794656, 30.027970499946854, 55.776990456279215, 7.264831572567787, 52.91814093379696, 79.42882519340782, 75.554248354705, 19.499999999999993, 31.499999999999993, 0, 79.3272753155971, 0, 86.20933466113775, 0, 47.00182704057743, 45.35840651468312, 22.93054052091479, 0, 60.149191247731956, 122.99999999999997, 76.8482979619847, 25.308676098772462, 38.127356200748125, 0, 156.09932735281086, 21.364466836626104, 48.9165325886231, 38.127356200748125, 14.873864121674458, 58.50577072183764, 39.71441259670391, 82.01829064300232, 93.48321299094887, 23.999999999999993, 0, 1.8592330152093073, 23.993939678057007, 56.2049819855856, 0, 119.94072610159479, 127.49999999999996, 164.91849838969281, 29.581569466097683, 5.25894568286181, 119.94072610159479, 0, 128.75989713847676, 20.284093384828527, 56.18136416119089, 63.83366685551955, 0, 103.49999999999997, 21.07130750570548, 61.97443384031024, 88.1917103688197, 93.95848833854338, 132.28756555322954, 6.780509467729935, 42.14261501141096, 0, 78.49062222824952, 56.249999999999986, 40.099460831821304, 44.701038304325394, 41.249999999999986, 55.54761377522787, 88.49999999999997, 21.749999999999993, 0, 99.15909414449638, 0, 65.73682103577262, 107.21577054373671, 76.49999999999999, 67.49999999999997, 4.843221048378526, 61.734197258173786, 0, 74.10128204019144, 48.50544070285083, 168.4461668044456, 104.94813533889544, 28.924201255739955, 86.14446303803123, 71.43528539874394, 0, 107.59388664996003, 15.448152943406567, 109.49999999999997, 12.346839451634757, 66.35212836278579, 115.49999999999997, 40.499999999999986, 0, 39.66363765779855, 90.83746167988427, 55.560777532356404, 8.217102629471578, 6.296187362892082, 88.14662308048915, 109.49999999999997, 34.70568295057374, 0, 4.957954707224819, 61.97443384031024, 10.189207260544759, 47.33051114575629, 138.46098527904692, 115.49999999999997, 25.57559600695771, 62.449979983983994, 0, 74.10128204019144, 56.18136416119089, 61.734197258173786, 124.35031162003577, 22.92984469589312, 112.17372525096152, 14.254119783271355, 0, 23.811761799581316, 112.003472168401, 113.76730637577741, 13.804732417512252, 7.436932060837229, 11.175259576081348, 14.873864121674458, 32.449581024136116, 15.982629459649134, 20.45156316730238, 41.249999999999986, 117.13167995818634, 56.39673479468232, 32.63093283646329, 100.49999999999997, 28.575004185433297, 57.84840251147991, 6.173419725817379, 63.76471640469945, 67.49999999999997, 46.01577472504084, 63.74999999999998, 87.6623009756513, 19.063678100374062, 93.74999999999997, 92.50552202402983, 87.74999999999999, 115.27244694297704, 49.49999999999999, 1.6434205258943158, 35.276684147527874, 27.609464835024504, 99.65663271676625, 68.77373888697505, 23.665255572878145, 0, 39.23009049186605, 0, 0, 36.74999999999999, 98.99999999999999, 61.463927668447404, 0, 3.3902547338649676, 34.38686944348753, 0, 5.249999999999999, 76.72678802087313, 0, 97.91960546769018, 146.99999999999997, 58.25596780989162], "B": 3595.5258658764933}, "solution": [0.0, 0.0, 0.0, 0.0, 0.0, 0.0, 0.0, 0.0, 0.0, 1.0, 0.0, 1.0, 0.0, 0.0, 0.0, 1.0, 0.0, 0.0, 0.0, 0.0, 0.0, 0.0, 0.0, 0.0, 0.0, 1.0, 1.0, 0.0, 0.0, 0.0, 0.0, 0.0, 0.0, 0.0, 0.0, 0.0, 0.0, 0.0, 0.0, 0.0, 0.0, 0.0, 0.0, 0.0, 0.0, 0.0, 0.0, 1.0, 0.0, 0.0, 0.0, 0.0, 1.0, 0.0, 0.0, 0.0, 0.0, 0.0, 0.0, 0.0, 0.0, 0.0, 0.0, 0.0, 0.0, 0.0, 0.0, 1.0, 1.0, 1.0, 0.0, 0.0, 1.0, 0.0, 1.0, 0.0, 0.0, 0.0, 0.0, 0.0, 0.0, 0.0, 0.0, 0.0, 1.0, 0.0, 0.0, 0.0, 0.0, 0.0, 0.0, 0.0, 0.0, 0.0, 0.0, 0.0, 0.0, 0.0, 0.0, 0.0, 0.0, 0.0, 0.0, 0.0, 0.0, 0.0, 0.0, 0.0, 1.0, 0.0, 0.0, 0.0, 0.0, 0.0, 0.0, 0.0, 0.0, 0.0, 0.0, 0.0, 0.0, 0.0, 0.0, 0.0, 0.0, 0.0, 0.0, 0.0, 0.0, 0.0, 0.0, 0.0, 0.0, 0.0, 0.0, 1.0, 0.0, 0.0, 0.0, 0.0, 0.0, 0.0, 0.0, 1.0, 0.0, 0.0, 0.0, 0.0, 0.0, 0.0, 0.0, 0.0, 0.0, 0.0, 0.0, 0.0, 0.0, 0.0, 0.0, 0.0, 0.0, 0.0, 0.0, 0.0, 0.0, 0.0, 0.0, 0.0, 0.0, 0.0, 0.0, 0.0, 0.0, 0.0, 0.0, 0.0, 0.0, 0.0, 0.0, 0.0, 0.0, 0.0, 0.0, 0.0, 0.0, 0.0, 0.0, 0.0, 0.0, 0.0, 0.0, 0.0, 0.0, 0.0, 0.0, 0.0, 0.0, 0.0, 1.0, 0.0], "objective_value": 2365.837, "solve_time": 15.72861361503601}