{"instance": {"c": [93.71600000000001, 102.041, 145.625, 109.601, 139.696, 125.225, 158.804, 98.9, 108.416, 100.276, 116.225, 145.07600000000002, 109.20400000000001, 158.209, 111.616, 154.1, 117.089, 107.636, 154.681, 137.08100000000002, 118.84100000000001, 114.944, 86.129, 114.521, 89.881, 125.225, 85.625, 118.4, 97.556, 98.224, 95.921, 152.94400000000002, 127.12100000000001, 88.496, 160.0, 117.961, 105.344, 87.956, 109.20400000000001, 87.956, 109.20400000000001, 158.804, 114.521, 137.6, 108.416, 118.84100000000001, 90.449, 131.50400000000002, 121.529, 152.369, 146.72899999999998, 111.209, 144.529, 80.609, 117.961, 103.124, 130.51600000000002, 126.16900000000001, 117.524, 91.025, 123.361, 99.584, 88.496, 83.924, 88.769, 86.384, 159.401, 131.50400000000002, 83.68900000000001, 116.656, 150.656, 84.4, 95.281, 96.244, 124.756, 121.076, 81.449, 90.164, 95.921, 102.041, 160.0, 116.225, 92.201, 98.224, 117.961, 114.944, 90.164, 155.849, 108.809, 103.856, 147.841, 83.225, 150.089, 100.625, 115.79599999999999, 106.481, 129.049, 132.001, 106.864, 95.281, 91.316, 118.4, 82.769, 147.841, 108.416, 139.16899999999998, 114.521, 84.641, 134.00900000000001, 110.40100000000001, 111.616, 83.225, 100.625, 154.681, 120.176, 118.84100000000001, 138.121, 121.98400000000001, 122.9, 87.956, 134.00900000000001, 95.281, 146.176, 140.225, 91.316, 84.641, 110.40100000000001, 99.584, 108.025, 81.025, 139.696, 94.964, 117.961, 110.804, 104.969, 120.625, 153.52100000000002, 106.864, 117.524, 114.944, 136.049, 85.876, 124.289, 93.71600000000001, 98.9, 80.201, 128.08100000000002, 113.26400000000001, 97.225, 138.121, 88.225, 88.496, 136.049, 133.001, 133.50400000000002, 133.50400000000002, 147.284, 93.104, 82.769, 123.824, 107.636, 117.089, 85.129, 90.736, 110.804, 81.664, 132.001, 101.684, 96.244, 104.969, 113.26400000000001, 123.824, 116.225, 119.729, 80.201, 101.684, 104.969, 148.961, 150.656, 145.07600000000002, 131.50400000000002, 100.976, 115.79599999999999, 111.209, 128.56400000000002, 124.289, 150.656, 136.56400000000002, 119.284, 99.241, 81.025, 80.816, 113.681, 80.201, 89.6, 99.929, 107.636, 132.001, 102.041, 124.756], "p": [54, 79, 175, 99, 164, 135, 198, 70, 96, 74, 115, 174, 98, 197, 104, 190, 117, 94, 191, 159, 121, 112, 27, 111, 41, 135, 25, 120, 66, 68, 61, 188, 139, 36, 200, 119, 88, 34, 98, 34, 98, 198, 111, 160, 96, 121, 43, 148, 127, 187, 177, 103, 173, 3, 119, 82, 146, 137, 118, 45, 131, 72, 36, 18, 37, 28, 199, 148, 17, 116, 184, 20, 59, 62, 134, 126, 7, 42, 61, 79, 200, 115, 49, 68, 119, 112, 42, 193, 97, 84, 179, 15, 183, 75, 114, 91, 143, 149, 92, 59, 46, 120, 13, 179, 96, 163, 111, 21, 153, 101, 104, 15, 75, 191, 124, 121, 161, 128, 130, 34, 153, 59, 176, 165, 46, 21, 101, 72, 95, 5, 164, 58, 119, 102, 87, 125, 189, 92, 118, 112, 157, 26, 133, 54, 70, 1, 141, 108, 65, 161, 35, 36, 157, 151, 152, 152, 178, 52, 13, 132, 94, 117, 23, 44, 102, 8, 149, 78, 62, 87, 108, 132, 115, 123, 1, 78, 87, 181, 184, 174, 148, 76, 114, 103, 142, 133, 184, 158, 122, 71, 5, 4, 109, 1, 40, 73, 94, 149, 79, 134], "q": [26.153393661244035, 69.67145119136755, 57.519718406301045, 0, 53.90419324933356, 65.38348415311009, 65.0794528254149, 61.734197258173786, 0, 0, 86.24999999999997, 153.45357604174626, 32.21104230752859, 122.08963466541118, 50.36949890313666, 92.02119991919197, 38.45604030592698, 45.526277854758135, 168.4461668044456, 140.2248194864233, 74.98906494677539, 54.24407574183948, 8.874470839829305, 83.24999999999997, 30.749999999999993, 83.66548568441883, 22.047927592204925, 74.36932060837229, 40.90312633460476, 0, 29.543648395109003, 140.99999999999994, 45.687090619861976, 0, 0, 39.113408516284714, 28.924201255739955, 16.466951564486987, 47.463566274109546, 21.07130750570548, 47.463566274109546, 65.0794528254149, 53.75975363700163, 99.15909414449638, 59.49545648669783, 90.74999999999997, 37.92243545859247, 91.72216208365916, 61.50890731440727, 90.56823360467843, 58.17708661665877, 63.83366685551955, 152.57165893805805, 1.8592330152093073, 89.24999999999997, 0, 70.71102730632647, 120.82264320528297, 88.49999999999997, 39.68626966596886, 115.53114058315379, 0, 17.43559577416269, 0, 17.91991787900054, 24.693678903269515, 0, 130.52373134585315, 5.587629788040674, 56.18136416119089, 60.47787535291082, 14.999999999999995, 36.564915965783044, 38.42414898099235, 64.89916204827223, 61.02458520956942, 0, 13.804732417512252, 45.74999999999999, 38.26144628219035, 96.86442096757051, 71.27059891635678, 43.21393808072165, 0, 73.74957626996918, 36.812619780032676, 31.499999999999993, 63.43603229952059, 31.882358202349725, 52.0585244258606, 0, 7.264831572567787, 137.24999999999994, 56.249999999999986, 85.49999999999999, 56.39673479468232, 107.24999999999997, 92.34190642206225, 0, 44.249999999999986, 22.278816822541216, 105.83005244258362, 9.749999999999996, 0, 84.6640419540669, 0, 97.89279850938986, 0, 134.93331686429414, 62.59417817871335, 64.45341119392265, 9.296165076046536, 0, 62.77866408916286, 92.99999999999997, 58.602974685380154, 77.97585887889426, 95.99999999999997, 42.72893367325221, 11.175259576081348, 74.10128204019144, 36.564915965783044, 131.99999999999997, 79.91314729824566, 0, 13.01463110646515, 0, 23.665255572878145, 31.224989991991997, 0, 0, 19.063678100374062, 0, 49.40085469346096, 28.595517150561093, 60.540263104731565, 91.53687781435413, 81.1363735393141, 104.06621823520724, 83.99999999999999, 138.46098527904692, 19.499999999999993, 43.7149859887888, 40.499999999999986, 33.902547338649676, 0.6197443384031024, 0, 35.49788335931722, 31.480936814460414, 120.74999999999997, 30.867098629086893, 11.832627786439073, 51.603404513081514, 133.16948265691772, 134.05139976060593, 113.99999999999996, 156.98124445649904, 45.85968939178624, 9.749999999999996, 81.80625266920951, 45.526277854758135, 103.18430113151904, 14.254119783271355, 21.31017261286551, 0, 3.8745768387028203, 72.16399362084003, 48.340058395441986, 0, 53.9177574410699, 35.49788335931722, 116.41305768684198, 101.42046692414264, 108.47580375364822, 0.8819171036881969, 58.499999999999986, 42.136023120893164, 59.49182303737423, 137.99999999999997, 57.19103430112219, 0, 36.808479967676796, 55.21271995151518, 33.8544628334229, 68.77373888697505, 64.41483994343439, 137.99999999999997, 0, 75.6088092851785, 0, 1.6434205258943158, 1.9372884193514102, 67.55213288593816, 0.48432210483785254, 29.99999999999999, 0, 30.896305886813135, 72.16399362084003, 48.95980273384509, 0], "B": 10927.681890082338}, "solution": [0.0, 0.0, 0.0, 0.0, 0.0, 0.0, 1.0, 0.0, 0.0, 0.0, 1.0, 1.0, 0.0, 1.0, 0.0, 1.0, 0.0, 0.0, 1.0, 1.0, 0.0, 0.0, 0.0, 1.0, 0.0, 1.0, 0.0, 0.0, 0.0, 0.0, 0.0, 1.0, 0.0, 0.0, 0.0, 0.0, 0.0, 0.0, 0.0, 0.0, 0.0, 1.0, 0.0, 1.0, 0.0, 1.0, 0.0, 1.0, 0.0, 1.0, 1.0, 0.0, 1.0, 0.0, 1.0, 0.0, 1.0, 1.0, 1.0, 0.0, 1.0, 0.0, 0.0, 0.0, 0.0, 0.0, 0.0, 1.0, 0.0, 0.0, 1.0, 0.0, 0.0, 0.0, 0.0, 0.0, 0.0, 0.0, 0.0, 0.0, 1.0, 0.0, 0.0, 0.0, 0.0, 0.0, 0.0, 1.0, 0.0, 0.0, 0.0, 0.0, 1.0, 0.0, 1.0, 0.0, 1.0, 1.0, 0.0, 0.0, 0.0, 1.0, 0.0, 0.0, 0.0, 0.0, 1.0, 0.0, 1.0, 0.0, 0.0, 0.0, 0.0, 1.0, 1.0, 0.0, 1.0, 1.0, 0.0, 0.0, 0.0, 0.0, 1.0, 1.0, 0.0, 0.0, 0.0, 0.0, 0.0, 0.0, 0.0, 0.0, 0.0, 0.0, 0.0, 0.0, 1.0, 0.0, 1.0, 1.0, 1.0, 0.0, 0.0, 0.0, 0.0, 0.0, 0.0, 0.0, 0.0, 1.0, 0.0, 0.0, 0.0, 1.0, 1.0, 1.0, 1.0, 0.0, 0.0, 1.0, 0.0, 1.0, 0.0, 0.0, 0.0, 0.0, 1.0, 0.0, 0.0, 0.0, 0.0, 1.0, 1.0, 1.0, 0.0, 0.0, 0.0, 1.0, 1.0, 0.0, 0.0, 0.0, 0.0, 0.0, 1.0, 0.0, 1.0, 0.0, 0.0, 0.0, 0.0, 0.0, 0.0, 0.0, 0.0, 0.0, 0.0, 1.0, 0.0, 0.0], "objective_value": 7986.992, "solve_time": 15.83910584449768}