{"instance": {"c": [83.456, 127.12100000000001, 141.824, 90.449, 81.881, 129.536, 94.649, 103.489, 103.124, 95.6, 141.289, 92.5, 113.681, 147.284, 151.225, 147.841, 86.641, 109.20400000000001, 96.569, 144.529, 83.68900000000001, 112.849, 115.79599999999999, 151.225, 81.664, 98.9, 139.16899999999998, 114.1, 144.529, 141.824, 92.5, 134.00900000000001, 113.681, 105.344, 90.736, 82.1, 87.689, 87.424, 117.524, 158.804, 147.841, 141.289, 117.961, 148.961, 94.025, 127.6, 90.736, 87.689, 99.241, 117.961, 97.556, 95.921, 111.209, 87.424, 85.876, 81.449, 107.249, 157.025, 153.52100000000002, 129.049, 158.209, 84.161, 80.609, 132.001, 158.209, 117.961, 119.729, 135.536, 140.225, 86.641, 86.384, 119.729, 81.664, 91.904, 92.801, 107.249, 147.841, 124.756, 137.08100000000002, 92.5, 82.996, 96.896, 155.264, 123.361, 118.4, 89.6, 112.025, 104.969, 156.436, 95.921, 116.656, 84.884, 157.025, 145.625, 114.1, 104.969, 96.244, 94.025, 88.225, 102.761, 122.9, 108.809, 125.225, 128.08100000000002, 135.025, 83.225, 99.584, 111.616, 89.881, 120.625, 100.976, 123.824, 121.076, 84.884, 157.616, 94.964, 152.369, 115.369, 141.824, 135.025, 132.001, 87.424, 93.71600000000001, 85.876, 110.40100000000001, 86.384, 124.289, 85.625, 103.124, 99.241, 88.769, 138.121, 149.524, 112.025, 121.98400000000001, 94.025, 151.225, 84.4, 85.129, 98.9, 137.6, 145.625, 142.361, 140.756, 81.664, 112.436, 94.025, 82.544, 151.225, 90.449, 81.881, 117.961, 90.164, 84.161, 83.225, 93.71600000000001, 106.864, 108.025, 145.07600000000002, 87.956, 97.889, 112.025, 102.761, 126.644, 119.729, 128.56400000000002, 140.756, 84.884, 121.98400000000001, 86.129, 83.68900000000001, 159.401, 141.824, 96.244, 97.225, 86.641, 128.08100000000002, 98.9, 125.225, 154.681, 125.696, 140.756, 104.596, 90.449, 113.681, 127.6, 103.489, 130.025, 159.401, 97.556, 134.51600000000002, 130.51600000000002, 158.209, 121.98400000000001, 84.884, 125.696, 146.176, 146.176, 83.456, 96.896], "p": [16, 139, 168, 43, 9, 144, 57, 83, 82, 60, 167, 50, 109, 178, 185, 179, 29, 98, 63, 173, 17, 107, 114, 185, 8, 70, 163, 110, 173, 168, 50, 153, 109, 88, 44, 10, 33, 32, 118, 198, 179, 167, 119, 181, 55, 140, 44, 33, 71, 119, 66, 61, 103, 32, 26, 7, 93, 195, 189, 143, 197, 19, 3, 149, 197, 119, 123, 156, 165, 29, 28, 123, 8, 48, 51, 93, 179, 134, 159, 50, 14, 64, 192, 131, 120, 40, 105, 87, 194, 61, 116, 22, 195, 175, 110, 87, 62, 55, 35, 81, 130, 97, 135, 141, 155, 15, 72, 104, 41, 125, 76, 132, 126, 22, 196, 58, 187, 113, 168, 155, 149, 32, 54, 26, 101, 28, 133, 25, 82, 71, 37, 161, 182, 105, 128, 55, 185, 20, 23, 70, 160, 175, 169, 166, 8, 106, 55, 12, 185, 43, 9, 119, 42, 19, 15, 54, 92, 95, 174, 34, 67, 105, 81, 138, 123, 142, 166, 22, 128, 27, 17, 199, 168, 62, 65, 29, 141, 70, 135, 191, 136, 166, 86, 43, 109, 140, 83, 145, 199, 66, 154, 146, 197, 128, 22, 136, 176, 176, 16, 64], "q": [5.25894568286181, 104.24999999999997, 81.36611361275922, 20.82585050802766, 0, 47.33051114575629, 50.26927491022722, 27.28078072984564, 61.499999999999986, 19.721046310731786, 103.4973045133181, 37.499999999999986, 96.12896430201346, 0, 114.65270260457393, 58.83445482701651, 0, 86.4278761614433, 30.51229260478471, 107.21577054373671, 14.992590762699349, 0, 55.21271995151518, 0, 7.055336829505575, 23.00788736252042, 101.01832715970569, 82.49999999999997, 107.21577054373671, 81.36611361275922, 0, 0, 52.79110942732593, 54.53750177947301, 0, 6.197443384031024, 24.749999999999996, 10.51789136572362, 57.150008370866594, 148.49999999999994, 58.83445482701651, 147.28015631592888, 89.24999999999997, 112.17372525096152, 41.249999999999986, 104.99999999999997, 14.462100627869978, 29.103264421710495, 23.336571467699283, 73.74957626996918, 0, 20.049730415910652, 49.885176798298815, 28.2213473180223, 16.113352798480662, 5.249999999999999, 45.041955749920284, 0, 0, 69.25806099181291, 173.7376694265748, 14.249999999999995, 1.8592330152093073, 72.16399362084003, 147.74999999999997, 89.24999999999997, 76.22855362358159, 75.554248354705, 123.74999999999996, 17.97258581368997, 0, 40.42814493700017, 2.629472841430905, 15.776837048585431, 24.70042734673048, 45.041955749920284, 86.6936567659756, 83.04574134601572, 0, 44.09585518440985, 6.780509467729935, 47.999999999999986, 0, 0, 39.44209262146357, 13.147364207154526, 50.85382100797452, 0, 171.0919181155102, 0, 102.30238402783084, 16.499999999999996, 0, 57.519718406301045, 0, 53.9177574410699, 38.42414898099235, 41.249999999999986, 30.867098629086893, 71.43528539874394, 97.49999999999997, 46.97924416927169, 83.66548568441883, 124.35031162003577, 0, 0, 23.665255572878145, 34.183146938601766, 30.749999999999993, 0, 0, 98.99999999999999, 94.49999999999997, 10.655086306432755, 94.92713254821909, 43.499999999999986, 0, 54.72839784667734, 81.36611361275922, 75.06992624986714, 72.16399362084003, 19.831818828899276, 17.74894167965861, 0, 33.197094623065176, 24.693678903269515, 0, 18.749999999999993, 72.31720250243215, 34.38686944348753, 12.161311891617936, 141.9886536937997, 136.49999999999997, 50.85382100797452, 79.3272753155971, 0, 60.80655945808968, 17.638342073763937, 17.249999999999996, 0, 77.49153677405641, 108.45525922054291, 126.74999999999997, 0, 2.629472841430905, 51.33814311281237, 34.08593861217064, 0, 0, 20.82585050802766, 4.358898943540672, 57.63433047570445, 37.04051835490427, 11.775142429658946, 11.249999999999996, 40.499999999999986, 68.99999999999999, 31.224989991991997, 57.19103430112219, 0, 0, 50.85382100797452, 50.19929141065129, 121.70456030897117, 0, 125.23222872372396, 80.39746940308352, 10.655086306432755, 112.8853892720892, 16.733097136883764, 8.233475782243493, 96.38009886273265, 81.36611361275922, 20.378414521089518, 57.3246117397328, 17.97258581368997, 105.74999999999997, 43.382103688217164, 83.66548568441883, 62.77866408916286, 119.94072610159479, 146.39823921224067, 28.26683304538223, 32.24999999999999, 96.12896430201346, 67.80509467729935, 0, 127.87798003478855, 96.38009886273265, 49.49999999999999, 0, 0, 95.41145465305694, 42.07156546289448, 0, 84.28523002282192, 155.21741024912265, 155.21741024912265, 5.25894568286181, 47.999999999999986], "B": 3430.1606681017956}, "solution": [0.0, 0.0, 0.0, 0.0, 0.0, 0.0, 0.0, 0.0, 0.0, 0.0, 0.0, 0.0, 0.0, 0.0, 0.0, 0.0, 0.0, 0.0, 0.0, 0.0, 0.0, 0.0, 0.0, 0.0, 0.0, 0.0, 0.0, 0.0, 0.0, 0.0, 0.0, 0.0, 0.0, 0.0, 0.0, 0.0, 0.0, 0.0, 0.0, 1.0, 0.0, 1.0, 0.0, 0.0, 0.0, 0.0, 0.0, 0.0, 0.0, 0.0, 0.0, 0.0, 0.0, 0.0, 0.0, 0.0, 0.0, 0.0, 0.0, 0.0, 1.0, 0.0, 0.0, 0.0, 1.0, 0.0, 0.0, 0.0, 1.0, 0.0, 0.0, 0.0, 0.0, 0.0, 0.0, 0.0, 0.0, 0.0, 0.0, 0.0, 0.0, 0.0, 0.0, 0.0, 0.0, 0.0, 0.0, 0.0, 1.0, 0.0, 0.0, 0.0, 0.0, 0.0, 0.0, 0.0, 0.0, 0.0, 0.0, 0.0, 0.0, 0.0, 0.0, 1.0, 0.0, 0.0, 0.0, 0.0, 0.0, 0.0, 0.0, 0.0, 0.0, 0.0, 0.0, 0.0, 0.0, 0.0, 0.0, 0.0, 0.0, 0.0, 0.0, 0.0, 0.0, 0.0, 0.0, 0.0, 0.0, 0.0, 0.0, 1.0, 1.0, 0.0, 0.0, 0.0, 0.0, 0.0, 0.0, 0.0, 0.0, 0.0, 1.0, 0.0, 0.0, 0.0, 0.0, 0.0, 0.0, 0.0, 0.0, 0.0, 0.0, 0.0, 0.0, 0.0, 0.0, 0.0, 0.0, 0.0, 0.0, 0.0, 0.0, 1.0, 0.0, 1.0, 0.0, 0.0, 0.0, 0.0, 0.0, 0.0, 0.0, 0.0, 0.0, 0.0, 0.0, 0.0, 0.0, 0.0, 0.0, 1.0, 0.0, 0.0, 0.0, 0.0, 0.0, 1.0, 0.0, 0.0, 0.0, 0.0, 0.0, 0.0, 0.0, 0.0, 1.0, 1.0, 0.0, 0.0], "objective_value": 2289.6000000000004, "solve_time": 60.7881498336792}