{"instance": {"c": [150.089, 103.124, 92.801, 160.0, 106.1, 98.561, 88.496, 123.824, 149.524, 94.336, 88.225, 97.889, 105.344, 135.025, 119.284, 89.044, 117.089, 86.384, 130.51600000000002, 87.424, 122.441, 132.001, 154.1, 151.225, 104.969, 96.244, 87.424, 154.681, 106.864, 121.98400000000001, 81.664, 83.68900000000001, 81.025, 143.98399999999998, 118.84100000000001, 133.50400000000002, 119.729, 96.244, 106.864, 108.416, 112.436, 80.201, 90.164, 98.561, 135.536, 110.0, 143.441, 112.025, 101.32900000000001, 91.316, 82.1, 143.98399999999998, 157.616, 109.20400000000001, 128.56400000000002, 120.625, 137.08100000000002, 110.804, 160.0, 98.561, 95.6, 93.104, 120.176, 148.4, 116.656, 90.736, 152.94400000000002, 82.321, 82.1, 114.521, 127.6, 102.761, 106.481, 114.944, 91.316, 134.51600000000002, 135.025, 93.409, 83.456, 81.236, 80.404, 98.561, 88.225, 150.656, 134.51600000000002, 94.336, 120.625, 100.976, 148.4, 81.664, 86.129, 140.225, 114.521, 126.16900000000001, 110.40100000000001, 88.769, 83.456, 98.9, 146.176, 131.50400000000002, 142.9, 106.864, 103.489, 96.244, 140.756, 120.625, 104.596, 129.536, 87.689, 94.025, 155.849, 120.625, 110.804, 82.321, 81.664, 104.596, 127.12100000000001, 127.12100000000001, 93.409, 81.236, 90.736, 110.0, 80.201, 101.684, 126.16900000000001, 134.00900000000001, 135.536, 108.416, 127.6, 102.4, 137.08100000000002, 110.804, 80.816, 80.609, 152.94400000000002, 113.26400000000001, 120.625, 120.625, 83.225, 101.684, 110.0, 86.384, 151.225, 147.841, 83.456, 82.544, 108.416, 82.321, 152.369, 112.849, 80.816, 87.424, 82.996, 106.864, 93.409, 110.0, 104.225, 80.816, 104.225, 120.176, 80.816, 89.881, 86.641, 104.969, 89.044, 82.769, 121.98400000000001, 104.225, 100.276, 97.889, 125.696, 146.176, 111.616, 148.4, 128.08100000000002, 100.276, 122.441, 134.00900000000001, 106.1, 97.556, 112.436, 102.761, 135.536, 122.441, 99.929, 132.001, 130.025, 90.736, 111.209, 134.00900000000001, 141.824, 83.68900000000001, 83.68900000000001, 137.08100000000002, 120.176, 108.025, 97.556, 103.856, 146.72899999999998, 125.225], "p": [183, 82, 51, 200, 90, 69, 36, 132, 182, 56, 35, 67, 88, 155, 122, 38, 117, 28, 146, 32, 129, 149, 190, 185, 87, 62, 32, 191, 92, 128, 8, 17, 5, 172, 121, 152, 123, 62, 92, 96, 106, 1, 42, 69, 156, 100, 171, 105, 77, 46, 10, 172, 196, 98, 142, 125, 159, 102, 200, 69, 60, 52, 124, 180, 116, 44, 188, 11, 10, 111, 140, 81, 91, 112, 46, 154, 155, 53, 16, 6, 2, 69, 35, 184, 154, 56, 125, 76, 180, 8, 27, 165, 111, 137, 101, 37, 16, 70, 176, 148, 170, 92, 83, 62, 166, 125, 86, 144, 33, 55, 193, 125, 102, 11, 8, 86, 139, 139, 53, 6, 44, 100, 1, 78, 137, 153, 156, 96, 140, 80, 159, 102, 4, 3, 188, 108, 125, 125, 15, 78, 100, 28, 185, 179, 16, 12, 96, 11, 187, 107, 4, 32, 14, 92, 53, 100, 85, 4, 85, 124, 4, 41, 29, 87, 38, 13, 128, 85, 74, 67, 136, 176, 104, 180, 141, 74, 129, 153, 90, 66, 106, 81, 156, 129, 73, 149, 145, 44, 103, 153, 168, 17, 17, 159, 124, 95, 66, 84, 177, 135], "q": [60.149191247731956, 26.95209662466678, 24.70042734673048, 176.3834207376394, 79.37253933193772, 22.67920325734156, 26.999999999999993, 116.41305768684198, 88.14662308048915, 27.12203787091974, 0, 22.021835046983828, 77.60870512456133, 75.06992624986714, 75.6088092851785, 33.51284994015148, 38.45604030592698, 17.35284147528687, 47.987879356114014, 15.498307354811281, 62.477551524082976, 72.16399362084003, 142.49999999999994, 114.65270260457393, 65.24999999999999, 0, 19.831818828899276, 143.24999999999997, 81.1363735393141, 0, 7.055336829505575, 10.53565375285274, 3.098721692015512, 0, 90.74999999999997, 49.9599839871872, 59.57161889505586, 46.499999999999986, 81.1363735393141, 31.553674097170862, 51.33814311281237, 0.6197443384031024, 37.04051835490427, 51.749999999999986, 116.99999999999997, 32.86841051788631, 105.9762818669305, 0, 37.29280207251465, 34.49999999999999, 7.499999999999997, 128.99999999999997, 0, 32.21104230752859, 46.673142935398566, 93.74999999999997, 140.2248194864233, 63.21392251711645, 96.86442096757051, 0, 0, 17.091573469300883, 109.35772085733642, 0, 71.89034325475988, 14.462100627869978, 140.99999999999994, 8.249999999999998, 4.843221048378526, 97.89279850938986, 123.46839451634757, 0, 44.073311540244575, 98.77471561307806, 0, 135.81523396798232, 96.06037245248086, 46.741606495474436, 0, 3.7184660304186146, 1.7638342073763937, 0, 26.249999999999993, 137.99999999999997, 0, 34.70568295057374, 93.74999999999997, 36.808479967676796, 87.17797887081346, 0, 0, 79.91314729824566, 97.89279850938986, 0, 75.74999999999999, 27.749999999999993, 11.999999999999996, 52.499999999999986, 131.99999999999997, 91.72216208365916, 0, 68.99999999999999, 40.19873470154176, 54.67886042866821, 80.39746940308352, 93.74999999999997, 28.26683304538223, 47.33051114575629, 10.846575470902483, 34.08593861217064, 170.21000101182202, 93.74999999999997, 76.49999999999999, 9.701088140570166, 3.8745768387028203, 28.26683304538223, 67.32077257246151, 122.58647741265936, 25.669071556406184, 0, 21.31017261286551, 88.1917103688197, 0, 0, 120.82264320528297, 74.10128204019144, 51.27472040790265, 71.99999999999999, 104.99999999999997, 38.74576838702821, 119.24999999999997, 89.95554457619608, 1.9372884193514102, 1.4529663145135576, 116.51193561978324, 0, 77.4680423003878, 110.23963796102463, 7.264831572567787, 68.78953408767936, 74.99999999999997, 20.999999999999996, 0, 110.93423657415532, 14.11067365901115, 3.944209262146358, 31.553674097170862, 9.701088140570166, 115.89219128138014, 80.24999999999999, 1.9372884193514102, 10.51789136572362, 8.676420737643435, 57.01647913308542, 0, 0, 0, 1.3147364207154526, 41.16737891121746, 40.756829042179035, 2.999999999999999, 36.158601251216076, 25.57559600695771, 0, 12.4899959967968, 6.296187362892082, 42.07156546289448, 27.938148940203366, 24.322623783235873, 0, 119.94072610159479, 0, 91.71937878357248, 134.99999999999994, 105.74999999999997, 45.86108104182958, 96.74999999999997, 134.93331686429414, 29.581569466097683, 49.49999999999999, 65.69289987072885, 60.74999999999998, 96.68011679088397, 113.76730637577741, 45.24133670342648, 111.74999999999997, 108.74999999999997, 0, 63.83366685551955, 50.28866809236606, 0, 5.587629788040674, 0, 140.2248194864233, 40.756829042179035, 0, 21.693150941804966, 40.68305680637961, 132.74999999999997, 119.05880899790658], "B": 3527.2151379021007}, "solution": [0.0, 0.0, 0.0, 1.0, 0.0, 0.0, 0.0, 0.0, 0.0, 0.0, 0.0, 0.0, 0.0, 0.0, 0.0, 0.0, 0.0, 0.0, 0.0, 0.0, 0.0, 0.0, 1.0, 0.0, 0.0, 0.0, 0.0, 1.0, 0.0, 0.0, 0.0, 0.0, 0.0, 0.0, 0.0, 0.0, 0.0, 0.0, 0.0, 0.0, 0.0, 0.0, 0.0, 0.0, 0.0, 0.0, 0.0, 0.0, 0.0, 0.0, 0.0, 1.0, 0.0, 0.0, 0.0, 0.0, 1.0, 0.0, 0.0, 0.0, 0.0, 0.0, 0.0, 0.0, 0.0, 0.0, 1.0, 0.0, 0.0, 0.0, 1.0, 0.0, 0.0, 0.0, 0.0, 1.0, 0.0, 0.0, 0.0, 0.0, 0.0, 0.0, 0.0, 1.0, 0.0, 0.0, 0.0, 0.0, 0.0, 0.0, 0.0, 0.0, 0.0, 0.0, 0.0, 0.0, 0.0, 0.0, 1.0, 0.0, 0.0, 0.0, 0.0, 0.0, 0.0, 0.0, 0.0, 0.0, 0.0, 0.0, 1.0, 0.0, 0.0, 0.0, 0.0, 0.0, 0.0, 1.0, 0.0, 0.0, 0.0, 0.0, 0.0, 0.0, 0.0, 0.0, 0.0, 0.0, 0.0, 0.0, 0.0, 0.0, 0.0, 0.0, 0.0, 0.0, 0.0, 0.0, 0.0, 0.0, 0.0, 0.0, 0.0, 0.0, 0.0, 0.0, 0.0, 0.0, 0.0, 0.0, 0.0, 0.0, 0.0, 0.0, 0.0, 0.0, 0.0, 0.0, 0.0, 0.0, 0.0, 0.0, 0.0, 0.0, 0.0, 0.0, 0.0, 0.0, 0.0, 0.0, 0.0, 0.0, 0.0, 1.0, 0.0, 0.0, 0.0, 1.0, 0.0, 0.0, 0.0, 0.0, 0.0, 0.0, 0.0, 0.0, 0.0, 0.0, 0.0, 0.0, 0.0, 0.0, 0.0, 1.0, 0.0, 0.0, 0.0, 0.0, 1.0, 0.0], "objective_value": 2310.927, "solve_time": 13.683866739273071}