{"instance": {"c": [141.824, 117.961, 80.816, 139.16899999999998, 138.644, 93.409, 131.00900000000001, 114.521, 111.616, 102.041, 87.689, 121.076, 150.089, 135.536, 140.225, 84.4, 86.9, 104.596, 86.9, 91.316, 91.904, 82.1, 120.625, 132.5, 146.176, 122.9, 97.556, 86.129, 80.609, 157.616, 137.08100000000002, 81.449, 121.98400000000001, 111.209, 80.609, 107.636, 144.529, 136.56400000000002, 148.4, 142.9, 88.496, 104.969, 123.824, 127.12100000000001, 93.409, 81.881, 142.361, 144.529, 131.00900000000001, 120.176, 86.129, 99.241, 140.756, 130.51600000000002, 131.00900000000001, 108.025, 80.201, 115.79599999999999, 111.616, 101.684, 148.961, 88.225, 89.6, 143.98399999999998, 154.1, 149.524, 102.761, 105.721, 107.636, 129.536, 83.68900000000001, 93.409, 150.656, 91.904, 129.049, 119.729, 95.6, 81.664, 156.436, 121.529, 141.824, 154.1, 80.201, 97.225, 102.041, 91.904, 83.924, 138.121, 101.684, 87.956, 147.284, 111.616, 121.98400000000001, 83.924, 138.644, 109.601, 95.921, 148.961, 125.696, 108.809, 105.344, 118.4, 121.98400000000001, 84.4, 136.049, 121.98400000000001, 156.436, 83.456, 139.16899999999998, 130.025, 92.5, 154.1, 114.1, 81.449, 91.025, 114.521, 89.044, 112.436, 109.601, 154.1, 140.756, 126.644, 138.644, 95.6, 157.616, 106.1, 144.529, 95.281, 157.025, 110.40100000000001, 146.72899999999998, 89.321, 112.025, 97.889, 115.369, 103.489, 132.5, 124.289, 132.001, 121.076, 95.281, 121.98400000000001, 105.721, 98.561, 154.681, 81.664, 119.284, 84.161, 100.976, 103.124, 84.641, 137.08100000000002, 129.536, 121.529, 158.209, 160.0, 87.956, 120.625, 94.964, 119.284, 97.225, 108.809, 98.224, 94.336, 141.824, 80.609, 96.569, 86.384, 156.436, 119.284, 147.841, 154.1, 155.264, 95.6, 86.641, 111.616, 90.449, 106.481, 128.08100000000002, 104.225, 158.804, 155.849, 123.824, 146.176, 124.756, 135.536, 91.904, 110.40100000000001, 133.50400000000002, 85.129, 99.929, 104.969, 99.241, 94.025, 123.361, 83.924, 147.841, 102.041, 112.849, 153.52100000000002], "p": [168, 119, 4, 163, 162, 53, 147, 111, 104, 79, 33, 126, 183, 156, 165, 20, 30, 86, 30, 46, 48, 10, 125, 150, 176, 130, 66, 27, 3, 196, 159, 7, 128, 103, 3, 94, 173, 158, 180, 170, 36, 87, 132, 139, 53, 9, 169, 173, 147, 124, 27, 71, 166, 146, 147, 95, 1, 114, 104, 78, 181, 35, 40, 172, 190, 182, 81, 89, 94, 144, 17, 53, 184, 48, 143, 123, 60, 8, 194, 127, 168, 190, 1, 65, 79, 48, 18, 161, 78, 34, 178, 104, 128, 18, 162, 99, 61, 181, 136, 97, 88, 120, 128, 20, 157, 128, 194, 16, 163, 145, 50, 190, 110, 7, 45, 111, 38, 106, 99, 190, 166, 138, 162, 60, 196, 90, 173, 59, 195, 101, 177, 39, 105, 67, 113, 83, 150, 133, 149, 126, 59, 128, 89, 69, 191, 8, 122, 19, 76, 82, 21, 159, 144, 127, 197, 200, 34, 125, 58, 122, 65, 97, 68, 56, 168, 3, 63, 28, 194, 122, 179, 190, 192, 60, 29, 104, 43, 91, 141, 85, 198, 193, 132, 176, 134, 156, 48, 101, 152, 23, 73, 87, 71, 55, 131, 18, 179, 79, 107, 189], "q": [55.21892967004901, 57.63433047570445, 1.9372884193514102, 78.94450308856996, 0, 17.420257574479745, 129.64181424216494, 0, 91.71937878357248, 0, 20.45156316730238, 78.0877866387909, 60.149191247731956, 116.99999999999997, 54.232877354512425, 6.573682103577263, 0, 75.84487091718493, 0, 0, 15.776837048585431, 4.843221048378526, 41.085513147357894, 72.64831572567788, 109.07500355894602, 114.6492234794656, 40.90312633460476, 23.811761799581316, 2.2499999999999996, 64.42208461505717, 0, 5.249999999999999, 79.3272753155971, 90.83746167988427, 0, 45.526277854758135, 152.57165893805805, 118.49999999999997, 111.55398091255843, 0, 26.999999999999993, 42.136023120893164, 43.38630188360993, 0, 25.669071556406184, 6.749999999999998, 0, 56.86235019594332, 0, 109.35772085733642, 16.733097136883764, 34.38686944348753, 124.49999999999997, 47.987879356114014, 48.31656346129288, 0, 0.8819171036881969, 37.4699879903904, 91.71937878357248, 48.340058395441986, 159.62699576756364, 16.951273669324838, 35.276684147527874, 83.30340203211064, 92.02119991919197, 112.79346958936463, 50.19929141065129, 55.15724611787611, 82.90020774669051, 69.74238309665076, 8.233475782243493, 39.74999999999999, 137.99999999999997, 42.33202097703345, 126.11414582741214, 59.57161889505586, 19.721046310731786, 3.8745768387028203, 120.23040165020187, 41.74288135771562, 148.1620734196171, 62.449979983983994, 0.32868410517886315, 48.749999999999986, 48.95980273384509, 35.99999999999999, 8.717797887081344, 141.9886536937997, 25.637360203951324, 29.985181525398698, 156.98124445649904, 50.36949890313666, 112.8853892720892, 15.874507866387544, 100.39858282130258, 32.53972641270745, 0, 112.17372525096152, 119.94072610159479, 0, 0, 74.36932060837229, 0, 6.573682103577263, 97.29986112928707, 61.993229419245125, 0, 5.25894568286181, 0, 127.87798003478855, 24.216105241892627, 92.02119991919197, 97.01088140570165, 2.3007887362520423, 14.790784733048842, 83.24999999999997, 0, 93.48321299094887, 61.35468950190714, 62.449979983983994, 54.56156145969128, 45.35840651468312, 53.24682503897583, 0, 0, 55.776990456279215, 129.74999999999997, 0, 146.24999999999994, 89.0736274725079, 156.09932735281086, 34.39476704383968, 50.85382100797452, 32.449581024136116, 37.141303885211535, 40.19873470154176, 112.49999999999997, 99.74999999999997, 48.973931671650604, 94.49999999999997, 36.564915965783044, 0, 29.25288536091882, 22.67920325734156, 118.37116863499256, 2.629472841430905, 59.087296790218005, 11.775142429658946, 67.02569988030297, 61.499999999999986, 6.902366208756126, 98.53934980609328, 107.99999999999997, 112.003472168401, 147.74999999999997, 0, 21.07130750570548, 0, 51.15119201391542, 91.49999999999999, 21.364466836626104, 72.74999999999999, 22.350519152162697, 18.406309890016338, 55.21892967004901, 0.9860523155365895, 47.249999999999986, 20.999999999999996, 0, 59.087296790218005, 110.93423657415532, 62.449979983983994, 0, 52.91502622129181, 25.57559600695771, 0, 20.82585050802766, 44.073311540244575, 68.28941678213721, 74.96295381349674, 65.0794528254149, 144.74999999999994, 98.99999999999999, 155.21741024912265, 64.89916204827223, 0, 29.747728243348917, 89.0736274725079, 73.61695993535359, 20.284093384828527, 45.24133670342648, 65.24999999999999, 0, 41.249999999999986, 115.53114058315379, 15.874507866387544, 86.6936567659756, 38.26144628219035, 66.31264420913196, 117.13167995818634], "B": 8384.139671940851}, "solution": [0.0, 0.0, 0.0, 0.0, 0.0, 0.0, 1.0, 0.0, 0.0, 0.0, 0.0, 0.0, 0.0, 1.0, 0.0, 0.0, 0.0, 0.0, 0.0, 0.0, 0.0, 0.0, 0.0, 0.0, 1.0, 1.0, 0.0, 0.0, 0.0, 0.0, 0.0, 0.0, 0.0, 0.0, 0.0, 0.0, 1.0, 1.0, 1.0, 0.0, 0.0, 0.0, 0.0, 0.0, 0.0, 0.0, 0.0, 0.0, 0.0, 1.0, 0.0, 0.0, 1.0, 0.0, 0.0, 0.0, 0.0, 0.0, 0.0, 0.0, 1.0, 0.0, 0.0, 0.0, 1.0, 1.0, 0.0, 0.0, 0.0, 0.0, 0.0, 0.0, 1.0, 0.0, 1.0, 0.0, 0.0, 0.0, 1.0, 0.0, 1.0, 0.0, 0.0, 0.0, 0.0, 0.0, 0.0, 1.0, 0.0, 0.0, 1.0, 0.0, 1.0, 0.0, 1.0, 0.0, 0.0, 1.0, 1.0, 0.0, 0.0, 0.0, 0.0, 0.0, 1.0, 0.0, 0.0, 0.0, 0.0, 1.0, 0.0, 1.0, 0.0, 0.0, 0.0, 0.0, 0.0, 0.0, 0.0, 0.0, 0.0, 0.0, 0.0, 0.0, 0.0, 0.0, 1.0, 0.0, 1.0, 0.0, 1.0, 0.0, 0.0, 0.0, 0.0, 0.0, 1.0, 1.0, 0.0, 0.0, 0.0, 0.0, 0.0, 0.0, 1.0, 0.0, 0.0, 0.0, 0.0, 0.0, 0.0, 1.0, 1.0, 1.0, 1.0, 0.0, 0.0, 0.0, 0.0, 0.0, 0.0, 0.0, 0.0, 0.0, 0.0, 0.0, 0.0, 0.0, 0.0, 0.0, 1.0, 0.0, 0.0, 0.0, 0.0, 0.0, 0.0, 0.0, 0.0, 0.0, 0.0, 1.0, 1.0, 1.0, 0.0, 0.0, 0.0, 0.0, 0.0, 0.0, 0.0, 0.0, 0.0, 0.0, 1.0, 0.0, 0.0, 0.0, 0.0, 1.0], "objective_value": 5754.14, "solve_time": 12.396537780761719}