{"instance": {"c": [106.481, 124.756, 133.001, 111.616, 110.804, 139.16899999999998, 148.4, 105.721, 124.289, 98.561, 142.361, 84.4, 110.804, 85.876, 86.9, 116.225, 151.796, 105.344, 144.529, 80.816, 92.201, 133.001, 87.689, 86.641, 93.71600000000001, 112.436, 119.729, 84.641, 112.436, 102.761, 86.129, 136.56400000000002, 83.456, 103.489, 114.521, 85.625, 155.264, 93.409, 129.049, 129.049, 93.104, 127.6, 83.924, 95.6, 115.369, 133.50400000000002, 105.721, 85.876, 145.625, 142.361, 97.225, 89.044, 135.536, 88.496, 88.225, 137.08100000000002, 100.625, 104.225, 84.641, 158.209, 107.636, 120.176, 149.524, 151.796, 127.12100000000001, 157.616, 152.94400000000002, 135.025, 152.94400000000002, 120.625, 81.025, 91.025, 82.769, 110.804, 114.1, 124.289, 112.436, 98.224, 97.225, 116.656, 133.50400000000002, 104.225, 142.361, 97.225, 134.51600000000002, 99.241, 100.625, 115.369, 125.225, 156.436, 113.26400000000001, 86.384, 130.51600000000002, 150.656, 158.209, 90.736, 84.641, 93.71600000000001, 155.849, 116.225, 122.441, 131.00900000000001, 141.824, 90.449, 96.896, 145.625, 99.241, 82.996, 136.049, 94.336, 86.641, 117.089, 128.08100000000002, 82.996, 154.681, 108.809, 160.0, 145.625, 132.001, 114.1, 147.841, 116.656, 158.804, 93.71600000000001, 125.696, 148.4, 102.761, 92.201, 148.4, 95.921, 139.696, 135.025, 138.121, 106.1, 89.321, 89.881, 112.849, 110.0, 116.225, 112.436, 132.5, 119.729, 119.729, 154.1, 131.00900000000001, 129.536, 112.025, 112.849, 91.025, 114.521, 104.225, 151.796, 124.289, 136.049, 147.284, 159.401, 157.616, 121.98400000000001, 84.641, 89.881, 124.756, 146.176, 80.816, 119.284, 150.089, 119.284, 142.9, 84.641, 116.656, 93.409, 91.609, 92.801, 123.361, 80.201, 158.209, 99.584, 155.264, 137.6, 104.596, 87.689, 99.929, 123.824, 81.236, 122.9, 95.6, 155.264, 132.5, 95.6, 92.801, 110.804, 91.316, 121.076, 142.9, 82.769, 85.876, 92.801, 129.049, 130.51600000000002, 151.796, 89.044], "p": [91, 134, 151, 104, 102, 163, 180, 89, 133, 69, 169, 20, 102, 26, 30, 115, 186, 88, 173, 4, 49, 151, 33, 29, 54, 106, 123, 21, 106, 81, 27, 158, 16, 83, 111, 25, 192, 53, 143, 143, 52, 140, 18, 60, 113, 152, 89, 26, 175, 169, 65, 38, 156, 36, 35, 159, 75, 85, 21, 197, 94, 124, 182, 186, 139, 196, 188, 155, 188, 125, 5, 45, 13, 102, 110, 133, 106, 68, 65, 116, 152, 85, 169, 65, 154, 71, 75, 113, 135, 194, 108, 28, 146, 184, 197, 44, 21, 54, 193, 115, 129, 147, 168, 43, 64, 175, 71, 14, 157, 56, 29, 117, 141, 14, 191, 97, 200, 175, 149, 110, 179, 116, 198, 54, 136, 180, 81, 49, 180, 61, 164, 155, 161, 90, 39, 41, 107, 100, 115, 106, 150, 123, 123, 190, 147, 144, 105, 107, 45, 111, 85, 186, 133, 157, 178, 199, 196, 128, 21, 41, 134, 176, 4, 122, 183, 122, 170, 21, 116, 53, 47, 51, 131, 1, 197, 72, 192, 160, 86, 33, 73, 132, 6, 130, 60, 192, 150, 60, 51, 102, 46, 126, 170, 13, 26, 51, 143, 146, 186, 38], "q": [29.910253571276545, 100.49999999999997, 73.13263783051572, 64.45341119392265, 0, 53.57550914415469, 0, 78.49062222824952, 99.74999999999997, 0, 81.85043571759708, 12.394886768062047, 33.52577872824404, 19.499999999999993, 18.592330152093073, 55.69704205635304, 0, 65.99999999999999, 83.78772413694848, 1.3147364207154526, 23.731783137054773, 113.24999999999997, 0, 0, 0, 65.69289987072885, 76.22855362358159, 0, 93.48321299094887, 26.623412519487914, 16.733097136883764, 97.91960546769018, 11.999999999999996, 51.438780087457495, 83.24999999999997, 15.49360846007756, 63.107348194341725, 46.741606495474436, 126.11414582741214, 107.24999999999997, 17.091573469300883, 123.46839451634757, 5.916313893219536, 37.184660304186146, 84.74999999999997, 94.20113943727156, 66.74999999999999, 0, 84.7563683466242, 104.7367931901243, 31.480936814460414, 0, 116.99999999999997, 31.74901573277509, 21.691051844108582, 77.00721466921854, 0, 74.96295381349674, 6.902366208756126, 95.41145465305694, 30.896305886813135, 60.05594099989371, 0, 115.27244694297704, 104.24999999999997, 146.99999999999997, 116.51193561978324, 75.06992624986714, 165.80041549338102, 41.085513147357894, 1.6434205258943158, 21.794494717703365, 9.749999999999996, 76.49999999999999, 82.49999999999997, 43.7149859887888, 79.49999999999999, 42.14261501141096, 31.480936814460414, 38.127356200748125, 113.99999999999996, 27.938148940203366, 126.74999999999997, 21.364466836626104, 50.617352197544925, 23.336571467699283, 0, 54.72839784667734, 0, 145.49999999999997, 0, 24.693678903269515, 90.48267340685295, 137.99999999999997, 0, 38.80435256228066, 10.170764201594903, 47.62352359916263, 119.61065731179878, 101.42046692414264, 42.40024956807334, 71.19534941116432, 148.1620734196171, 20.82585050802766, 39.66363765779855, 0, 0, 0, 0, 41.99999999999999, 0, 87.74999999999999, 68.28941678213721, 8.676420737643435, 143.24999999999997, 46.97924416927169, 176.3834207376394, 0, 92.34190642206225, 97.01088140570165, 58.83445482701651, 71.89034325475988, 0, 17.74894167965861, 101.99999999999997, 134.99999999999994, 71.43528539874394, 0, 0, 37.80440464258925, 144.6344050048643, 136.6971510716705, 120.74999999999997, 79.37253933193772, 12.818680101975662, 36.158601251216076, 35.16919925413836, 61.97443384031024, 101.42046692414264, 0, 72.64831572567788, 108.47580375364822, 76.22855362358159, 0, 48.31656346129288, 0, 92.60129588726068, 51.82246521765022, 14.790784733048842, 0, 0, 139.49999999999997, 99.74999999999997, 51.603404513081514, 58.50577072183764, 149.24999999999997, 64.42208461505717, 61.993229419245125, 0, 0, 83.04574134601572, 109.07500355894602, 1.3147364207154526, 107.59388664996003, 60.149191247731956, 0, 127.49999999999996, 10.170764201594903, 86.99999999999997, 0, 15.448152943406567, 44.97777228809804, 115.53114058315379, 0.8819171036881969, 64.75076872023604, 44.621592365023375, 169.3280839081338, 141.1067365901115, 41.65170101605532, 24.749999999999996, 35.355513653163236, 98.99999999999999, 5.291502622129181, 62.96187362892083, 52.91502622129181, 118.99091297339567, 132.28756555322954, 19.721046310731786, 44.97777228809804, 33.52577872824404, 28.50823956654271, 111.12155506471281, 127.49999999999996, 9.749999999999996, 16.113352798480662, 31.606961258558226, 69.25806099181291, 109.49999999999997, 90.08391149984057, 12.4899959967968], "B": 7826.072528914216}, "solution": [0.0, 0.0, 0.0, 0.0, 0.0, 0.0, 0.0, 0.0, 0.0, 0.0, 0.0, 0.0, 0.0, 0.0, 0.0, 0.0, 0.0, 0.0, 0.0, 0.0, 0.0, 1.0, 0.0, 0.0, 0.0, 0.0, 0.0, 0.0, 0.0, 0.0, 0.0, 0.0, 0.0, 0.0, 0.0, 0.0, 0.0, 0.0, 1.0, 1.0, 0.0, 1.0, 0.0, 0.0, 0.0, 0.0, 0.0, 0.0, 0.0, 1.0, 0.0, 0.0, 1.0, 0.0, 0.0, 0.0, 0.0, 0.0, 0.0, 1.0, 0.0, 0.0, 0.0, 1.0, 1.0, 1.0, 1.0, 0.0, 1.0, 0.0, 0.0, 0.0, 0.0, 0.0, 0.0, 0.0, 0.0, 0.0, 0.0, 0.0, 1.0, 0.0, 1.0, 0.0, 0.0, 0.0, 0.0, 0.0, 0.0, 1.0, 0.0, 0.0, 0.0, 1.0, 0.0, 0.0, 0.0, 0.0, 1.0, 0.0, 0.0, 0.0, 1.0, 0.0, 0.0, 0.0, 0.0, 0.0, 0.0, 0.0, 0.0, 0.0, 0.0, 0.0, 1.0, 0.0, 1.0, 0.0, 0.0, 0.0, 0.0, 0.0, 0.0, 0.0, 0.0, 1.0, 0.0, 0.0, 0.0, 0.0, 1.0, 1.0, 1.0, 0.0, 0.0, 0.0, 0.0, 0.0, 0.0, 0.0, 0.0, 1.0, 0.0, 0.0, 0.0, 0.0, 0.0, 0.0, 0.0, 0.0, 0.0, 1.0, 0.0, 0.0, 0.0, 1.0, 0.0, 0.0, 0.0, 0.0, 0.0, 1.0, 0.0, 0.0, 0.0, 0.0, 1.0, 0.0, 0.0, 0.0, 0.0, 0.0, 1.0, 0.0, 0.0, 0.0, 1.0, 1.0, 0.0, 0.0, 0.0, 0.0, 0.0, 0.0, 0.0, 1.0, 1.0, 0.0, 0.0, 0.0, 0.0, 1.0, 1.0, 0.0, 0.0, 0.0, 0.0, 1.0, 0.0, 0.0], "objective_value": 5272.262, "solve_time": 13.199753284454346}